src_user,n_events,n_distinct_hosts,n_remote_logons,remote_ratio,is_anomalous,anomaly_score
ANONYMOUS LOGON@C1065,45,1,0,0.0,True,-0.10819811430473258
ANONYMOUS LOGON@C1208,4,1,0,0.0,False,0.17867062809301132
ANONYMOUS LOGON@C1529,1,1,0,0.0,False,0.1599738668733292
ANONYMOUS LOGON@C1624,2,1,0,0.0,False,0.1641316363781049
ANONYMOUS LOGON@C1628,1,1,0,0.0,False,0.1599738668733292
ANONYMOUS LOGON@C1641,1,1,0,0.0,False,0.1599738668733292
ANONYMOUS LOGON@C1672,1,1,0,0.0,False,0.1599738668733292
ANONYMOUS LOGON@C1697,3,1,0,0.0,False,0.14362845818167014
ANONYMOUS LOGON@C1715,3,1,0,0.0,False,0.14362845818167014
ANONYMOUS LOGON@C1719,1,1,0,0.0,False,0.1599738668733292
ANONYMOUS LOGON@C1759,2,1,0,0.0,False,0.1641316363781049
ANONYMOUS LOGON@C1763,1,1,0,0.0,False,0.1599738668733292
ANONYMOUS LOGON@C1767,2,1,0,0.0,False,0.1641316363781049
ANONYMOUS LOGON@C1770,1,1,0,0.0,False,0.1599738668733292
ANONYMOUS LOGON@C1786,1,1,0,0.0,False,0.1599738668733292
ANONYMOUS LOGON@C1909,39,1,0,0.0,True,-0.09793195404964672
ANONYMOUS LOGON@C1928,1,1,0,0.0,False,0.1599738668733292
ANONYMOUS LOGON@C1971,3,1,0,0.0,False,0.14362845818167014
ANONYMOUS LOGON@C1972,4,1,0,0.0,False,0.17867062809301132
ANONYMOUS LOGON@C2021,1,1,0,0.0,False,0.1599738668733292
ANONYMOUS LOGON@C2043,1,1,0,0.0,False,0.1599738668733292
ANONYMOUS LOGON@C2106,24,1,0,0.0,True,-0.05886444298118265
ANONYMOUS LOGON@C2148,1,1,0,0.0,False,0.1599738668733292
ANONYMOUS LOGON@C2149,2,1,0,0.0,False,0.1641316363781049
ANONYMOUS LOGON@C2235,5,1,0,0.0,False,0.11620316768869854
ANONYMOUS LOGON@C2463,1,1,0,0.0,False,0.1599738668733292
ANONYMOUS LOGON@C2606,28,1,0,0.0,True,-0.0721682254450543
ANONYMOUS LOGON@C2626,1,1,0,0.0,False,0.1599738668733292
ANONYMOUS LOGON@C2634,2,1,0,0.0,False,0.1641316363781049
ANONYMOUS LOGON@C2645,2,1,0,0.0,False,0.1641316363781049
ANONYMOUS LOGON@C2651,9,1,0,0.0,False,0.033081276846484875
ANONYMOUS LOGON@C2679,2,1,0,0.0,False,0.1641316363781049
ANONYMOUS LOGON@C2719,1,1,0,0.0,False,0.1599738668733292
ANONYMOUS LOGON@C2743,7,1,0,0.0,False,0.05313022515510851
ANONYMOUS LOGON@C2881,2,1,0,0.0,False,0.1641316363781049
ANONYMOUS LOGON@C2918,1,1,0,0.0,False,0.1599738668733292
ANONYMOUS LOGON@C2925,1,1,0,0.0,False,0.1599738668733292
ANONYMOUS LOGON@C3007,1,1,0,0.0,False,0.1599738668733292
ANONYMOUS LOGON@C3072,1,1,0,0.0,False,0.1599738668733292
ANONYMOUS LOGON@C3244,2,1,0,0.0,False,0.1641316363781049
ANONYMOUS LOGON@C3300,1,1,0,0.0,False,0.1599738668733292
ANONYMOUS LOGON@C3741,1,1,0,0.0,False,0.1599738668733292
ANONYMOUS LOGON@C3894,1,1,0,0.0,False,0.1599738668733292
ANONYMOUS LOGON@C4096,1,1,0,0.0,False,0.1599738668733292
ANONYMOUS LOGON@C4289,1,1,0,0.0,False,0.1599738668733292
ANONYMOUS LOGON@C457,98,1,0,0.0,True,-0.16491865006218231
ANONYMOUS LOGON@C46,13,1,0,0.0,True,-0.01725691137317764
ANONYMOUS LOGON@C466,1,1,0,0.0,False,0.1599738668733292
ANONYMOUS LOGON@C467,86,1,0,0.0,True,-0.15871833528968415
ANONYMOUS LOGON@C528,25,1,0,0.0,True,-0.06218107199450207
ANONYMOUS LOGON@C529,77,1,0,0.0,True,-0.1502228206948536
ANONYMOUS LOGON@C585,1,1,0,0.0,False,0.1599738668733292
ANONYMOUS LOGON@C586,847,1,0,0.0,True,-0.2709737491035976
ANONYMOUS LOGON@C5919,61,1,0,0.0,True,-0.11623431786005267
ANONYMOUS LOGON@C612,72,1,0,0.0,True,-0.14834893795722714
ANONYMOUS LOGON@C625,38,1,0,0.0,True,-0.09663209687246543
ANONYMOUS LOGON@C743,7,1,0,0.0,False,0.05313022515510851
C1$@DOM1,4,1,0,0.0,False,0.17867062809301132
C100$@DOM1,6,2,0,0.0,False,0.1410052412851024
C1000$@DOM1,2,1,0,0.0,False,0.1641316363781049
C1001$@DOM1,5,2,0,0.0,False,0.15863824954069683
C1002$@DOM1,5,2,0,0.0,False,0.15863824954069683
C1004$@DOM1,30,6,0,0.0,False,0.010084875939083915
C1005$@DOM1,4,1,0,0.0,False,0.17867062809301132
C1008$@DOM1,19,3,0,0.0,False,0.04320735631159084
C1009$@DOM1,6,2,0,0.0,False,0.1410052412851024
C101$@DOM1,195,13,0,0.0,True,-0.25469629103765623
C1011$@DOM1,1,1,0,0.0,False,0.1599738668733292
C1012$@DOM1,8,3,0,0.0,False,0.07222243997980987
C1014$@DOM1,1,1,0,0.0,False,0.1599738668733292
C1015$@DOM1,36,7,0,0.0,True,-0.04946101276089543
C1016$@DOM1,1,1,0,0.0,False,0.1599738668733292
C1017$@DOM1,5,2,0,0.0,False,0.15863824954069683
C1018$@DOM1,1,1,0,0.0,False,0.1599738668733292
C1019$@DOM1,7,2,0,0.0,False,0.11426715145421151
C102$@DOM1,29,5,0,0.0,False,0.04123469880352604
C1020$@DOM1,5,2,0,0.0,False,0.15863824954069683
C1021$@DOM1,5,2,0,0.0,False,0.15863824954069683
C1022$@DOM1,4,1,0,0.0,False,0.17867062809301132
C1023$@DOM1,1,1,0,0.0,False,0.1599738668733292
C1024$@DOM1,1,1,0,0.0,False,0.1599738668733292
C1025$@DOM1,38,3,0,0.0,True,-0.024686555507140273
C1026$@DOM1,32,5,0,0.0,False,0.03102753123536295
C1027$@DOM1,1,1,0,0.0,False,0.1599738668733292
C1028$@DOM1,1,1,0,0.0,False,0.1599738668733292
C1029$@DOM1,5,2,0,0.0,False,0.15863824954069683
C1030$@DOM1,5,2,0,0.0,False,0.15863824954069683
C1031$@DOM1,4,2,0,0.0,False,0.13662129930338773
C1032$@DOM1,3,2,0,0.0,False,0.11860981593634684
C1033$@DOM1,10,3,0,0.0,False,0.07965672206982632
C1034$@DOM1,5,2,0,0.0,False,0.15863824954069683
C1035$@DOM1,21,2,0,0.0,False,0.009692283822181902
C1037$@DOM1,5,2,0,0.0,False,0.15863824954069683
C1038$@DOM1,7,2,0,0.0,False,0.11426715145421151
C1039$@DOM1,6,2,0,0.0,False,0.1410052412851024
C104$@DOM1,622,15,0,0.0,True,-0.3047019168847034
C1040$@DOM1,1,1,0,0.0,False,0.1599738668733292
C1041$@DOM1,9,3,0,0.0,False,0.07470552879155357
C1042$@DOM1,19,3,0,0.0,False,0.04320735631159084
C1043$@DOM1,7,3,0,0.0,False,0.0598494419819216
C1044$@DOM1,5,2,0,0.0,False,0.15863824954069683
C1045$@DOM1,7,2,0,0.0,False,0.11426715145421151
C1046$@DOM1,17,4,0,0.0,False,0.05304125927911557
C1047$@DOM1,6,2,0,0.0,False,0.1410052412851024
C1048$@DOM1,10,3,0,0.0,False,0.07965672206982632
C1049$@DOM1,1,1,0,0.0,False,0.1599738668733292
C1050$@DOM1,23,4,0,0.0,False,0.04178438789915273
C1051$@DOM1,1,1,0,0.0,False,0.1599738668733292
C1052$@DOM1,1,1,0,0.0,False,0.1599738668733292
C1053$@DOM1,5,2,0,0.0,False,0.15863824954069683
C1054$@DOM1,1,1,0,0.0,False,0.1599738668733292
C1055$@DOM1,1,1,0,0.0,False,0.1599738668733292
C1058$@DOM1,2,1,0,0.0,False,0.1641316363781049
C1059$@DOM1,27,6,0,0.0,False,0.0067860526497032225
C106$@DOM1,1,1,0,0.0,False,0.1599738668733292
C1060$@DOM1,5,2,0,0.0,False,0.15863824954069683
C1062$@DOM1,11,4,0,0.0,False,0.024361885690953766
C1063$@DOM1,4,2,0,0.0,False,0.13662129930338773
C1064$@DOM1,1,1,0,0.0,False,0.1599738668733292
C1065$@DOM1,488,5,0,0.0,True,-0.25937605155648547
C1067$@DOM1,13,3,0,0.0,False,0.06769696623732013
C1068$@DOM1,10,2,0,0.0,False,0.08211227830702306
C1069$@DOM1,4,2,0,0.0,False,0.13662129930338773
C107$@DOM1,1,1,0,0.0,False,0.1599738668733292
C1070$@DOM1,6,2,0,0.0,False,0.1410052412851024
C1071$@DOM1,5,2,0,0.0,False,0.15863824954069683
C1072$@DOM1,1,1,0,0.0,False,0.1599738668733292
C1073$@DOM1,5,2,0,0.0,False,0.15863824954069683
C1074$@DOM1,5,2,0,0.0,False,0.15863824954069683
C1076$@DOM1,2,2,0,0.0,False,0.06768444225637532
C1077$@DOM1,6,2,0,0.0,False,0.1410052412851024
C1078$@DOM1,1,1,0,0.0,False,0.1599738668733292
C1079$@DOM1,1,1,0,0.0,False,0.1599738668733292
C108$@DOM1,4,1,0,0.0,False,0.17867062809301132
C1081$@DOM1,4,2,0,0.0,False,0.13662129930338773
C1082$@DOM1,5,2,0,0.0,False,0.15863824954069683
C1083$@DOM1,4,2,0,0.0,False,0.13662129930338773
C1084$@DOM1,6,3,0,0.0,False,0.035716206365098424
C1085$@DOM1,166,16,0,0.0,True,-0.2557766022213186
C1086$@DOM1,6,2,0,0.0,False,0.1410052412851024
C1087$@DOM1,1,1,0,0.0,False,0.1599738668733292
C1088$@DOM1,30,5,0,0.0,False,0.03975952843250652
C1089$@DOM1,10,3,0,0.0,False,0.07965672206982632
C109$@DOM1,27,5,0,0.0,False,0.04053590295009579
C1090$@DOM1,2,1,0,0.0,False,0.1641316363781049
C1091$@DOM1,2,1,0,0.0,False,0.1641316363781049
C1092$@DOM1,4,2,0,0.0,False,0.13662129930338773
C1093$@DOM1,2,1,0,0.0,False,0.1641316363781049
C1096$@DOM1,5,2,0,0.0,False,0.15863824954069683
C1097$@DOM1,1,1,0,0.0,False,0.1599738668733292
C1098$@DOM1,6,2,0,0.0,False,0.1410052412851024
C1099$@DOM1,4,2,0,0.0,False,0.13662129930338773
C11$@DOM1,31,4,0,0.0,False,0.008519692648683463
C110$@DOM1,1,1,0,0.0,False,0.1599738668733292
C1100$@DOM1,13,3,0,0.0,False,0.06769696623732013
C1101$@DOM1,1,1,0,0.0,False,0.1599738668733292
C1102$@DOM1,2,1,0,0.0,False,0.1641316363781049
C1104$@DOM1,1,1,0,0.0,False,0.1599738668733292
C1105$@DOM1,9,2,0,0.0,False,0.08922832485411009
C1106$@DOM1,2,1,0,0.0,False,0.1641316363781049
C1107$@DOM1,1,1,0,0.0,False,0.1599738668733292
C1108$@DOM1,5,2,0,0.0,False,0.15863824954069683
C1109$@DOM1,7,2,0,0.0,False,0.11426715145421151
C111$@DOM1,1,1,0,0.0,False,0.1599738668733292
C1110$@DOM1,2,1,0,0.0,False,0.1641316363781049
C1111$@DOM1,3,2,0,0.0,False,0.11860981593634684
C1112$@DOM1,1,1,0,0.0,False,0.1599738668733292
C1113$@DOM1,1,1,0,0.0,False,0.1599738668733292
C1114$@DOM1,695,13,0,0.0,True,-0.29557344228681204
C1116$@DOM1,5,2,0,0.0,False,0.15863824954069683
C1117$@DOM1,6,2,0,0.0,False,0.1410052412851024
C1118$@DOM1,1,1,0,0.0,False,0.1599738668733292
C1119$@DOM1,1,1,0,0.0,False,0.1599738668733292
C112$@DOM1,5,2,0,0.0,False,0.15863824954069683
C1120$@DOM1,1,1,0,0.0,False,0.1599738668733292
C1122$@DOM1,5,2,0,0.0,False,0.15863824954069683
C1123$@DOM1,7,2,0,0.0,False,0.11426715145421151
C1125$@DOM1,7,3,0,0.0,False,0.0598494419819216
C1126$@DOM1,10,3,0,0.0,False,0.07965672206982632
C1127$@DOM1,36,5,0,0.0,False,0.008519407156565961
C1128$@DOM1,1,1,0,0.0,False,0.1599738668733292
C1129$@DOM1,1,1,0,0.0,False,0.1599738668733292
C113$@DOM1,25,5,0,0.0,False,0.04347286148255747
C1130$@DOM1,5,2,0,0.0,False,0.15863824954069683
C1131$@DOM1,3,2,0,0.0,False,0.11860981593634684
C1132$@DOM1,1,1,0,0.0,False,0.1599738668733292
C1133$@DOM1,1,1,0,0.0,False,0.1599738668733292
C1136$@DOM1,8,2,0,0.0,False,0.10738862592754173
C1137$@DOM1,7,2,0,0.0,False,0.11426715145421151
C1138$@DOM1,1,1,0,0.0,False,0.1599738668733292
C1139$@DOM1,13,3,0,0.0,False,0.06769696623732013
C114$@DOM1,48,7,0,0.0,True,-0.07464623405857762
C1140$@DOM1,1,1,0,0.0,False,0.1599738668733292
C1142$@DOM1,1,1,0,0.0,False,0.1599738668733292
C1143$@DOM1,5,2,0,0.0,False,0.15863824954069683
C1145$@DOM1,44,6,0,0.0,True,-0.03584533753139052
C1146$@DOM1,2,2,0,0.0,False,0.06768444225637532
C1147$@DOM1,4,2,0,0.0,False,0.13662129930338773
C1148$@DOM1,12,5,0,0.0,True,-0.006306610942542257
C1149$@DOM1,1,1,0,0.0,False,0.1599738668733292
C115$@DOM1,4,1,0,0.0,False,0.17867062809301132
C1150$@DOM1,4,2,0,0.0,False,0.13662129930338773
C1151$@DOM1,6,2,0,0.0,False,0.1410052412851024
C1153$@DOM1,1,1,0,0.0,False,0.1599738668733292
C1154$@DOM1,31,6,0,0.0,False,0.011165707349314102
C1155$@DOM1,29,5,0,0.0,False,0.04123469880352604
C1156$@DOM1,2,1,0,0.0,False,0.1641316363781049
C1157$@DOM1,31,8,0,0.0,True,-0.07628145406832287
C1158$@DOM1,2,1,0,0.0,False,0.1641316363781049
C1159$@DOM1,5,2,0,0.0,False,0.15863824954069683
C116$@DOM1,31,5,0,0.0,False,0.03612196645152865
C1160$@DOM1,4,3,0,0.0,False,0.020925754947710207
C1161$@DOM1,1,1,0,0.0,False,0.1599738668733292
C1164$@DOM1,2,1,0,0.0,False,0.1641316363781049
C1165$@DOM1,18,5,0,0.0,False,0.02139645249914157
C1166$@DOM1,2,1,0,0.0,False,0.1641316363781049
C1167$@DOM1,57,8,0,0.0,True,-0.11333022366563794
C1168$@DOM1,5,2,0,0.0,False,0.15863824954069683
C1169$@DOM1,6,2,0,0.0,False,0.1410052412851024
C117$@DOM1,9,3,0,0.0,False,0.07470552879155357
C1170$@DOM1,5,2,0,0.0,False,0.15863824954069683
C1171$@DOM1,36,6,0,0.0,False,0.00011110998432006802
C1172$@DOM1,1,1,0,0.0,False,0.1599738668733292
C1174$@DOM1,5,2,0,0.0,False,0.15863824954069683
C1175$@DOM1,5,2,0,0.0,False,0.15863824954069683
C1177$@DOM1,1,1,0,0.0,False,0.1599738668733292
C1179$@DOM1,1,1,0,0.0,False,0.1599738668733292
C118$@DOM1,8,2,0,0.0,False,0.10738862592754173
C1180$@DOM1,1,1,0,0.0,False,0.1599738668733292
C1181$@DOM1,17,5,0,0.0,False,0.019719486889573146
C1182$@DOM1,4,2,0,0.0,False,0.13662129930338773
C1184$@DOM1,1,1,0,0.0,False,0.1599738668733292
C1185$@DOM1,2,2,0,0.0,False,0.06768444225637532
C1186$@DOM1,7,3,0,0.0,False,0.0598494419819216
C1187$@DOM1,6,2,0,0.0,False,0.1410052412851024
C1188$@DOM1,1,1,0,0.0,False,0.1599738668733292
C1189$@DOM1,7,4,0,0.0,False,0.0008969157485811952
C119$@DOM1,8,3,0,0.0,False,0.07222243997980987
C1190$@DOM1,1,1,0,0.0,False,0.1599738668733292
C1191$@DOM1,6,1,0,0.0,False,0.07320093411388318
C1192$@DOM1,3,2,0,0.0,False,0.11860981593634684
C1193$@DOM1,10,3,0,0.0,False,0.07965672206982632
C1194$@DOM1,2,1,0,0.0,False,0.1641316363781049
C1195$@DOM1,5,2,0,0.0,False,0.15863824954069683
C1196$@DOM1,4,2,0,0.0,False,0.13662129930338773
C1197$@DOM1,7,3,0,0.0,False,0.0598494419819216
C1198$@DOM1,1,1,0,0.0,False,0.1599738668733292
C1199$@DOM1,1,1,0,0.0,False,0.1599738668733292
C12$@DOM1,1,1,0,0.0,False,0.1599738668733292
C120$@DOM1,2,2,0,0.0,False,0.06768444225637532
C1201$@DOM1,4,1,0,0.0,False,0.17867062809301132
C1202$@DOM1,5,2,0,0.0,False,0.15863824954069683
C1203$@DOM1,4,1,0,0.0,False,0.17867062809301132
C1205$@DOM1,5,2,0,0.0,False,0.15863824954069683
C1206$@DOM1,5,2,0,0.0,False,0.15863824954069683
C1207$@DOM1,5,2,0,0.0,False,0.15863824954069683
C1208$@DOM1,30,7,0,0.0,True,-0.04977171709728767
C1209$@DOM1,12,2,0,0.0,False,0.07068774020865154
C121$@DOM1,1,1,0,0.0,False,0.1599738668733292
C1210$@DOM1,3,2,0,0.0,False,0.11860981593634684
C1211$@DOM1,1,1,0,0.0,False,0.1599738668733292
C1212$@DOM1,1,1,0,0.0,False,0.1599738668733292
C1213$@DOM1,5,2,0,0.0,False,0.15863824954069683
C1214$@DOM1,1,1,0,0.0,False,0.1599738668733292
C1215$@DOM1,8,3,0,0.0,False,0.07222243997980987
C1216$@DOM1,7,2,0,0.0,False,0.11426715145421151
C1217$@DOM1,5,2,0,0.0,False,0.15863824954069683
C1218$@DOM1,6,2,0,0.0,False,0.1410052412851024
C1219$@DOM1,2,1,0,0.0,False,0.1641316363781049
C122$@DOM1,6,2,0,0.0,False,0.1410052412851024
C1220$@DOM1,29,8,0,0.0,True,-0.07714845697413786
C1221$@DOM1,4,1,0,0.0,False,0.17867062809301132
C1222$@DOM1,2,1,0,0.0,False,0.1641316363781049
C1223$@DOM1,27,6,0,0.0,False,0.0067860526497032225
C1224$@DOM1,2,1,0,0.0,False,0.1641316363781049
C1225$@DOM1,1,1,0,0.0,False,0.1599738668733292
C1226$@DOM1,3,1,0,0.0,False,0.14362845818167014
C1227$@DOM1,1,1,0,0.0,False,0.1599738668733292
C1228$@DOM1,7,3,0,0.0,False,0.0598494419819216
C1229$@DOM1,1,1,0,0.0,False,0.1599738668733292
C123$@DOM1,503,15,0,0.0,True,-0.30183864606750777
C1230$@DOM1,5,2,0,0.0,False,0.15863824954069683
C1231$@DOM1,5,2,0,0.0,False,0.15863824954069683
C1232$@DOM1,4,2,0,0.0,False,0.13662129930338773
C1233$@DOM1,1,1,0,0.0,False,0.1599738668733292
C1234$@DOM1,2,1,0,0.0,False,0.1641316363781049
C1235$@DOM1,4,2,0,0.0,False,0.13662129930338773
C1236$@DOM1,5,2,0,0.0,False,0.15863824954069683
C1237$@DOM1,4,1,0,0.0,False,0.17867062809301132
C1238$@DOM1,32,5,0,0.0,False,0.03102753123536295
C1239$@DOM1,1,1,0,0.0,False,0.1599738668733292
C124$@DOM1,6,2,0,0.0,False,0.1410052412851024
C1240$@DOM1,4,2,0,0.0,False,0.13662129930338773
C1241$@DOM1,2,1,0,0.0,False,0.1641316363781049
C1242$@DOM1,1,1,0,0.0,False,0.1599738668733292
C1243$@DOM1,2,1,0,0.0,False,0.1641316363781049
C1244$@DOM1,2,1,0,0.0,False,0.1641316363781049
C1245$@DOM1,9,3,0,0.0,False,0.07470552879155357
C1246$@DOM1,2,1,0,0.0,False,0.1641316363781049
C1247$@DOM1,40,6,0,0.0,True,-0.021773293357613355
C1248$@DOM1,5,2,0,0.0,False,0.15863824954069683
C125$@DOM1,25,5,0,0.0,False,0.04347286148255747
C1250$@DOM1,4,2,0,0.0,False,0.13662129930338773
C1251$@DOM1,1,1,0,0.0,False,0.1599738668733292
C1252$@DOM1,2,1,0,0.0,False,0.1641316363781049
C1253$@DOM1,1,1,0,0.0,False,0.1599738668733292
C1254$@DOM1,5,2,0,0.0,False,0.15863824954069683
C1255$@DOM1,16,3,0,0.0,False,0.05054649112809345
C1256$@DOM1,5,2,0,0.0,False,0.15863824954069683
C1257$@DOM1,1,1,0,0.0,False,0.1599738668733292
C1258$@DOM1,1,1,0,0.0,False,0.1599738668733292
C1259$@DOM1,5,2,0,0.0,False,0.15863824954069683
C126$@DOM1,5,2,0,0.0,False,0.15863824954069683
C1260$@DOM1,1,1,0,0.0,False,0.1599738668733292
C1261$@DOM1,3,1,0,0.0,False,0.14362845818167014
C1262$@DOM1,5,2,0,0.0,False,0.15863824954069683
C1263$@DOM1,1,1,0,0.0,False,0.1599738668733292
C1264$@DOM1,3,2,0,0.0,False,0.11860981593634684
C1265$@DOM1,5,2,0,0.0,False,0.15863824954069683
C1266$@DOM1,1,1,0,0.0,False,0.1599738668733292
C1268$@DOM1,12,6,0,0.0,True,-0.03927239526865689
C127$@DOM1,1,1,0,0.0,False,0.1599738668733292
C1270$@DOM1,37,7,0,0.0,True,-0.049143317112133156
C1271$@DOM1,1,1,0,0.0,False,0.1599738668733292
C1272$@DOM1,5,2,0,0.0,False,0.15863824954069683
C1273$@DOM1,10,3,0,0.0,False,0.07965672206982632
C1274$@DOM1,1,1,0,0.0,False,0.1599738668733292
C1275$@DOM1,1,1,0,0.0,False,0.1599738668733292
C1276$@DOM1,1,1,0,0.0,False,0.1599738668733292
C1277$@DOM1,6,2,0,0.0,False,0.1410052412851024
C1278$@DOM1,4,1,0,0.0,False,0.17867062809301132
C1279$@DOM1,1,1,0,0.0,False,0.1599738668733292
C128$@DOM1,1,1,0,0.0,False,0.1599738668733292
C1280$@DOM1,4,1,0,0.0,False,0.17867062809301132
C1282$@DOM1,43,8,0,0.0,True,-0.08589641437753548
C1283$@DOM1,10,3,0,0.0,False,0.07965672206982632
C1285$@DOM1,5,2,0,0.0,False,0.15863824954069683
C1286$@DOM1,1,1,0,0.0,False,0.1599738668733292
C1287$@DOM1,5,2,0,0.0,False,0.15863824954069683
C1289$@DOM1,1,1,0,0.0,False,0.1599738668733292
C1291$@DOM1,36,5,0,0.0,False,0.008519407156565961
C1292$@DOM1,1,1,0,0.0,False,0.1599738668733292
C1293$@DOM1,1,1,0,0.0,False,0.1599738668733292
C1294$@DOM1,11,4,0,0.0,False,0.024361885690953766
C1295$@DOM1,7,3,0,0.0,False,0.0598494419819216
C1296$@DOM1,3,2,0,0.0,False,0.11860981593634684
C1297$@DOM1,5,2,0,0.0,False,0.15863824954069683
C1298$@DOM1,1,1,0,0.0,False,0.1599738668733292
C1299$@DOM1,1,1,0,0.0,False,0.1599738668733292
C13$@DOM1,29,4,0,0.0,False,0.01750821020772597
C130$@DOM1,1,1,0,0.0,False,0.1599738668733292
C1300$@DOM1,4,2,0,0.0,False,0.13662129930338773
C1301$@DOM1,11,3,0,0.0,False,0.06854811070516992
C1302$@DOM1,4,1,0,0.0,False,0.17867062809301132
C1303$@DOM1,1,1,0,0.0,False,0.1599738668733292
C1304$@DOM1,1,1,0,0.0,False,0.1599738668733292
C1305$@DOM1,1,1,0,0.0,False,0.1599738668733292
C1307$@DOM1,27,4,0,0.0,False,0.027327793207135853
C1308$@DOM1,3,2,0,0.0,False,0.11860981593634684
C1309$@DOM1,4,1,0,0.0,False,0.17867062809301132
C131$@DOM1,3,2,0,0.0,False,0.11860981593634684
C1310$@DOM1,8,3,0,0.0,False,0.07222243997980987
C1311$@DOM1,1,1,0,0.0,False,0.1599738668733292
C1312$@DOM1,1,1,0,0.0,False,0.1599738668733292
C1313$@DOM1,1,1,0,0.0,False,0.1599738668733292
C1314$@DOM1,4,2,0,0.0,False,0.13662129930338773
C1315$@DOM1,3,2,0,0.0,False,0.11860981593634684
C1316$@DOM1,6,2,0,0.0,False,0.1410052412851024
C1317$@DOM1,4,1,0,0.0,False,0.17867062809301132
C1318$@DOM1,11,2,0,0.0,False,0.07336523074882861
C1319$@DOM1,17,3,0,0.0,False,0.05045849156180093
C132$@DOM1,9,3,0,0.0,False,0.07470552879155357
C1320$@DOM1,5,2,0,0.0,False,0.15863824954069683
C1321$@DOM1,3,2,0,0.0,False,0.11860981593634684
C1322$@DOM1,3,2,0,0.0,False,0.11860981593634684
C1323$@DOM1,1,1,0,0.0,False,0.1599738668733292
C1325$@DOM1,6,2,0,0.0,False,0.1410052412851024
C1326$@DOM1,4,1,0,0.0,False,0.17867062809301132
C1327$@DOM1,11,3,0,0.0,False,0.06854811070516992
C1328$@DOM1,1,1,0,0.0,False,0.1599738668733292
C133$@DOM1,5,2,0,0.0,False,0.15863824954069683
C1330$@DOM1,1,1,0,0.0,False,0.1599738668733292
C1331$@DOM1,4,2,0,0.0,False,0.13662129930338773
C1332$@DOM1,9,3,0,0.0,False,0.07470552879155357
C1333$@DOM1,31,5,0,0.0,False,0.03612196645152865
C1334$@DOM1,4,1,0,0.0,False,0.17867062809301132
C1335$@DOM1,1,1,0,0.0,False,0.1599738668733292
C1336$@DOM1,19,5,0,0.0,False,0.03368912142129632
C1337$@DOM1,25,6,0,0.0,False,0.008643170413635604
C1338$@DOM1,9,3,0,0.0,False,0.07470552879155357
C1339$@DOM1,1,1,0,0.0,False,0.1599738668733292
C134$@DOM1,20,5,0,0.0,False,0.035152110567589934
C1340$@DOM1,4,1,0,0.0,False,0.17867062809301132
C1341$@DOM1,1,1,0,0.0,False,0.1599738668733292
C1342$@DOM1,5,2,0,0.0,False,0.15863824954069683
C1343$@DOM1,3,2,0,0.0,False,0.11860981593634684
C1344$@DOM1,5,2,0,0.0,False,0.15863824954069683
C1345$@DOM1,5,2,0,0.0,False,0.15863824954069683
C1347$@DOM1,4,2,0,0.0,False,0.13662129930338773
C1348$@DOM1,1,1,0,0.0,False,0.1599738668733292
C1349$@DOM1,5,2,0,0.0,False,0.15863824954069683
C135$@DOM1,4,1,0,0.0,False,0.17867062809301132
C1350$@DOM1,1,1,0,0.0,False,0.1599738668733292
C1351$@DOM1,4,1,0,0.0,False,0.17867062809301132
C1352$@DOM1,4,1,0,0.0,False,0.17867062809301132
C1353$@DOM1,5,2,0,0.0,False,0.15863824954069683
C1354$@DOM1,11,3,0,0.0,False,0.06854811070516992
C1355$@DOM1,4,1,0,0.0,False,0.17867062809301132
C1356$@DOM1,1,1,0,0.0,False,0.1599738668733292
C1357$@DOM1,5,2,0,0.0,False,0.15863824954069683
C1358$@DOM1,1,1,0,0.0,False,0.1599738668733292
C1359$@DOM1,1,1,0,0.0,False,0.1599738668733292
C136$@DOM1,4,1,0,0.0,False,0.17867062809301132
C1361$@DOM1,1,1,0,0.0,False,0.1599738668733292
C1362$@DOM1,6,2,0,0.0,False,0.1410052412851024
C1363$@DOM1,3,2,0,0.0,False,0.11860981593634684
C1364$@DOM1,1,1,0,0.0,False,0.1599738668733292
C1365$@DOM1,4,2,0,0.0,False,0.13662129930338773
C1366$@DOM1,7,2,0,0.0,False,0.11426715145421151
C1367$@DOM1,5,2,0,0.0,False,0.15863824954069683
C1368$@DOM1,5,2,0,0.0,False,0.15863824954069683
C1369$@DOM1,8,3,0,0.0,False,0.07222243997980987
C1370$@DOM1,5,2,0,0.0,False,0.15863824954069683
C1371$@DOM1,4,2,0,0.0,False,0.13662129930338773
C1372$@DOM1,3,2,0,0.0,False,0.11860981593634684
C1373$@DOM1,10,3,0,0.0,False,0.07965672206982632
C1374$@DOM1,1,1,0,0.0,False,0.1599738668733292
C1375$@DOM1,6,2,0,0.0,False,0.1410052412851024
C1376$@DOM1,14,3,0,0.0,False,0.06601573047298809
C1377$@DOM1,1,1,0,0.0,False,0.1599738668733292
C1378$@DOM1,1,1,0,0.0,False,0.1599738668733292
C1379$@DOM1,5,2,0,0.0,False,0.15863824954069683
C138$@DOM1,1,1,0,0.0,False,0.1599738668733292
C1380$@DOM1,2,1,0,0.0,False,0.1641316363781049
C1381$@DOM1,10,3,0,0.0,False,0.07965672206982632
C1382$@DOM1,36,6,0,0.0,False,0.00011110998432006802
C1383$@DOM1,2,1,0,0.0,False,0.1641316363781049
C1384$@DOM1,4,2,0,0.0,False,0.13662129930338773
C1385$@DOM1,24,6,0,0.0,False,0.0038998550059523573
C1386$@DOM1,3,2,0,0.0,False,0.11860981593634684
C1387$@DOM1,5,2,0,0.0,False,0.15863824954069683
C1388$@DOM1,3,2,0,0.0,False,0.11860981593634684
C1389$@DOM1,1,1,0,0.0,False,0.1599738668733292
C139$@DOM1,1,1,0,0.0,False,0.1599738668733292
C1390$@DOM1,1,1,0,0.0,False,0.1599738668733292
C1391$@DOM1,2,1,0,0.0,False,0.1641316363781049
C1392$@DOM1,1,1,0,0.0,False,0.1599738668733292
C1393$@DOM1,8,2,0,0.0,False,0.10738862592754173
C1394$@DOM1,5,2,0,0.0,False,0.15863824954069683
C1395$@DOM1,1,1,0,0.0,False,0.1599738668733292
C1396$@DOM1,4,2,0,0.0,False,0.13662129930338773
C1398$@DOM1,36,5,0,0.0,False,0.008519407156565961
C1399$@DOM1,5,2,0,0.0,False,0.15863824954069683
C14$@DOM1,4,2,0,0.0,False,0.13662129930338773
C140$@DOM1,1,1,0,0.0,False,0.1599738668733292
C1400$@DOM1,4,1,0,0.0,False,0.17867062809301132
C1401$@DOM1,3,2,0,0.0,False,0.11860981593634684
C1402$@DOM1,5,2,0,0.0,False,0.15863824954069683
C1403$@DOM1,25,5,0,0.0,False,0.04347286148255747
C1404$@DOM1,1,1,0,0.0,False,0.1599738668733292
C1405$@DOM1,2,1,0,0.0,False,0.1641316363781049
C1406$@DOM1,1,1,0,0.0,False,0.1599738668733292
C1407$@DOM1,1,1,0,0.0,False,0.1599738668733292
C1408$@DOM1,5,2,0,0.0,False,0.15863824954069683
C1409$@DOM1,1,1,0,0.0,False,0.1599738668733292
C141$@DOM1,1,1,0,0.0,False,0.1599738668733292
C1410$@DOM1,10,3,0,0.0,False,0.07965672206982632
C1411$@DOM1,1,1,0,0.0,False,0.1599738668733292
C1412$@DOM1,1,1,0,0.0,False,0.1599738668733292
C1413$@DOM1,5,2,0,0.0,False,0.15863824954069683
C1414$@DOM1,5,2,0,0.0,False,0.15863824954069683
C1415$@DOM1,1,1,0,0.0,False,0.1599738668733292
C1416$@DOM1,1,1,0,0.0,False,0.1599738668733292
C1417$@DOM1,4,2,0,0.0,False,0.13662129930338773
C1418$@DOM1,1,1,0,0.0,False,0.1599738668733292
C1419$@DOM1,4,1,0,0.0,False,0.17867062809301132
C142$@DOM1,6,2,0,0.0,False,0.1410052412851024
C1420$@DOM1,2,1,0,0.0,False,0.1641316363781049
C1422$@DOM1,5,2,0,0.0,False,0.15863824954069683
C1423$@DOM1,1,1,0,0.0,False,0.1599738668733292
C1424$@DOM1,2,1,0,0.0,False,0.1641316363781049
C1425$@DOM1,1,1,0,0.0,False,0.1599738668733292
C1426$@DOM1,5,2,0,0.0,False,0.15863824954069683
C1427$@DOM1,16,3,0,0.0,False,0.05054649112809345
C1428$@DOM1,1,1,0,0.0,False,0.1599738668733292
C1429$@DOM1,2,1,0,0.0,False,0.1641316363781049
C143$@DOM1,5,2,0,0.0,False,0.15863824954069683
C1430$@DOM1,2,1,0,0.0,False,0.1641316363781049
C1431$@DOM1,28,6,0,0.0,False,0.015241236917343914
C1432$@DOM1,32,5,0,0.0,False,0.03102753123536295
C1433$@DOM1,1,1,0,0.0,False,0.1599738668733292
C1434$@DOM1,5,2,0,0.0,False,0.15863824954069683
C1436$@DOM1,2,1,0,0.0,False,0.1641316363781049
C1438$@DOM1,4,1,0,0.0,False,0.17867062809301132
C1439$@DOM1,5,2,0,0.0,False,0.15863824954069683
C144$@DOM1,11,4,0,0.0,False,0.024361885690953766
C1440$@DOM1,5,2,0,0.0,False,0.15863824954069683
C1441$@DOM1,6,2,0,0.0,False,0.1410052412851024
C1442$@DOM1,5,2,0,0.0,False,0.15863824954069683
C1443$@DOM1,2,1,0,0.0,False,0.1641316363781049
C1444$@DOM1,4,1,0,0.0,False,0.17867062809301132
C1445$@DOM1,3,2,0,0.0,False,0.11860981593634684
C1447$@DOM1,3,2,0,0.0,False,0.11860981593634684
C1448$@DOM1,4,1,0,0.0,False,0.17867062809301132
C1449$@DOM1,2,1,0,0.0,False,0.1641316363781049
C145$@DOM1,6,3,0,0.0,False,0.035716206365098424
C1450$@DOM1,5,2,0,0.0,False,0.15863824954069683
C1451$@DOM1,1,1,0,0.0,False,0.1599738668733292
C1453$@DOM1,5,2,0,0.0,False,0.15863824954069683
C1454$@DOM1,1,1,0,0.0,False,0.1599738668733292
C1455$@DOM1,5,2,0,0.0,False,0.15863824954069683
C1456$@DOM1,4,2,0,0.0,False,0.13662129930338773
C1458$@DOM1,2,1,0,0.0,False,0.1641316363781049
C1459$@DOM1,1,1,0,0.0,False,0.1599738668733292
C146$@DOM1,4,1,0,0.0,False,0.17867062809301132
C1460$@DOM1,5,2,0,0.0,False,0.15863824954069683
C1461$@DOM1,1,1,0,0.0,False,0.1599738668733292
C1462$@DOM1,1,1,0,0.0,False,0.1599738668733292
C1463$@DOM1,6,2,0,0.0,False,0.1410052412851024
C1464$@DOM1,1,1,0,0.0,False,0.1599738668733292
C1465$@DOM1,3,1,0,0.0,False,0.14362845818167014
C1466$@DOM1,45,7,0,0.0,True,-0.0710027318773836
C1467$@DOM1,5,2,0,0.0,False,0.15863824954069683
C1468$@DOM1,31,5,0,0.0,False,0.03612196645152865
C1469$@DOM1,3,2,0,0.0,False,0.11860981593634684
C147$@DOM1,2,1,0,0.0,False,0.1641316363781049
C1470$@DOM1,46,8,0,0.0,True,-0.09592457163627532
C1471$@DOM1,4,2,0,0.0,False,0.13662129930338773
C1472$@DOM1,5,2,0,0.0,False,0.15863824954069683
C1473$@DOM1,14,3,0,0.0,False,0.06601573047298809
C1474$@DOM1,1,1,0,0.0,False,0.1599738668733292
C1475$@DOM1,5,2,0,0.0,False,0.15863824954069683
C1476$@DOM1,5,2,0,0.0,False,0.15863824954069683
C1477$@DOM1,5,2,0,0.0,False,0.15863824954069683
C1478$@DOM1,7,3,0,0.0,False,0.0598494419819216
C1480$@DOM1,5,2,0,0.0,False,0.15863824954069683
C1481$@DOM1,4,2,0,0.0,False,0.13662129930338773
C1482$@DOM1,1,1,0,0.0,False,0.1599738668733292
C1483$@DOM1,25,5,0,0.0,False,0.04347286148255747
C1484$@DOM1,15,3,0,0.0,False,0.05341985570938229
C1485$@DOM1,3,2,0,0.0,False,0.11860981593634684
C1486$@DOM1,5,2,0,0.0,False,0.15863824954069683
C1488$@DOM1,1,1,0,0.0,False,0.1599738668733292
C1489$@DOM1,3,1,0,0.0,False,0.14362845818167014
C149$@DOM1,29,5,0,0.0,False,0.04123469880352604
C1490$@DOM1,1,1,0,0.0,False,0.1599738668733292
C1491$@DOM1,1,1,0,0.0,False,0.1599738668733292
C1492$@DOM1,18,6,0,0.0,True,-0.016951976507848632
C1493$@DOM1,4,1,0,0.0,False,0.17867062809301132
C1494$@DOM1,1,1,0,0.0,False,0.1599738668733292
C1495$@DOM1,4,2,0,0.0,False,0.13662129930338773
C1496$@DOM1,1,1,0,0.0,False,0.1599738668733292
C1497$@DOM1,2,2,0,0.0,False,0.06768444225637532
C1498$@DOM1,2,1,0,0.0,False,0.1641316363781049
C1499$@DOM1,1,1,0,0.0,False,0.1599738668733292
C15$@DOM1,1,1,0,0.0,False,0.1599738668733292
C150$@DOM1,7,2,0,0.0,False,0.11426715145421151
C1500$@DOM1,3,1,0,0.0,False,0.14362845818167014
C1501$@DOM1,1,1,0,0.0,False,0.1599738668733292
C1502$@DOM1,2,1,0,0.0,False,0.1641316363781049
C1503$@DOM1,13,3,0,0.0,False,0.06769696623732013
C1504$@DOM1,2,1,0,0.0,False,0.1641316363781049
C1505$@DOM1,2,1,0,0.0,False,0.1641316363781049
C1506$@DOM1,6,2,0,0.0,False,0.1410052412851024
C1507$@DOM1,28,6,0,0.0,False,0.015241236917343914
C1508$@DOM1,30,6,0,0.0,False,0.010084875939083915
C1509$@DOM1,28,2,0,0.0,True,-0.01130268001392265
C151$@DOM1,3,2,0,0.0,False,0.11860981593634684
C1511$@DOM1,13,4,0,0.0,False,0.03563049506189375
C1512$@DOM1,6,2,0,0.0,False,0.1410052412851024
C1513$@DOM1,3,2,0,0.0,False,0.11860981593634684
C1514$@DOM1,4,2,0,0.0,False,0.13662129930338773
C1515$@DOM1,4,1,0,0.0,False,0.17867062809301132
C1516$@DOM1,7,3,0,0.0,False,0.0598494419819216
C1517$@DOM1,1,1,0,0.0,False,0.1599738668733292
C1518$@DOM1,5,2,0,0.0,False,0.15863824954069683
C1519$@DOM1,24,4,0,0.0,False,0.03821791715103562
C152$@DOM1,1,1,0,0.0,False,0.1599738668733292
C1520$@DOM1,1,1,0,0.0,False,0.1599738668733292
C1522$@DOM1,6,2,0,0.0,False,0.1410052412851024
C1524$@DOM1,1,1,0,0.0,False,0.1599738668733292
C1525$@DOM1,2,1,0,0.0,False,0.1641316363781049
C1526$@DOM1,26,4,0,0.0,False,0.02690626940671137
C1527$@DOM1,9,2,0,0.0,False,0.08922832485411009
C1528$@DOM1,2,1,0,0.0,False,0.1641316363781049
C1529$@DOM1,4,1,0,0.0,False,0.17867062809301132
C153$@DOM1,2,2,0,0.0,False,0.06768444225637532
C1531$@DOM1,5,2,0,0.0,False,0.15863824954069683
C1532$@DOM1,9,3,0,0.0,False,0.07470552879155357
C1533$@DOM1,3,1,0,0.0,False,0.14362845818167014
C1536$@DOM1,5,2,0,0.0,False,0.15863824954069683
C1537$@DOM1,5,2,0,0.0,False,0.15863824954069683
C1538$@DOM1,1,1,0,0.0,False,0.1599738668733292
C1539$@DOM1,1,1,0,0.0,False,0.1599738668733292
C154$@DOM1,1,1,0,0.0,False,0.1599738668733292
C1540$@DOM1,1,1,0,0.0,False,0.1599738668733292
C1541$@DOM1,5,2,0,0.0,False,0.15863824954069683
C1542$@DOM1,1,1,0,0.0,False,0.1599738668733292
C1543$@DOM1,6,3,0,0.0,False,0.035716206365098424
C1544$@DOM1,2,1,0,0.0,False,0.1641316363781049
C1545$@DOM1,1,1,0,0.0,False,0.1599738668733292
C1546$@DOM1,4,2,0,0.0,False,0.13662129930338773
C1547$@DOM1,2,2,0,0.0,False,0.06768444225637532
C1548$@DOM1,24,5,0,0.0,False,0.04450367428793661
C155$@DOM1,8,2,0,0.0,False,0.10738862592754173
C1550$@DOM1,1,1,0,0.0,False,0.1599738668733292
C1551$@DOM1,4,2,0,0.0,False,0.13662129930338773
C1552$@DOM1,1,1,0,0.0,False,0.1599738668733292
C1553$@DOM1,4,1,0,0.0,False,0.17867062809301132
C1554$@DOM1,20,5,0,0.0,False,0.035152110567589934
C1556$@DOM1,3,2,0,0.0,False,0.11860981593634684
C1557$@DOM1,5,2,0,0.0,False,0.15863824954069683
C1559$@DOM1,33,7,0,0.0,True,-0.04454252808597736
C156$@DOM1,3,2,0,0.0,False,0.11860981593634684
C1560$@DOM1,1,1,0,0.0,False,0.1599738668733292
C1561$@DOM1,4,2,0,0.0,False,0.13662129930338773
C1562$@DOM1,31,7,0,0.0,True,-0.04728689877707759
C1563$@DOM1,12,3,0,0.0,False,0.0700959514985331
C1564$@DOM1,4,1,0,0.0,False,0.17867062809301132
C1565$@DOM1,31,5,0,0.0,False,0.03612196645152865
C1566$@DOM1,1,1,0,0.0,False,0.1599738668733292
C1567$@DOM1,12,2,0,0.0,False,0.07068774020865154
C1568$@DOM1,4,2,0,0.0,False,0.13662129930338773
C157$@DOM1,1,1,0,0.0,False,0.1599738668733292
C1570$@DOM1,11,5,0,0.0,True,-0.013881591610110267
C1571$@DOM1,1,1,0,0.0,False,0.1599738668733292
C1572$@DOM1,2,1,0,0.0,False,0.1641316363781049
C1573$@DOM1,11,4,0,0.0,False,0.024361885690953766
C1574$@DOM1,1,1,0,0.0,False,0.1599738668733292
C1575$@DOM1,1,1,0,0.0,False,0.1599738668733292
C1576$@DOM1,12,3,0,0.0,False,0.0700959514985331
C1577$@DOM1,3,2,0,0.0,False,0.11860981593634684
C1578$@DOM1,1,1,0,0.0,False,0.1599738668733292
C1579$@DOM1,25,6,0,0.0,False,0.008643170413635604
C1580$@DOM1,23,5,0,0.0,False,0.04153909078711371
C1581$@DOM1,5,2,0,0.0,False,0.15863824954069683
C1582$@DOM1,5,2,0,0.0,False,0.15863824954069683
C1583$@DOM1,5,2,0,0.0,False,0.15863824954069683
C1584$@DOM1,5,2,0,0.0,False,0.15863824954069683
C1585$@DOM1,2,1,0,0.0,False,0.1641316363781049
C1586$@DOM1,30,2,0,0.0,True,-0.016780614138307226
C1587$@DOM1,5,2,0,0.0,False,0.15863824954069683
C1588$@DOM1,2,1,0,0.0,False,0.1641316363781049
C1589$@DOM1,2,1,0,0.0,False,0.1641316363781049
C159$@DOM1,5,2,0,0.0,False,0.15863824954069683
C1590$@DOM1,4,1,0,0.0,False,0.17867062809301132
C1591$@DOM1,4,1,0,0.0,False,0.17867062809301132
C1592$@DOM1,3,2,0,0.0,False,0.11860981593634684
C1593$@DOM1,2,1,0,0.0,False,0.1641316363781049
C1594$@DOM1,55,2,0,0.0,True,-0.0602595542732014
C1596$@DOM1,4,1,0,0.0,False,0.17867062809301132
C1597$@DOM1,4,1,0,0.0,False,0.17867062809301132
C1599$@DOM1,1,1,0,0.0,False,0.1599738668733292
C16$@DOM1,5,2,0,0.0,False,0.15863824954069683
C160$@DOM1,5,3,0,0.0,False,0.030235377534894803
C1601$@DOM1,4,1,0,0.0,False,0.17867062809301132
C1602$@DOM1,4,2,0,0.0,False,0.13662129930338773
C1603$@DOM1,2,1,0,0.0,False,0.1641316363781049
C1607$@DOM1,6,1,0,0.0,False,0.07320093411388318
C1611$@DOM1,17,3,0,0.0,False,0.05045849156180093
C1615$@DOM1,4,1,0,0.0,False,0.17867062809301132
C1617$@DOM1,415,16,0,0.0,True,-0.3012671533367438
C162$@DOM1,2,1,0,0.0,False,0.1641316363781049
C1620$@DOM1,56,2,0,0.0,True,-0.061485508979954084
C1622$@DOM1,4,1,0,0.0,False,0.17867062809301132
C1623$@DOM1,4,1,0,0.0,False,0.17867062809301132
C1624$@DOM1,4,1,0,0.0,False,0.17867062809301132
C1625$@DOM1,4,1,0,0.0,False,0.17867062809301132
C1626$@DOM1,40,6,0,0.0,True,-0.021773293357613355
C1627$@DOM1,8,3,0,0.0,False,0.07222243997980987
C163$@DOM1,4,1,0,0.0,False,0.17867062809301132
C1630$@DOM1,4,1,0,0.0,False,0.17867062809301132
C1632$@DOM1,3,2,0,0.0,False,0.11860981593634684
C1633$@DOM1,4,1,0,0.0,False,0.17867062809301132
C1634$@DOM1,3,1,0,0.0,False,0.14362845818167014
C1635$@DOM1,56,2,0,0.0,True,-0.061485508979954084
C1637$@DOM1,3,2,0,0.0,False,0.11860981593634684
C1638$@DOM1,2,1,0,0.0,False,0.1641316363781049
C164$@DOM1,2,1,0,0.0,False,0.1641316363781049
C1640$@DOM1,127,5,0,0.0,True,-0.13080954514152454
C1641$@DOM1,120,8,0,0.0,True,-0.17218395860530034
C1642$@DOM1,22,2,0,0.0,False,0.007784896588147627
C1644$@DOM1,20,4,0,0.0,False,0.05418266962866436
C1645$@DOM1,10,3,0,0.0,False,0.07965672206982632
C1646$@DOM1,97,11,0,0.0,True,-0.20351248386225052
C1647$@DOM1,4,1,0,0.0,False,0.17867062809301132
C1649$@DOM1,10,2,0,0.0,False,0.08211227830702306
C165$@DOM1,38,6,0,0.0,True,-0.011959244772610123
C1650$@DOM1,2,1,0,0.0,False,0.1641316363781049
C1651$@DOM1,6,2,0,0.0,False,0.1410052412851024
C1654$@DOM1,5,2,0,0.0,False,0.15863824954069683
C1655$@DOM1,4,1,0,0.0,False,0.17867062809301132
C1656$@DOM1,2,1,0,0.0,False,0.1641316363781049
C1657$@DOM1,7,2,0,0.0,False,0.11426715145421151
C1658$@DOM1,2,1,0,0.0,False,0.1641316363781049
C166$@DOM1,1,1,0,0.0,False,0.1599738668733292
C1660$@DOM1,1,1,0,0.0,False,0.1599738668733292
C1661$@DOM1,4,1,0,0.0,False,0.17867062809301132
C1663$@DOM1,2,1,0,0.0,False,0.1641316363781049
C1665$@DOM1,8,3,0,0.0,False,0.07222243997980987
C1666$@DOM1,8,2,0,0.0,False,0.10738862592754173
C1667$@DOM1,5,2,0,0.0,False,0.15863824954069683
C1668$@DOM1,2,1,0,0.0,False,0.1641316363781049
C1669$@DOM1,10,3,0,0.0,False,0.07965672206982632
C167$@DOM1,5,2,0,0.0,False,0.15863824954069683
C1670$@DOM1,2,1,0,0.0,False,0.1641316363781049
C1672$@DOM1,8,1,0,0.0,False,0.05213598025979088
C1673$@DOM1,4,1,0,0.0,False,0.17867062809301132
C1674$@DOM1,4,2,0,0.0,False,0.13662129930338773
C1677$@DOM1,70,9,0,0.0,True,-0.14957506909546736
C1678$@DOM1,13,7,0,0.0,True,-0.08625711002809
C1679$@DOM1,4,1,0,0.0,False,0.17867062809301132
C168$@DOM1,2,1,0,0.0,False,0.1641316363781049
C1682$@DOM1,4,1,0,0.0,False,0.17867062809301132
C1684$@DOM1,4,1,0,0.0,False,0.17867062809301132
C1685$@DOM1,4,1,0,0.0,False,0.17867062809301132
C1686$@DOM1,7,2,0,0.0,False,0.11426715145421151
C1688$@DOM1,53,2,0,0.0,True,-0.05876196962769553
C169$@DOM1,5,2,0,0.0,False,0.15863824954069683
C1690$@DOM1,17,4,0,0.0,False,0.05304125927911557
C1691$@DOM1,4,1,0,0.0,False,0.17867062809301132
C1692$@DOM1,4,1,0,0.0,False,0.17867062809301132
C1693$@DOM1,1,1,0,0.0,False,0.1599738668733292
C1694$@DOM1,4,1,0,0.0,False,0.17867062809301132
C1697$@DOM1,4,1,0,0.0,False,0.17867062809301132
C17$@DOM1,7,3,0,0.0,False,0.0598494419819216
C170$@DOM1,2,1,0,0.0,False,0.1641316363781049
C1700$@DOM1,4,1,0,0.0,False,0.17867062809301132
C1701$@DOM1,2,1,0,0.0,False,0.1641316363781049
C1703$@DOM1,26,3,0,0.0,False,0.010775772234173253
C1704$@DOM1,5,2,0,0.0,False,0.15863824954069683
C1705$@DOM1,4,1,0,0.0,False,0.17867062809301132
C1708$@DOM1,308,15,0,0.0,True,-0.28430093983189375
C171$@DOM1,5,2,0,0.0,False,0.15863824954069683
C1710$@DOM1,10,1,0,0.0,False,0.015543095157789288
C1711$@DOM1,2,1,0,0.0,False,0.1641316363781049
C1712$@DOM1,2,1,0,0.0,False,0.1641316363781049
C1713$@DOM1,42,7,0,0.0,True,-0.056551845159373726
C1714$@DOM1,4,2,0,0.0,False,0.13662129930338773
C1715$@DOM1,4,1,0,0.0,False,0.17867062809301132
C1716$@DOM1,5,2,0,0.0,False,0.15863824954069683
C1717$@DOM1,4,1,0,0.0,False,0.17867062809301132
C1718$@DOM1,4,1,0,0.0,False,0.17867062809301132
C1719$@DOM1,2,1,0,0.0,False,0.1641316363781049
C172$@DOM1,5,2,0,0.0,False,0.15863824954069683
C1720$@DOM1,10,2,0,0.0,False,0.08211227830702306
C1721$@DOM1,5,2,0,0.0,False,0.15863824954069683
C1722$@DOM1,15,3,0,0.0,False,0.05341985570938229
C1723$@DOM1,6,2,0,0.0,False,0.1410052412851024
C1724$@DOM1,4,1,0,0.0,False,0.17867062809301132
C1727$@DOM1,97,14,0,0.0,True,-0.2318197021928643
C1728$@DOM1,3,1,0,0.0,False,0.14362845818167014
C1729$@DOM1,4,1,0,0.0,False,0.17867062809301132
C173$@DOM1,34,5,0,0.0,False,0.02015343834492067
C1730$@DOM1,2,1,0,0.0,False,0.1641316363781049
C1732$@DOM1,6,2,0,0.0,False,0.1410052412851024
C1733$@DOM1,4,1,0,0.0,False,0.17867062809301132
C1734$@DOM1,29,8,0,0.0,True,-0.07714845697413786
C1737$@DOM1,38,11,0,0.0,True,-0.15818243241425956
C174$@DOM1,5,2,0,0.0,False,0.15863824954069683
C1740$@DOM1,4,1,0,0.0,False,0.17867062809301132
C1742$@DOM1,3,1,0,0.0,False,0.14362845818167014
C1743$@DOM1,5,1,0,0.0,False,0.11620316768869854
C1744$@DOM1,4,1,0,0.0,False,0.17867062809301132
C1745$@DOM1,2,1,0,0.0,False,0.1641316363781049
C1747$@DOM1,33,5,0,0.0,False,0.025054257868099006
C1748$@DOM1,3,1,0,0.0,False,0.14362845818167014
C175$@DOM1,2,1,0,0.0,False,0.1641316363781049
C1750$@DOM1,32,4,0,0.0,False,0.001174127008779502
C1751$@DOM1,2,2,0,0.0,False,0.06768444225637532
C1754$@DOM1,4,2,0,0.0,False,0.13662129930338773
C1755$@DOM1,4,1,0,0.0,False,0.17867062809301132
C1757$@DOM1,2,1,0,0.0,False,0.1641316363781049
C176$@DOM1,3,2,0,0.0,False,0.11860981593634684
C1763$@DOM1,53,2,0,0.0,True,-0.05876196962769553
C1766$@DOM1,380,15,0,0.0,True,-0.29500618707350235
C1767$@DOM1,7,2,0,0.0,False,0.11426715145421151
C1768$@DOM1,3,1,0,0.0,False,0.14362845818167014
C1770$@DOM1,14,2,0,0.0,False,0.0597419540937244
C1771$@DOM1,30,4,0,0.0,False,0.01142251702162389
C1772$@DOM1,1,1,0,0.0,False,0.1599738668733292
C1773$@DOM1,4,1,0,0.0,False,0.17867062809301132
C1776$@DOM1,25,5,0,0.0,False,0.04347286148255747
C1777$@DOM1,59,2,0,0.0,True,-0.05208602096248838
C1779$@DOM1,6,2,0,0.0,False,0.1410052412851024
C178$@DOM1,5,2,0,0.0,False,0.15863824954069683
C1782$@DOM1,8,2,0,0.0,False,0.10738862592754173
C1784$@DOM1,6,1,0,0.0,False,0.07320093411388318
C1785$@DOM1,18,4,0,0.0,False,0.05250671922702682
C1787$@DOM1,4,1,0,0.0,False,0.17867062809301132
C1788$@DOM1,4,1,0,0.0,False,0.17867062809301132
C1789$@DOM1,2,1,0,0.0,False,0.1641316363781049
C1793$@DOM1,4,1,0,0.0,False,0.17867062809301132
C1794$@DOM1,351,14,0,0.0,True,-0.29161070373088016
C1796$@DOM1,5,2,0,0.0,False,0.15863824954069683
C1799$@DOM1,2,1,0,0.0,False,0.1641316363781049
C18$@DOM1,8,2,0,0.0,False,0.10738862592754173
C180$@DOM1,1,1,0,0.0,False,0.1599738668733292
C1800$@DOM1,1,1,0,0.0,False,0.1599738668733292
C1802$@DOM1,4,1,0,0.0,False,0.17867062809301132
C1803$@DOM1,2,1,0,0.0,False,0.1641316363781049
C1804$@DOM1,4,1,0,0.0,False,0.17867062809301132
C1806$@DOM1,2,1,0,0.0,False,0.1641316363781049
C1807$@DOM1,4,1,0,0.0,False,0.17867062809301132
C1808$@DOM1,8,1,0,0.0,False,0.05213598025979088
C181$@DOM1,6,2,0,0.0,False,0.1410052412851024
C1810$@DOM1,23,4,0,0.0,False,0.04178438789915273
C1811$@DOM1,2,1,0,0.0,False,0.1641316363781049
C1813$@DOM1,4,1,0,0.0,False,0.17867062809301132
C1814$@DOM1,1,1,0,0.0,False,0.1599738668733292
C1815$@DOM1,6,2,0,0.0,False,0.1410052412851024
C1817$@DOM1,6,2,0,0.0,False,0.1410052412851024
C1818$@DOM1,2,1,0,0.0,False,0.1641316363781049
C1819$@DOM1,4,1,0,0.0,False,0.17867062809301132
C182$@DOM1,6,2,0,0.0,False,0.1410052412851024
C1822$@DOM1,2,1,0,0.0,False,0.1641316363781049
C1824$@DOM1,31,7,0,0.0,True,-0.04728689877707759
C1825$@DOM1,31,6,0,0.0,False,0.011165707349314102
C1827$@DOM1,60,2,0,0.0,True,-0.04938733287019259
C1829$@DOM1,5,2,0,0.0,False,0.15863824954069683
C1830$@DOM1,4,1,0,0.0,False,0.17867062809301132
C1832$@DOM1,4,1,0,0.0,False,0.17867062809301132
C1834$@DOM1,5,2,0,0.0,False,0.15863824954069683
C1835$@DOM1,5,3,0,0.0,False,0.030235377534894803
C1836$@DOM1,2,1,0,0.0,False,0.1641316363781049
C1837$@DOM1,4,2,0,0.0,False,0.13662129930338773
C1839$@DOM1,20,4,0,0.0,False,0.05418266962866436
C184$@DOM1,6,2,0,0.0,False,0.1410052412851024
C1840$@DOM1,4,2,0,0.0,False,0.13662129930338773
C1841$@DOM1,20,1,0,0.0,True,-0.049123611943577616
C1843$@DOM1,3,1,0,0.0,False,0.14362845818167014
C1845$@DOM1,6,2,0,0.0,False,0.1410052412851024
C1846$@DOM1,5,2,0,0.0,False,0.15863824954069683
C1847$@DOM1,18,2,0,0.0,False,0.019060353076552294
C1849$@DOM1,4,1,0,0.0,False,0.17867062809301132
C185$@DOM1,7,1,0,0.0,False,0.05313022515510851
C1850$@DOM1,62,2,0,0.0,True,-0.05577950019382627
C1852$@DOM1,60,2,0,0.0,True,-0.04938733287019259
C1856$@DOM1,2,1,0,0.0,False,0.1641316363781049
C1857$@DOM1,34,5,0,0.0,False,0.02015343834492067
C1859$@DOM1,2,2,0,0.0,False,0.06768444225637532
C186$@DOM1,52,8,0,0.0,True,-0.1008687491997855
C1861$@DOM1,2,1,0,0.0,False,0.1641316363781049
C1862$@DOM1,1,1,0,0.0,False,0.1599738668733292
C1863$@DOM1,2,1,0,0.0,False,0.1641316363781049
C1866$@DOM1,7,2,0,0.0,False,0.11426715145421151
C1867$@DOM1,5,1,0,0.0,False,0.11620316768869854
C1868$@DOM1,5,2,0,0.0,False,0.15863824954069683
C1869$@?,14,2,0,0.0,False,0.0597419540937244
C1871$@DOM1,9,3,0,0.0,False,0.07470552879155357
C1873$@DOM1,12,3,0,0.0,False,0.0700959514985331
C1875$@DOM1,4,1,0,0.0,False,0.17867062809301132
C1878$@DOM1,16,4,0,0.0,False,0.043547619128172066
C1879$@DOM1,49,10,0,0.0,True,-0.1412019043958368
C188$@DOM1,1,1,0,0.0,False,0.1599738668733292
C1883$@DOM1,3,1,0,0.0,False,0.14362845818167014
C1884$@DOM1,6,1,0,0.0,False,0.07320093411388318
C1887$@DOM1,4,1,0,0.0,False,0.17867062809301132
C1888$@DOM1,9,1,0,0.0,False,0.033081276846484875
C189$@DOM1,5,2,0,0.0,False,0.15863824954069683
C1890$@DOM1,28,5,0,0.0,False,0.04481434092570741
C1891$@DOM1,4,1,0,0.0,False,0.17867062809301132
C1893$@DOM1,4,1,0,0.0,False,0.17867062809301132
C1895$@DOM1,2,1,0,0.0,False,0.1641316363781049
C1896$@DOM1,2,1,0,0.0,False,0.1641316363781049
C1898$@DOM1,7,4,0,0.0,False,0.0008969157485811952
C1899$@DOM1,13,3,0,0.0,False,0.06769696623732013
C19$@DOM1,4,1,0,0.0,False,0.17867062809301132
C190$@DOM1,2,1,0,0.0,False,0.1641316363781049
C1900$@DOM1,30,7,0,0.0,True,-0.04977171709728767
C1901$@DOM1,3,1,0,0.0,False,0.14362845818167014
C1903$@DOM1,10,1,0,0.0,False,0.015543095157789288
C1905$@DOM1,3,1,0,0.0,False,0.14362845818167014
C1906$@DOM1,8,1,0,0.0,False,0.05213598025979088
C1909$@DOM1,6,2,0,0.0,False,0.1410052412851024
C191$@DOM1,43,7,0,0.0,True,-0.0624885192700072
C1910$@DOM1,60,2,0,0.0,True,-0.04938733287019259
C1912$@DOM1,61,2,0,0.0,True,-0.052131512623500464
C1914$@DOM1,6,2,0,0.0,False,0.1410052412851024
C1916$@DOM1,60,2,0,0.0,True,-0.04938733287019259
C1918$@DOM1,10,2,0,0.0,False,0.08211227830702306
C192$@DOM1,1,1,0,0.0,False,0.1599738668733292
C1920$@DOM1,3,1,0,0.0,False,0.14362845818167014
C1921$@DOM1,5,2,0,0.0,False,0.15863824954069683
C1923$@DOM1,37,7,0,0.0,True,-0.049143317112133156
C1928$@DOM1,23,4,0,0.0,False,0.04178438789915273
C193$@DOM1,12,3,0,0.0,False,0.0700959514985331
C1930$@DOM1,6,3,0,0.0,False,0.035716206365098424
C1931$@DOM1,103,15,0,0.0,True,-0.23549859269856377
C1934$@DOM1,2,1,0,0.0,False,0.1641316363781049
C1935$@DOM1,4,2,0,0.0,False,0.13662129930338773
C1936$@DOM1,14,5,0,0.0,False,0.004865055876357993
C1938$@DOM1,59,2,0,0.0,True,-0.05208602096248838
C194$@DOM1,2,1,0,0.0,False,0.1641316363781049
C1942$@DOM1,1,1,0,0.0,False,0.1599738668733292
C1944$@DOM1,4,1,0,0.0,False,0.17867062809301132
C1945$@DOM1,2,1,0,0.0,False,0.1641316363781049
C1946$@DOM1,1,1,0,0.0,False,0.1599738668733292
C1947$@DOM1,8,2,0,0.0,False,0.10738862592754173
C195$@DOM1,5,2,0,0.0,False,0.15863824954069683
C1951$@DOM1,1,1,0,0.0,False,0.1599738668733292
C1953$@DOM1,4,1,0,0.0,False,0.17867062809301132
C1954$@DOM1,8,3,0,0.0,False,0.07222243997980987
C1957$@DOM1,2,2,0,0.0,False,0.06768444225637532
C1958$@DOM1,19,5,0,0.0,False,0.03368912142129632
C196$@DOM1,1,1,0,0.0,False,0.1599738668733292
C1961$@DOM1,17,3,0,0.0,False,0.05045849156180093
C1964$@DOM1,25,6,0,0.0,False,0.008643170413635604
C1965$@DOM1,9,2,0,0.0,False,0.08922832485411009
C1966$@DOM1,4,1,0,0.0,False,0.17867062809301132
C1969$@DOM1,7,2,0,0.0,False,0.11426715145421151
C197$@DOM1,5,2,0,0.0,False,0.15863824954069683
C1970$@DOM1,20,2,0,0.0,False,0.01391476564800509
C1971$@DOM1,13,4,0,0.0,False,0.03563049506189375
C1972$@DOM1,12,2,0,0.0,False,0.07068774020865154
C1975$@DOM1,5,2,0,0.0,False,0.15863824954069683
C1976$@DOM1,3,2,0,0.0,False,0.11860981593634684
C1978$@DOM1,4,1,0,0.0,False,0.17867062809301132
C1979$@DOM1,2,1,0,0.0,False,0.1641316363781049
C198$@DOM1,4,1,0,0.0,False,0.17867062809301132
C1980$@DOM1,5,2,0,0.0,False,0.15863824954069683
C1982$@DOM1,56,2,0,0.0,True,-0.061485508979954084
C1984$@DOM1,5,2,0,0.0,False,0.15863824954069683
C1985$@DOM1,48,10,0,0.0,True,-0.1412019043958368
C1987$@DOM1,4,2,0,0.0,False,0.13662129930338773
C1989$@DOM1,52,2,0,0.0,True,-0.056813466885458075
C199$@DOM1,3,2,0,0.0,False,0.11860981593634684
C1991$@DOM1,7,3,0,0.0,False,0.0598494419819216
C1992$@DOM1,9,2,0,0.0,False,0.08922832485411009
C1993$@DOM1,19,3,0,0.0,False,0.04320735631159084
C1994$@DOM1,21,5,0,0.0,False,0.038700189222655945
C1996$@DOM1,64,2,0,0.0,True,-0.06558685013543752
C1998$@DOM1,43,10,0,0.0,True,-0.1391051630573541
C1999$@DOM1,4,2,0,0.0,False,0.13662129930338773
C2$@DOM1,1,1,0,0.0,False,0.1599738668733292
C20$@DOM1,34,6,0,0.0,False,0.008260045962855345
C200$@DOM1,1,1,0,0.0,False,0.1599738668733292
C2003$@DOM1,4,1,0,0.0,False,0.17867062809301132
C2004$@DOM1,3,1,0,0.0,False,0.14362845818167014
C2008$@DOM1,4,2,0,0.0,False,0.13662129930338773
C201$@DOM1,1,1,0,0.0,False,0.1599738668733292
C2011$@DOM1,1,1,0,0.0,False,0.1599738668733292
C2013$@DOM3,14,3,0,0.0,False,0.06601573047298809
C2016$@DOM1,1,1,0,0.0,False,0.1599738668733292
C2021$@DOM1,4,1,0,0.0,False,0.17867062809301132
C2022$@DOM1,2,1,0,0.0,False,0.1641316363781049
C2023$@DOM1,3,1,0,0.0,False,0.14362845818167014
C2024$@DOM1,1,1,0,0.0,False,0.1599738668733292
C2025$@DOM1,39,2,0,0.0,True,-0.038426730705614864
C2027$@DOM1,13,3,0,0.0,False,0.06769696623732013
C2029$@DOM1,12,1,0,0.0,True,-0.005687955435255132
C203$@DOM1,1,1,0,0.0,False,0.1599738668733292
C2035$@DOM1,1,1,0,0.0,False,0.1599738668733292
C2038$@DOM1,5,2,0,0.0,False,0.15863824954069683
C2039$@DOM1,35,6,0,0.0,False,0.003945899233383177
C204$@DOM1,1,1,0,0.0,False,0.1599738668733292
C2040$@DOM1,4,1,0,0.0,False,0.17867062809301132
C2042$@DOM1,4,1,0,0.0,False,0.17867062809301132
C2044$@DOM1,1,1,0,0.0,False,0.1599738668733292
C2046$@DOM1,2,1,0,0.0,False,0.1641316363781049
C2047$@DOM1,1,1,0,0.0,False,0.1599738668733292
C2048$@DOM1,2,1,0,0.0,False,0.1641316363781049
C205$@DOM1,4,2,0,0.0,False,0.13662129930338773
C2051$@DOM1,3,2,0,0.0,False,0.11860981593634684
C2053$@DOM1,20,5,0,0.0,False,0.035152110567589934
C2056$@DOM1,6,2,0,0.0,False,0.1410052412851024
C2057$@DOM1,13,3,0,0.0,False,0.06769696623732013
C2058$@DOM1,18,4,0,0.0,False,0.05250671922702682
C206$@DOM1,6,2,0,0.0,False,0.1410052412851024
C2060$@DOM1,4,1,0,0.0,False,0.17867062809301132
C2062$@DOM1,5,1,0,0.0,False,0.11620316768869854
C2064$@DOM1,1,1,0,0.0,False,0.1599738668733292
C2067$@DOM1,5,2,0,0.0,False,0.15863824954069683
C2069$@DOM1,1,1,0,0.0,False,0.1599738668733292
C207$@DOM1,4,2,0,0.0,False,0.13662129930338773
C2070$@DOM1,56,2,0,0.0,True,-0.061485508979954084
C2072$@DOM1,29,3,0,0.0,False,0.0029290729788831182
C2073$@DOM1,60,2,0,0.0,True,-0.04938733287019259
C2075$@DOM1,22,7,0,0.0,True,-0.060331359755487424
C2077$@DOM1,4,1,0,0.0,False,0.17867062809301132
C2079$@DOM1,23,4,0,0.0,False,0.04178438789915273
C208$@DOM1,2,1,0,0.0,False,0.1641316363781049
C2081$@DOM1,4,1,0,0.0,False,0.17867062809301132
C2083$@DOM1,4,1,0,0.0,False,0.17867062809301132
C2084$@DOM1,9,2,0,0.0,False,0.08922832485411009
C2086$@DOM1,3,2,0,0.0,False,0.11860981593634684
C2087$@DOM1,24,2,0,0.0,True,-0.0002038756162963118
C209$@DOM1,3,1,0,0.0,False,0.14362845818167014
C2090$@DOM1,6,1,0,0.0,False,0.07320093411388318
C2091$@DOM1,6,1,0,0.0,False,0.07320093411388318
C2092$@DOM1,67,9,0,0.0,True,-0.1463021592091286
C2095$@DOM1,7,2,0,0.0,False,0.11426715145421151
C2096$@?,31,2,0,0.0,True,-0.019683913391222885
C2096$@DOM1,60,2,0,0.0,True,-0.04938733287019259
C2098$@DOM1,15,3,0,0.0,False,0.05341985570938229
C210$@DOM1,2,1,0,0.0,False,0.1641316363781049
C2100$@DOM1,60,2,0,0.0,True,-0.04938733287019259
C2102$@DOM1,27,5,0,0.0,False,0.04053590295009579
C2103$@DOM1,12,2,0,0.0,False,0.07068774020865154
C2105$@DOM1,2,1,0,0.0,False,0.1641316363781049
C2107$@DOM1,4,1,0,0.0,False,0.17867062809301132
C211$@DOM1,1,1,0,0.0,False,0.1599738668733292
C2111$@DOM1,63,2,0,0.0,True,-0.061049273891576106
C2113$@DOM1,3,1,0,0.0,False,0.14362845818167014
C2115$@DOM1,1,1,0,0.0,False,0.1599738668733292
C2119$@DOM1,32,3,0,0.0,True,-0.0037102512897491113
C212$@DOM1,33,5,0,0.0,False,0.025054257868099006
C2122$@DOM1,60,2,0,0.0,True,-0.04938733287019259
C2125$@DOM1,4,1,0,0.0,False,0.17867062809301132
C2128$@DOM1,4,1,0,0.0,False,0.17867062809301132
C2129$@DOM1,57,2,0,0.0,True,-0.057730781115470475
C213$@DOM1,15,4,0,0.0,False,0.040563893226028935
C2133$@DOM1,56,2,0,0.0,True,-0.061485508979954084
C2135$@DOM1,4,1,0,0.0,False,0.17867062809301132
C2137$@DOM1,8,1,0,0.0,False,0.05213598025979088
C214$@DOM1,1,1,0,0.0,False,0.1599738668733292
C2140$@DOM1,2,1,0,0.0,False,0.1641316363781049
C2143$@DOM1,3,1,0,0.0,False,0.14362845818167014
C2150$@DOM1,29,5,0,0.0,False,0.04123469880352604
C2151$@DOM1,5,2,0,0.0,False,0.15863824954069683
C2153$@DOM1,2,1,0,0.0,False,0.1641316363781049
C2155$@DOM1,2,1,0,0.0,False,0.1641316363781049
C2157$@DOM1,32,3,0,0.0,True,-0.0037102512897491113
C2159$@DOM1,4,1,0,0.0,False,0.17867062809301132
C216$@DOM1,5,2,0,0.0,False,0.15863824954069683
C2161$@DOM1,1,1,0,0.0,False,0.1599738668733292
C2162$@DOM1,2,1,0,0.0,False,0.1641316363781049
C2164$@DOM1,1,1,0,0.0,False,0.1599738668733292
C2166$@DOM1,2,1,0,0.0,False,0.1641316363781049
C2167$@DOM1,56,2,0,0.0,True,-0.061485508979954084
C2170$@DOM1,2,1,0,0.0,False,0.1641316363781049
C2173$@DOM1,20,4,0,0.0,False,0.05418266962866436
C2175$@DOM1,56,2,0,0.0,True,-0.061485508979954084
C2177$@DOM1,60,2,0,0.0,True,-0.04938733287019259
C2179$@DOM1,62,2,0,0.0,True,-0.05577950019382627
C218$@DOM1,2,1,0,0.0,False,0.1641316363781049
C2181$@DOM1,5,2,0,0.0,False,0.15863824954069683
C2183$@DOM1,32,4,0,0.0,False,0.001174127008779502
C2186$@DOM1,3,1,0,0.0,False,0.14362845818167014
C2192$@DOM1,8,3,0,0.0,False,0.07222243997980987
C2196$@DOM1,4,1,0,0.0,False,0.17867062809301132
C22$@DOM1,5,2,0,0.0,False,0.15863824954069683
C220$@DOM1,1,1,0,0.0,False,0.1599738668733292
C2202$@DOM1,1,1,0,0.0,False,0.1599738668733292
C2203$@DOM1,36,6,0,0.0,False,0.00011110998432006802
C2204$@DOM1,5,2,0,0.0,False,0.15863824954069683
C2205$@DOM1,8,2,0,0.0,False,0.10738862592754173
C2207$@DOM1,4,1,0,0.0,False,0.17867062809301132
C2209$@DOM1,2,1,0,0.0,False,0.1641316363781049
C2211$@DOM1,1,1,0,0.0,False,0.1599738668733292
C2212$@DOM1,4,1,0,0.0,False,0.17867062809301132
C2214$@DOM1,10,2,0,0.0,False,0.08211227830702306
C2217$@DOM1,4,1,0,0.0,False,0.17867062809301132
C2219$@DOM1,3,1,0,0.0,False,0.14362845818167014
C2221$@DOM1,3,1,0,0.0,False,0.14362845818167014
C2223$@DOM1,66,2,0,0.0,True,-0.0793356916489566
C2226$@DOM1,2,1,0,0.0,False,0.1641316363781049
C223$@DOM1,1,1,0,0.0,False,0.1599738668733292
C2230$@DOM1,78,9,0,0.0,True,-0.15380593717547952
C2232$@DOM1,11,3,0,0.0,False,0.06854811070516992
C2233$@DOM1,26,3,0,0.0,False,0.010775772234173253
C2234$@DOM1,12,2,0,0.0,False,0.07068774020865154
C2235$@DOM1,21,4,0,0.0,False,0.05105615610414971
C2236$@DOM1,6,3,0,0.0,False,0.035716206365098424
C2237$@DOM1,1,1,0,0.0,False,0.1599738668733292
C2238$@DOM1,2,1,0,0.0,False,0.1641316363781049
C224$@DOM1,1,1,0,0.0,False,0.1599738668733292
C2240$@DOM1,6,3,0,0.0,False,0.035716206365098424
C2242$@DOM1,2,1,0,0.0,False,0.1641316363781049
C2245$@DOM1,42,10,0,0.0,True,-0.13449361419069772
C2246$@DOM1,62,2,0,0.0,True,-0.05577950019382627
C2248$@DOM1,60,2,0,0.0,True,-0.04938733287019259
C2251$@DOM1,60,2,0,0.0,True,-0.04938733287019259
C2254$@DOM1,15,3,0,0.0,False,0.05341985570938229
C2255$@DOM1,9,3,0,0.0,False,0.07470552879155357
C2257$@DOM1,29,6,0,0.0,False,0.012199098370436201
C2259$@DOM1,17,6,0,0.0,True,-0.01921971353184826
C226$@DOM1,1,1,0,0.0,False,0.1599738668733292
C2261$@DOM1,10,3,0,0.0,False,0.07965672206982632
C2263$@DOM1,1,1,0,0.0,False,0.1599738668733292
C2264$@DOM1,3,1,0,0.0,False,0.14362845818167014
C2266$@DOM1,3,1,0,0.0,False,0.14362845818167014
C2267$@DOM1,4,1,0,0.0,False,0.17867062809301132
C2269$@DOM1,1,1,0,0.0,False,0.1599738668733292
C227$@DOM1,6,3,0,0.0,False,0.035716206365098424
C2273$@DOM1,72,2,0,0.0,True,-0.0905224850621773
C2275$@DOM1,62,2,0,0.0,True,-0.05577950019382627
C2278$@DOM1,4,1,0,0.0,False,0.17867062809301132
C2279$@DOM1,61,2,0,0.0,True,-0.052131512623500464
C228$@DOM1,4,1,0,0.0,False,0.17867062809301132
C2281$@DOM1,4,1,0,0.0,False,0.17867062809301132
C2284$@DOM1,28,3,0,0.0,False,0.005889187199134782
C2286$@DOM1,2,1,0,0.0,False,0.1641316363781049
C2287$@DOM1,20,5,0,0.0,False,0.035152110567589934
C2288$@DOM1,11,3,0,0.0,False,0.06854811070516992
C2290$@DOM1,4,1,0,0.0,False,0.17867062809301132
C2291$@DOM1,1,1,0,0.0,False,0.1599738668733292
C2292$@DOM1,1,1,0,0.0,False,0.1599738668733292
C2293$@DOM1,1,1,0,0.0,False,0.1599738668733292
C2294$@DOM1,6,2,0,0.0,False,0.1410052412851024
C2295$@DOM1,6,3,0,0.0,False,0.035716206365098424
C2297$@DOM1,15,1,0,0.0,True,-0.037970608374520154
C2299$@DOM1,1,1,0,0.0,False,0.1599738668733292
C23$@DOM1,7,3,0,0.0,False,0.0598494419819216
C230$@DOM1,5,2,0,0.0,False,0.15863824954069683
C2300$@DOM1,2,1,0,0.0,False,0.1641316363781049
C2301$@DOM1,2,1,0,0.0,False,0.1641316363781049
C2304$@DOM1,7,3,0,0.0,False,0.0598494419819216
C2306$@DOM1,5,2,0,0.0,False,0.15863824954069683
C2308$@DOM1,3,1,0,0.0,False,0.14362845818167014
C231$@DOM1,2,1,0,0.0,False,0.1641316363781049
C2311$@DOM1,60,2,0,0.0,True,-0.04938733287019259
C2315$@DOM1,4,1,0,0.0,False,0.17867062809301132
C2317$@DOM1,4,1,0,0.0,False,0.17867062809301132
C2319$@DOM1,97,3,0,0.0,True,-0.1142487512631426
C232$@DOM1,4,2,0,0.0,False,0.13662129930338773
C2321$@DOM1,31,4,0,0.0,False,0.008519692648683463
C2322$@DOM1,60,2,0,0.0,True,-0.04938733287019259
C2324$@DOM1,5,2,0,0.0,False,0.15863824954069683
C2325$@DOM1,4,1,0,0.0,False,0.17867062809301132
C233$@DOM1,4,1,0,0.0,False,0.17867062809301132
C2331$@DOM1,42,10,0,0.0,True,-0.13449361419069772
C2336$@DOM1,63,2,0,0.0,True,-0.061049273891576106
C2339$@DOM1,4,1,0,0.0,False,0.17867062809301132
C234$@DOM1,2,1,0,0.0,False,0.1641316363781049
C2342$@DOM1,4,1,0,0.0,False,0.17867062809301132
C2345$@DOM1,65,2,0,0.0,True,-0.07714649034220056
C2347$@DOM1,1,1,0,0.0,False,0.1599738668733292
C2348$@DOM1,2,1,0,0.0,False,0.1641316363781049
C235$@DOM1,3,2,0,0.0,False,0.11860981593634684
C2350$@DOM1,49,2,0,0.0,True,-0.0610296115534803
C2352$@DOM1,2,1,0,0.0,False,0.1641316363781049
C2354$@DOM1,2,1,0,0.0,False,0.1641316363781049
C2356$@DOM1,4,1,0,0.0,False,0.17867062809301132
C2358$@DOM1,48,10,0,0.0,True,-0.1412019043958368
C2359$@DOM1,4,1,0,0.0,False,0.17867062809301132
C236$@DOM1,2,1,0,0.0,False,0.1641316363781049
C2361$@DOM1,4,1,0,0.0,False,0.17867062809301132
C2363$@DOM1,4,1,0,0.0,False,0.17867062809301132
C2365$@DOM1,60,2,0,0.0,True,-0.04938733287019259
C2369$@DOM1,9,3,0,0.0,False,0.07470552879155357
C2370$@DOM1,4,1,0,0.0,False,0.17867062809301132
C2373$@DOM1,4,1,0,0.0,False,0.17867062809301132
C2374$@DOM1,56,2,0,0.0,True,-0.061485508979954084
C2377$@DOM1,10,2,0,0.0,False,0.08211227830702306
C2378$@DOM1,3,1,0,0.0,False,0.14362845818167014
C2379$@DOM1,17,3,0,0.0,False,0.05045849156180093
C238$@DOM1,2,1,0,0.0,False,0.1641316363781049
C2380$@DOM1,65,2,0,0.0,True,-0.07714649034220056
C2382$@DOM1,18,3,0,0.0,False,0.044981419653445875
C2383$@DOM1,63,2,0,0.0,True,-0.061049273891576106
C2385$@DOM1,5,1,0,0.0,False,0.11620316768869854
C2386$@DOM1,14,2,0,0.0,False,0.0597419540937244
C2388$@DOM1,5,1,0,0.0,False,0.11620316768869854
C2389$@DOM1,4,1,0,0.0,False,0.17867062809301132
C239$@DOM1,1,1,0,0.0,False,0.1599738668733292
C2390$@DOM1,8,1,0,0.0,False,0.05213598025979088
C2391$@DOM1,62,2,0,0.0,True,-0.05577950019382627
C2393$@DOM1,3,2,0,0.0,False,0.11860981593634684
C2395$@DOM1,3,1,0,0.0,False,0.14362845818167014
C2397$@DOM1,61,2,0,0.0,True,-0.052131512623500464
C2399$@DOM1,4,1,0,0.0,False,0.17867062809301132
C240$@DOM1,2,1,0,0.0,False,0.1641316363781049
C2401$@DOM1,64,2,0,0.0,True,-0.06558685013543752
C2403$@DOM1,63,2,0,0.0,True,-0.061049273891576106
C2405$@DOM1,3,2,0,0.0,False,0.11860981593634684
C2406$@DOM1,1,1,0,0.0,False,0.1599738668733292
C2408$@DOM1,3,1,0,0.0,False,0.14362845818167014
C241$@DOM1,11,2,0,0.0,False,0.07336523074882861
C2410$@DOM1,5,2,0,0.0,False,0.15863824954069683
C2411$@DOM1,64,2,0,0.0,True,-0.06558685013543752
C2413$@DOM1,12,3,0,0.0,False,0.0700959514985331
C2415$@DOM1,2,1,0,0.0,False,0.1641316363781049
C2418$@DOM1,4,1,0,0.0,False,0.17867062809301132
C242$@DOM1,5,2,0,0.0,False,0.15863824954069683
C2420$@DOM1,2,1,0,0.0,False,0.1641316363781049
C2422$@DOM1,8,1,0,0.0,False,0.05213598025979088
C2425$@DOM1,64,2,0,0.0,True,-0.06558685013543752
C2427$@DOM1,7,3,0,0.0,False,0.0598494419819216
C2428$@DOM1,33,4,0,0.0,True,-0.003746566081486269
C2431$@DOM1,4,1,0,0.0,False,0.17867062809301132
C2434$@DOM1,5,2,0,0.0,False,0.15863824954069683
C2436$@DOM1,6,1,0,0.0,False,0.07320093411388318
C2438$@DOM1,4,1,0,0.0,False,0.17867062809301132
C244$@DOM1,12,4,0,0.0,False,0.03274030661659044
C2441$@DOM1,65,2,0,0.0,True,-0.07714649034220056
C2443$@DOM1,65,2,0,0.0,True,-0.07714649034220056
C2445$@DOM1,66,2,0,0.0,True,-0.0793356916489566
C2447$@DOM1,4,1,0,0.0,False,0.17867062809301132
C2448$@DOM1,1,1,0,0.0,False,0.1599738668733292
C2449$@DOM1,63,2,0,0.0,True,-0.061049273891576106
C245$@DOM1,1,1,0,0.0,False,0.1599738668733292
C2451$@DOM1,12,2,0,0.0,False,0.07068774020865154
C2453$@DOM1,11,2,0,0.0,False,0.07336523074882861
C2455$@DOM1,64,2,0,0.0,True,-0.06558685013543752
C2459$@DOM1,2,1,0,0.0,False,0.1641316363781049
C246$@DOM1,4,1,0,0.0,False,0.17867062809301132
C2461$@DOM1,1,1,0,0.0,False,0.1599738668733292
C2462$@DOM1,1,1,0,0.0,False,0.1599738668733292
C2465$@DOM1,5,2,0,0.0,False,0.15863824954069683
C2466$@DOM1,5,2,0,0.0,False,0.15863824954069683
C2468$@DOM1,3,1,0,0.0,False,0.14362845818167014
C247$@DOM1,34,3,0,0.0,True,-0.01354552716960944
C2470$@DOM1,4,1,0,0.0,False,0.17867062809301132
C2472$@DOM1,8,3,0,0.0,False,0.07222243997980987
C2473$@DOM1,5,2,0,0.0,False,0.15863824954069683
C2475$@DOM1,24,2,0,0.0,True,-0.0002038756162963118
C2477$@DOM1,64,2,0,0.0,True,-0.06558685013543752
C2479$@DOM1,4,1,0,0.0,False,0.17867062809301132
C2480$@DOM1,14,2,0,0.0,False,0.0597419540937244
C2481$@DOM1,4,1,0,0.0,False,0.17867062809301132
C2482$@DOM1,5,2,0,0.0,False,0.15863824954069683
C2483$@DOM1,4,1,0,0.0,False,0.17867062809301132
C2484$@DOM1,5,2,0,0.0,False,0.15863824954069683
C2486$@DOM1,6,2,0,0.0,False,0.1410052412851024
C2489$@DOM1,4,1,0,0.0,False,0.17867062809301132
C249$@DOM1,1,1,0,0.0,False,0.1599738668733292
C2491$@DOM1,60,2,0,0.0,True,-0.04938733287019259
C2496$@DOM1,2,1,0,0.0,False,0.1641316363781049
C2498$@DOM1,4,1,0,0.0,False,0.17867062809301132
C2499$@DOM1,57,2,0,0.0,True,-0.057730781115470475
C25$@DOM1,3,2,0,0.0,False,0.11860981593634684
C2501$@DOM1,2,1,0,0.0,False,0.1641316363781049
C2503$@DOM1,1,1,0,0.0,False,0.1599738668733292
C2504$@DOM1,1,1,0,0.0,False,0.1599738668733292
C2506$@DOM1,6,2,0,0.0,False,0.1410052412851024
C2507$@DOM1,1,1,0,0.0,False,0.1599738668733292
C2508$@DOM1,4,1,0,0.0,False,0.17867062809301132
C251$@DOM1,1,1,0,0.0,False,0.1599738668733292
C2510$@DOM1,2,1,0,0.0,False,0.1641316363781049
C2511$@DOM1,14,2,0,0.0,False,0.0597419540937244
C2513$@DOM1,3,1,0,0.0,False,0.14362845818167014
C2514$@DOM1,4,1,0,0.0,False,0.17867062809301132
C2517$@DOM1,4,1,0,0.0,False,0.17867062809301132
C2519$@DOM1,4,1,0,0.0,False,0.17867062809301132
C252$@DOM1,4,2,0,0.0,False,0.13662129930338773
C2521$@DOM1,32,3,0,0.0,True,-0.0037102512897491113
C2523$@DOM1,56,2,0,0.0,True,-0.061485508979954084
C2526$@DOM1,1,1,0,0.0,False,0.1599738668733292
C2529$@DOM1,4,1,0,0.0,False,0.17867062809301132
C253$@DOM1,4,1,0,0.0,False,0.17867062809301132
C2530$@DOM1,3,2,0,0.0,False,0.11860981593634684
C2532$@DOM1,4,2,0,0.0,False,0.13662129930338773
C2533$@DOM1,13,2,0,0.0,False,0.06386095617539855
C2535$@DOM1,5,2,0,0.0,False,0.15863824954069683
C2536$@DOM1,1,1,0,0.0,False,0.1599738668733292
C2537$@DOM1,1,1,0,0.0,False,0.1599738668733292
C2538$@DOM1,4,1,0,0.0,False,0.17867062809301132
C254$@DOM1,1,1,0,0.0,False,0.1599738668733292
C2540$@DOM1,4,1,0,0.0,False,0.17867062809301132
C2542$@DOM1,2,1,0,0.0,False,0.1641316363781049
C2545$@DOM1,47,10,0,0.0,True,-0.14212853412650273
C2547$@DOM1,16,3,0,0.0,False,0.05054649112809345
C2549$@DOM1,3,1,0,0.0,False,0.14362845818167014
C255$@DOM1,1,1,0,0.0,False,0.1599738668733292
C2551$@DOM1,5,2,0,0.0,False,0.15863824954069683
C2554$@DOM1,4,1,0,0.0,False,0.17867062809301132
C2556$@DOM1,1,1,0,0.0,False,0.1599738668733292
C2558$@DOM1,2,1,0,0.0,False,0.1641316363781049
C2559$@DOM1,6,1,0,0.0,False,0.07320093411388318
C256$@DOM1,1,1,0,0.0,False,0.1599738668733292
C2560$@DOM1,26,4,0,0.0,False,0.02690626940671137
C2562$@DOM1,4,1,0,0.0,False,0.17867062809301132
C2564$@DOM1,1,1,0,0.0,False,0.1599738668733292
C2565$@DOM1,8,2,0,0.0,False,0.10738862592754173
C2568$@DOM1,2,1,0,0.0,False,0.1641316363781049
C257$@DOM1,1,1,0,0.0,False,0.1599738668733292
C2570$@DOM1,4,1,0,0.0,False,0.17867062809301132
C2576$@DOM1,7,2,0,0.0,False,0.11426715145421151
C2577$@DOM1,8,3,0,0.0,False,0.07222243997980987
C2578$@DOM1,1,1,0,0.0,False,0.1599738668733292
C2579$@DOM1,4,1,0,0.0,False,0.17867062809301132
C258$@DOM1,4,2,0,0.0,False,0.13662129930338773
C2580$@DOM1,3,1,0,0.0,False,0.14362845818167014
C2583$@DOM1,14,4,0,0.0,False,0.041496161821001354
C2584$@DOM1,5,2,0,0.0,False,0.15863824954069683
C2586$@DOM1,3,1,0,0.0,False,0.14362845818167014
C2589$@DOM1,10,2,0,0.0,False,0.08211227830702306
C2591$@DOM1,3,1,0,0.0,False,0.14362845818167014
C2593$@DOM1,25,4,0,0.0,False,0.03497214846160257
C2594$@DOM1,47,5,0,0.0,True,-0.025128312240892292
C2596$@DOM1,1,1,0,0.0,False,0.1599738668733292
C2598$@DOM1,5,2,0,0.0,False,0.15863824954069683
C26$@DOM1,22,4,0,0.0,False,0.05071085220112226
C260$@DOM1,1,1,0,0.0,False,0.1599738668733292
C2600$@DOM1,2,1,0,0.0,False,0.1641316363781049
C2602$@DOM1,34,6,0,0.0,False,0.008260045962855345
C2606$@DOM1,4,1,0,0.0,False,0.17867062809301132
C2608$@DOM1,2,1,0,0.0,False,0.1641316363781049
C2609$@DOM1,3,1,0,0.0,False,0.14362845818167014
C261$@DOM1,3,2,0,0.0,False,0.11860981593634684
C2610$@DOM1,4,1,0,0.0,False,0.17867062809301132
C2612$@DOM1,4,1,0,0.0,False,0.17867062809301132
C2614$@DOM1,27,4,0,0.0,False,0.027327793207135853
C2616$@DOM1,4,1,0,0.0,False,0.17867062809301132
C2619$@DOM1,4,1,0,0.0,False,0.17867062809301132
C262$@DOM1,1,1,0,0.0,False,0.1599738668733292
C2622$@DOM1,8,2,0,0.0,False,0.10738862592754173
C2623$@DOM1,1,1,0,0.0,False,0.1599738668733292
C2624$@DOM1,4,2,0,0.0,False,0.13662129930338773
C2627$@DOM1,7,2,0,0.0,False,0.11426715145421151
C2629$@DOM1,4,1,0,0.0,False,0.17867062809301132
C263$@DOM1,3,2,0,0.0,False,0.11860981593634684
C2633$@DOM1,1,1,0,0.0,False,0.1599738668733292
C2634$@DOM1,3,1,0,0.0,False,0.14362845818167014
C2635$@DOM1,4,1,0,0.0,False,0.17867062809301132
C2637$@DOM1,3,1,0,0.0,False,0.14362845818167014
C2638$@DOM1,4,1,0,0.0,False,0.17867062809301132
C2640$@DOM1,3,1,0,0.0,False,0.14362845818167014
C2641$@DOM1,4,1,0,0.0,False,0.17867062809301132
C2643$@DOM1,1,1,0,0.0,False,0.1599738668733292
C2646$@DOM1,4,1,0,0.0,False,0.17867062809301132
C2647$@DOM1,4,1,0,0.0,False,0.17867062809301132
C2648$@DOM1,1,1,0,0.0,False,0.1599738668733292
C2649$@DOM1,32,1,0,0.0,True,-0.07658137080277916
C265$@DOM1,5,2,0,0.0,False,0.15863824954069683
C2650$@DOM1,42,3,0,0.0,True,-0.033526088647383934
C2651$@DOM1,4,1,0,0.0,False,0.17867062809301132
C2652$@DOM1,3,1,0,0.0,False,0.14362845818167014
C2653$@DOM1,44,2,0,0.0,True,-0.045058045836991245
C2654$@DOM1,8,4,0,0.0,False,0.011884211111200305
C2656$@DOM1,2,1,0,0.0,False,0.1641316363781049
C2657$@DOM1,12,3,0,0.0,False,0.0700959514985331
C2658$@DOM1,4,1,0,0.0,False,0.17867062809301132
C2659$@DOM1,3,2,0,0.0,False,0.11860981593634684
C2661$@DOM1,1,1,0,0.0,False,0.1599738668733292
C2663$@DOM1,4,1,0,0.0,False,0.17867062809301132
C2665$@DOM1,11,2,0,0.0,False,0.07336523074882861
C2667$@DOM1,10,3,0,0.0,False,0.07965672206982632
C2668$@DOM1,4,1,0,0.0,False,0.17867062809301132
C2669$@DOM1,4,1,0,0.0,False,0.17867062809301132
C2670$@DOM1,1,1,0,0.0,False,0.1599738668733292
C2671$@DOM1,5,2,0,0.0,False,0.15863824954069683
C2674$@DOM1,16,2,0,0.0,False,0.03494652296737133
C2676$@DOM1,2,1,0,0.0,False,0.1641316363781049
C2677$@DOM1,4,1,0,0.0,False,0.17867062809301132
C2679$@DOM1,14,2,0,0.0,False,0.0597419540937244
C268$@DOM1,5,2,0,0.0,False,0.15863824954069683
C2681$@DOM1,6,2,0,0.0,False,0.1410052412851024
C2683$@DOM1,4,2,0,0.0,False,0.13662129930338773
C2685$@DOM1,4,1,0,0.0,False,0.17867062809301132
C2686$@DOM1,5,2,0,0.0,False,0.15863824954069683
C2687$@DOM1,4,1,0,0.0,False,0.17867062809301132
C2688$@DOM1,9,3,0,0.0,False,0.07470552879155357
C2689$@DOM1,8,3,0,0.0,False,0.07222243997980987
C269$@DOM1,12,5,0,0.0,True,-0.006306610942542257
C2690$@DOM1,4,1,0,0.0,False,0.17867062809301132
C2692$@DOM1,7,2,0,0.0,False,0.11426715145421151
C2694$@DOM1,8,2,0,0.0,False,0.10738862592754173
C2696$@DOM1,4,2,0,0.0,False,0.13662129930338773
C2697$@DOM1,4,1,0,0.0,False,0.17867062809301132
C27$@DOM1,4,1,0,0.0,False,0.17867062809301132
C270$@DOM1,8,3,0,0.0,False,0.07222243997980987
C2700$@DOM1,2,1,0,0.0,False,0.1641316363781049
C2701$@DOM1,1,1,0,0.0,False,0.1599738668733292
C2702$@DOM1,4,1,0,0.0,False,0.17867062809301132
C2704$@DOM1,4,1,0,0.0,False,0.17867062809301132
C2707$@DOM1,4,1,0,0.0,False,0.17867062809301132
C2708$@DOM1,18,4,0,0.0,False,0.05250671922702682
C271$@DOM1,15,3,0,0.0,False,0.05341985570938229
C2710$@DOM1,94,7,0,0.0,True,-0.14260163884513688
C2712$@DOM1,2,1,0,0.0,False,0.1641316363781049
C2714$@DOM1,3,1,0,0.0,False,0.14362845818167014
C2716$@DOM1,18,3,0,0.0,False,0.044981419653445875
C2719$@DOM1,22,4,0,0.0,False,0.05071085220112226
C272$@DOM1,5,2,0,0.0,False,0.15863824954069683
C2721$@DOM1,2,1,0,0.0,False,0.1641316363781049
C2722$@DOM1,18,2,0,0.0,False,0.019060353076552294
C2724$@DOM1,5,2,0,0.0,False,0.15863824954069683
C2725$@DOM1,20,5,0,0.0,False,0.035152110567589934
C2729$@DOM1,4,1,0,0.0,False,0.17867062809301132
C273$@DOM1,1,1,0,0.0,False,0.1599738668733292
C2731$@DOM1,3,1,0,0.0,False,0.14362845818167014
C2732$@DOM1,4,1,0,0.0,False,0.17867062809301132
C2733$@DOM1,10,3,0,0.0,False,0.07965672206982632
C2734$@DOM1,5,2,0,0.0,False,0.15863824954069683
C2735$@DOM1,3,1,0,0.0,False,0.14362845818167014
C2737$@DOM1,4,1,0,0.0,False,0.17867062809301132
C2738$@DOM1,2,1,0,0.0,False,0.1641316363781049
C274$@DOM1,5,2,0,0.0,False,0.15863824954069683
C2740$@DOM1,4,1,0,0.0,False,0.17867062809301132
C2742$@DOM1,12,2,0,0.0,False,0.07068774020865154
C2743$@DOM1,4,1,0,0.0,False,0.17867062809301132
C2744$@DOM1,4,1,0,0.0,False,0.17867062809301132
C2747$@DOM1,4,1,0,0.0,False,0.17867062809301132
C2749$@DOM1,2,1,0,0.0,False,0.1641316363781049
C275$@DOM1,1,1,0,0.0,False,0.1599738668733292
C2751$@DOM1,1,1,0,0.0,False,0.1599738668733292
C2753$@DOM1,11,2,0,0.0,False,0.07336523074882861
C2754$@DOM1,2,1,0,0.0,False,0.1641316363781049
C2755$@DOM1,4,1,0,0.0,False,0.17867062809301132
C2757$@DOM1,9,3,0,0.0,False,0.07470552879155357
C2758$@DOM1,1,1,0,0.0,False,0.1599738668733292
C2759$@DOM1,5,2,0,0.0,False,0.15863824954069683
C276$@DOM1,2,1,0,0.0,False,0.1641316363781049
C2761$@DOM1,3,1,0,0.0,False,0.14362845818167014
C2762$@DOM1,4,1,0,0.0,False,0.17867062809301132
C2766$@DOM1,2,1,0,0.0,False,0.1641316363781049
C2767$@DOM1,5,2,0,0.0,False,0.15863824954069683
C2768$@DOM1,10,3,0,0.0,False,0.07965672206982632
C2769$@DOM1,3,1,0,0.0,False,0.14362845818167014
C2775$@DOM1,17,3,0,0.0,False,0.05045849156180093
C2777$@DOM1,2,1,0,0.0,False,0.1641316363781049
C2778$@DOM1,6,1,0,0.0,False,0.07320093411388318
C278$@DOM1,1,1,0,0.0,False,0.1599738668733292
C2780$@DOM1,5,3,0,0.0,False,0.030235377534894803
C2782$@DOM1,1,1,0,0.0,False,0.1599738668733292
C2783$@DOM1,42,10,0,0.0,True,-0.13449361419069772
C2784$@DOM1,3,1,0,0.0,False,0.14362845818167014
C2786$@DOM1,4,1,0,0.0,False,0.17867062809301132
C2788$@DOM1,6,3,0,0.0,False,0.035716206365098424
C279$@DOM1,9,3,0,0.0,False,0.07470552879155357
C2790$@DOM1,2,1,0,0.0,False,0.1641316363781049
C2792$@DOM1,5,2,0,0.0,False,0.15863824954069683
C2794$@DOM1,8,2,0,0.0,False,0.10738862592754173
C2796$@DOM1,46,8,0,0.0,True,-0.09592457163627532
C2798$@DOM1,4,1,0,0.0,False,0.17867062809301132
C28$@DOM1,10,3,0,0.0,False,0.07965672206982632
C280$@DOM1,4,1,0,0.0,False,0.17867062809301132
C2800$@DOM1,8,3,0,0.0,False,0.07222243997980987
C2802$@DOM1,4,2,0,0.0,False,0.13662129930338773
C2803$@DOM1,4,1,0,0.0,False,0.17867062809301132
C2804$@DOM1,2,1,0,0.0,False,0.1641316363781049
C2805$@DOM1,4,1,0,0.0,False,0.17867062809301132
C2807$@DOM1,4,1,0,0.0,False,0.17867062809301132
C281$@DOM1,6,2,0,0.0,False,0.1410052412851024
C2811$@DOM1,6,2,0,0.0,False,0.1410052412851024
C2814$@DOM1,4,1,0,0.0,False,0.17867062809301132
C2815$@DOM1,3,2,0,0.0,False,0.11860981593634684
C2816$@DOM1,9,3,0,0.0,False,0.07470552879155357
C2817$@DOM1,3,1,0,0.0,False,0.14362845818167014
C2819$@DOM1,1,1,0,0.0,False,0.1599738668733292
C282$@DOM1,10,3,0,0.0,False,0.07965672206982632
C2820$@DOM1,5,2,0,0.0,False,0.15863824954069683
C2821$@DOM1,7,2,0,0.0,False,0.11426715145421151
C2825$@DOM1,3,2,0,0.0,False,0.11860981593634684
C2826$@DOM1,5,2,0,0.0,False,0.15863824954069683
C2827$@DOM1,1,1,0,0.0,False,0.1599738668733292
C2829$@DOM1,2,1,0,0.0,False,0.1641316363781049
C283$@DOM1,3,2,0,0.0,False,0.11860981593634684
C2831$@DOM1,4,2,0,0.0,False,0.13662129930338773
C2835$@DOM1,5,1,0,0.0,False,0.11620316768869854
C2836$@DOM1,4,1,0,0.0,False,0.17867062809301132
C2839$@DOM1,4,1,0,0.0,False,0.17867062809301132
C2841$@DOM1,43,10,0,0.0,True,-0.1391051630573541
C2842$@DOM1,6,2,0,0.0,False,0.1410052412851024
C2844$@DOM1,3,1,0,0.0,False,0.14362845818167014
C2846$@DOM1,2,1,0,0.0,False,0.1641316363781049
C2848$@DOM1,2,1,0,0.0,False,0.1641316363781049
C285$@DOM1,1,1,0,0.0,False,0.1599738668733292
C2850$@DOM1,5,2,0,0.0,False,0.15863824954069683
C2851$@DOM1,1,1,0,0.0,False,0.1599738668733292
C2852$@DOM1,6,2,0,0.0,False,0.1410052412851024
C2854$@DOM1,4,2,0,0.0,False,0.13662129930338773
C2855$@DOM1,5,2,0,0.0,False,0.15863824954069683
C2857$@DOM1,4,1,0,0.0,False,0.17867062809301132
C2859$@DOM1,4,1,0,0.0,False,0.17867062809301132
C286$@DOM1,5,2,0,0.0,False,0.15863824954069683
C2861$@DOM1,4,2,0,0.0,False,0.13662129930338773
C2866$@DOM1,5,3,0,0.0,False,0.030235377534894803
C2869$@DOM1,4,1,0,0.0,False,0.17867062809301132
C2870$@DOM1,1,1,0,0.0,False,0.1599738668733292
C2871$@DOM1,8,1,0,0.0,False,0.05213598025979088
C2873$@DOM1,12,1,0,0.0,True,-0.005687955435255132
C2875$@DOM1,4,1,0,0.0,False,0.17867062809301132
C2877$@DOM1,2,1,0,0.0,False,0.1641316363781049
C2879$@DOM1,4,1,0,0.0,False,0.17867062809301132
C2883$@DOM1,6,2,0,0.0,False,0.1410052412851024
C2886$@DOM1,7,2,0,0.0,False,0.11426715145421151
C2888$@DOM1,4,1,0,0.0,False,0.17867062809301132
C2890$@DOM1,2,1,0,0.0,False,0.1641316363781049
C2892$@DOM1,44,10,0,0.0,True,-0.13772181894872237
C2893$@DOM1,22,3,0,0.0,False,0.034330673744587537
C2895$@DOM1,4,1,0,0.0,False,0.17867062809301132
C2897$@DOM1,4,1,0,0.0,False,0.17867062809301132
C2899$@DOM1,29,5,0,0.0,False,0.04123469880352604
C29$@DOM1,2,1,0,0.0,False,0.1641316363781049
C2900$@DOM1,9,2,0,0.0,False,0.08922832485411009
C2901$@DOM1,4,1,0,0.0,False,0.17867062809301132
C2902$@DOM1,4,1,0,0.0,False,0.17867062809301132
C2905$@DOM1,22,4,0,0.0,False,0.05071085220112226
C2908$@DOM1,16,2,0,0.0,False,0.03494652296737133
C2909$@DOM1,4,1,0,0.0,False,0.17867062809301132
C291$@DOM1,13,3,0,0.0,False,0.06769696623732013
C2911$@DOM1,8,2,0,0.0,False,0.10738862592754173
C2913$@DOM1,2,1,0,0.0,False,0.1641316363781049
C2914$@DOM1,1,1,0,0.0,False,0.1599738668733292
C2916$@DOM1,4,1,0,0.0,False,0.17867062809301132
C2918$@DOM1,8,1,0,0.0,False,0.05213598025979088
C292$@DOM1,2,1,0,0.0,False,0.1641316363781049
C2920$@DOM1,4,1,0,0.0,False,0.17867062809301132
C2922$@DOM1,10,1,0,0.0,False,0.015543095157789288
C2923$@DOM1,4,1,0,0.0,False,0.17867062809301132
C2925$@DOM1,7,2,0,0.0,False,0.11426715145421151
C2927$@DOM1,5,2,0,0.0,False,0.15863824954069683
C2929$@DOM1,4,1,0,0.0,False,0.17867062809301132
C293$@DOM1,5,2,0,0.0,False,0.15863824954069683
C2931$@DOM1,18,4,0,0.0,False,0.05250671922702682
C2933$@DOM1,2,1,0,0.0,False,0.1641316363781049
C2934$@DOM1,6,2,0,0.0,False,0.1410052412851024
C2935$@DOM1,1,1,0,0.0,False,0.1599738668733292
C2936$@DOM1,4,1,0,0.0,False,0.17867062809301132
C2938$@DOM1,1,1,0,0.0,False,0.1599738668733292
C294$@DOM1,7,3,0,0.0,False,0.0598494419819216
C2940$@DOM1,1,1,0,0.0,False,0.1599738668733292
C2941$@DOM1,43,10,0,0.0,True,-0.1391051630573541
C2943$@DOM1,4,1,0,0.0,False,0.17867062809301132
C2944$@DOM1,4,2,0,0.0,False,0.13662129930338773
C2945$@DOM1,12,1,0,0.0,True,-0.005687955435255132
C2947$@DOM1,2,1,0,0.0,False,0.1641316363781049
C2949$@DOM1,4,1,0,0.0,False,0.17867062809301132
C295$@DOM1,1,1,0,0.0,False,0.1599738668733292
C2952$@DOM1,8,1,0,0.0,False,0.05213598025979088
C2954$@DOM1,9,3,0,0.0,False,0.07470552879155357
C2955$@DOM1,40,8,0,0.0,True,-0.0779866937605952
C2957$@DOM1,3,2,0,0.0,False,0.11860981593634684
C2958$@DOM1,4,1,0,0.0,False,0.17867062809301132
C296$@DOM1,1,1,0,0.0,False,0.1599738668733292
C2960$@DOM1,6,2,0,0.0,False,0.1410052412851024
C2962$@DOM1,20,3,0,0.0,False,0.038921490398996506
C2963$@DOM1,4,1,0,0.0,False,0.17867062809301132
C2964$@DOM1,4,1,0,0.0,False,0.17867062809301132
C2966$@DOM1,4,1,0,0.0,False,0.17867062809301132
C297$@DOM1,1,1,0,0.0,False,0.1599738668733292
C2970$@DOM1,4,1,0,0.0,False,0.17867062809301132
C2971$@DOM1,2,1,0,0.0,False,0.1641316363781049
C2972$@DOM1,4,1,0,0.0,False,0.17867062809301132
C2975$@DOM1,27,2,0,0.0,True,-0.01366901300590262
C2976$@DOM1,20,1,0,0.0,True,-0.049123611943577616
C2978$@DOM1,4,1,0,0.0,False,0.17867062809301132
C298$@DOM1,6,2,0,0.0,False,0.1410052412851024
C2980$@DOM1,6,3,0,0.0,False,0.035716206365098424
C2981$@DOM1,2,1,0,0.0,False,0.1641316363781049
C2982$@DOM1,58,10,0,0.0,True,-0.15557327445545188
C2985$@DOM1,24,5,0,0.0,False,0.04450367428793661
C2987$@DOM1,4,1,0,0.0,False,0.17867062809301132
C2989$@DOM1,31,3,0,0.0,True,-0.0024044979035126035
C299$@DOM1,1,1,0,0.0,False,0.1599738668733292
C2991$@DOM1,32,6,0,0.0,False,0.008152019782404651
C2992$@DOM1,17,4,0,0.0,False,0.05304125927911557
C2993$@DOM1,33,3,0,0.0,True,-0.008739595768789021
C2997$@DOM1,4,1,0,0.0,False,0.17867062809301132
C3$@DOM1,6,2,0,0.0,False,0.1410052412851024
C30$@DOM1,37,6,0,0.0,True,-0.0018387862313847814
C300$@DOM1,13,5,0,0.0,True,-0.0032489103462592928
C3001$@DOM1,2,1,0,0.0,False,0.1641316363781049
C3007$@DOM1,6,2,0,0.0,False,0.1410052412851024
C3008$@DOM1,2,1,0,0.0,False,0.1641316363781049
C301$@DOM1,1,1,0,0.0,False,0.1599738668733292
C3013$@DOM1,4,1,0,0.0,False,0.17867062809301132
C3015$@DOM1,69,12,0,0.0,True,-0.20149457587622
C3017$@DOM1,13,4,0,0.0,False,0.03563049506189375
C3019$@DOM1,4,2,0,0.0,False,0.13662129930338773
C302$@DOM1,5,2,0,0.0,False,0.15863824954069683
C3022$@DOM1,18,3,0,0.0,False,0.044981419653445875
C3024$@DOM1,4,1,0,0.0,False,0.17867062809301132
C3025$@DOM1,9,2,0,0.0,False,0.08922832485411009
C3026$@DOM1,4,1,0,0.0,False,0.17867062809301132
C3027$@DOM1,4,1,0,0.0,False,0.17867062809301132
C3029$@DOM1,4,1,0,0.0,False,0.17867062809301132
C303$@DOM1,2,1,0,0.0,False,0.1641316363781049
C3030$@DOM1,18,4,0,0.0,False,0.05250671922702682
C3031$@DOM1,4,1,0,0.0,False,0.17867062809301132
C3033$@DOM1,47,10,0,0.0,True,-0.14212853412650273
C3034$@DOM1,6,1,0,0.0,False,0.07320093411388318
C3035$@DOM1,2,1,0,0.0,False,0.1641316363781049
C3036$@DOM1,2,1,0,0.0,False,0.1641316363781049
C3038$@DOM1,5,2,0,0.0,False,0.15863824954069683
C3039$@DOM1,2,1,0,0.0,False,0.1641316363781049
C304$@DOM1,24,7,0,0.0,True,-0.05801646163850949
C3040$@DOM1,5,2,0,0.0,False,0.15863824954069683
C3042$@DOM1,28,4,0,0.0,False,0.02494525754081356
C3044$@DOM1,3,1,0,0.0,False,0.14362845818167014
C3046$@DOM1,4,1,0,0.0,False,0.17867062809301132
C3049$@DOM1,2,1,0,0.0,False,0.1641316363781049
C305$@DOM1,3,1,0,0.0,False,0.14362845818167014
C3050$@DOM1,4,1,0,0.0,False,0.17867062809301132
C3052$@DOM1,4,1,0,0.0,False,0.17867062809301132
C3055$@DOM1,4,1,0,0.0,False,0.17867062809301132
C3056$@DOM1,4,1,0,0.0,False,0.17867062809301132
C3058$@DOM1,3,1,0,0.0,False,0.14362845818167014
C3059$@DOM1,2,1,0,0.0,False,0.1641316363781049
C306$@DOM1,14,3,0,0.0,False,0.06601573047298809
C3060$@DOM1,4,1,0,0.0,False,0.17867062809301132
C3061$@DOM1,4,1,0,0.0,False,0.17867062809301132
C3062$@DOM1,1,1,0,0.0,False,0.1599738668733292
C3063$@DOM1,4,1,0,0.0,False,0.17867062809301132
C3064$@DOM1,4,1,0,0.0,False,0.17867062809301132
C3067$@DOM1,2,2,0,0.0,False,0.06768444225637532
C3068$@DOM1,25,3,0,0.0,False,0.01285146334192766
C3072$@DOM1,5,2,0,0.0,False,0.15863824954069683
C3073$@DOM1,4,1,0,0.0,False,0.17867062809301132
C3074$@DOM1,3,1,0,0.0,False,0.14362845818167014
C3075$@DOM1,4,1,0,0.0,False,0.17867062809301132
C3078$@DOM1,4,1,0,0.0,False,0.17867062809301132
C3079$@DOM1,17,3,0,0.0,False,0.05045849156180093
C308$@DOM1,23,4,0,0.0,False,0.04178438789915273
C3081$@DOM1,5,2,0,0.0,False,0.15863824954069683
C3084$@DOM1,18,3,0,0.0,False,0.044981419653445875
C3086$@DOM1,15,3,0,0.0,False,0.05341985570938229
C3088$@DOM1,7,2,0,0.0,False,0.11426715145421151
C309$@DOM1,4,2,0,0.0,False,0.13662129930338773
C3090$@DOM1,2,1,0,0.0,False,0.1641316363781049
C3091$@DOM1,4,1,0,0.0,False,0.17867062809301132
C3094$@DOM1,4,1,0,0.0,False,0.17867062809301132
C3096$@DOM1,2,1,0,0.0,False,0.1641316363781049
C3097$@DOM1,10,3,0,0.0,False,0.07965672206982632
C3098$@DOM1,3,2,0,0.0,False,0.11860981593634684
C31$@DOM1,1,1,0,0.0,False,0.1599738668733292
C310$@DOM1,7,2,0,0.0,False,0.11426715145421151
C3100$@DOM1,3,1,0,0.0,False,0.14362845818167014
C3101$@DOM1,6,2,0,0.0,False,0.1410052412851024
C3103$@DOM1,26,4,0,0.0,False,0.02690626940671137
C3105$@DOM1,4,1,0,0.0,False,0.17867062809301132
C3108$@DOM1,11,3,0,0.0,False,0.06854811070516992
C311$@DOM1,38,6,0,0.0,True,-0.011959244772610123
C3110$@DOM1,4,1,0,0.0,False,0.17867062809301132
C3112$@DOM1,5,2,0,0.0,False,0.15863824954069683
C3114$@DOM1,2,1,0,0.0,False,0.1641316363781049
C3116$@DOM1,38,10,0,0.0,True,-0.13307896608604397
C3117$@DOM1,2,1,0,0.0,False,0.1641316363781049
C312$@DOM1,10,3,0,0.0,False,0.07965672206982632
C3120$@DOM1,4,1,0,0.0,False,0.17867062809301132
C3122$@DOM1,4,1,0,0.0,False,0.17867062809301132
C3124$@DOM1,7,1,0,0.0,False,0.05313022515510851
C3126$@DOM1,1,1,0,0.0,False,0.1599738668733292
C3128$@DOM1,4,1,0,0.0,False,0.17867062809301132
C3131$@DOM1,11,4,0,0.0,False,0.024361885690953766
C3132$@DOM1,4,1,0,0.0,False,0.17867062809301132
C3134$@DOM1,5,2,0,0.0,False,0.15863824954069683
C3137$@DOM1,4,1,0,0.0,False,0.17867062809301132
C3139$@DOM1,5,2,0,0.0,False,0.15863824954069683
C314$@DOM1,1,1,0,0.0,False,0.1599738668733292
C3140$@DOM1,22,5,0,0.0,False,0.04691751451462195
C3141$@DOM1,4,1,0,0.0,False,0.17867062809301132
C3143$@DOM1,1,1,0,0.0,False,0.1599738668733292
C3144$@DOM1,35,5,0,0.0,False,0.011237685401156772
C3145$@DOM1,4,1,0,0.0,False,0.17867062809301132
C3147$@DOM1,46,10,0,0.0,True,-0.1412019043958368
C3148$@DOM1,4,2,0,0.0,False,0.13662129930338773
C3149$@DOM1,2,1,0,0.0,False,0.1641316363781049
C315$@DOM1,5,2,0,0.0,False,0.15863824954069683
C3150$@DOM1,4,1,0,0.0,False,0.17867062809301132
C3151$@DOM1,4,1,0,0.0,False,0.17867062809301132
C3153$@DOM1,4,1,0,0.0,False,0.17867062809301132
C3156$@DOM1,4,1,0,0.0,False,0.17867062809301132
C3157$@DOM1,25,3,0,0.0,False,0.01285146334192766
C3159$@DOM1,25,5,0,0.0,False,0.04347286148255747
C316$@DOM1,4,2,0,0.0,False,0.13662129930338773
C3161$@DOM1,2,1,0,0.0,False,0.1641316363781049
C3163$@DOM1,4,1,0,0.0,False,0.17867062809301132
C3165$@DOM1,4,1,0,0.0,False,0.17867062809301132
C3167$@DOM1,4,1,0,0.0,False,0.17867062809301132
C317$@DOM1,5,2,0,0.0,False,0.15863824954069683
C3170$@DOM1,1,1,0,0.0,False,0.1599738668733292
C3171$@DOM1,2,1,0,0.0,False,0.1641316363781049
C3173$@DOM1,2,1,0,0.0,False,0.1641316363781049
C3174$@DOM1,4,1,0,0.0,False,0.17867062809301132
C3176$@DOM1,2,1,0,0.0,False,0.1641316363781049
C3179$@DOM1,2,1,0,0.0,False,0.1641316363781049
C318$@DOM1,9,3,0,0.0,False,0.07470552879155357
C3181$@DOM1,5,2,0,0.0,False,0.15863824954069683
C3183$@DOM1,2,1,0,0.0,False,0.1641316363781049
C3189$@DOM1,3,1,0,0.0,False,0.14362845818167014
C319$@DOM1,1,1,0,0.0,False,0.1599738668733292
C3193$@DOM1,4,1,0,0.0,False,0.17867062809301132
C3194$@DOM1,2,1,0,0.0,False,0.1641316363781049
C3196$@DOM1,4,1,0,0.0,False,0.17867062809301132
C3199$@DOM1,2,1,0,0.0,False,0.1641316363781049
C32$@DOM1,5,2,0,0.0,False,0.15863824954069683
C320$@DOM1,5,2,0,0.0,False,0.15863824954069683
C3200$@DOM1,3,1,0,0.0,False,0.14362845818167014
C3202$@DOM1,5,2,0,0.0,False,0.15863824954069683
C3204$@DOM1,6,2,0,0.0,False,0.1410052412851024
C3206$@DOM1,4,1,0,0.0,False,0.17867062809301132
C3208$@DOM1,4,1,0,0.0,False,0.17867062809301132
C321$@DOM1,1,1,0,0.0,False,0.1599738668733292
C3210$@DOM1,1,1,0,0.0,False,0.1599738668733292
C3211$@DOM1,6,1,0,0.0,False,0.07320093411388318
C3214$@DOM1,4,1,0,0.0,False,0.17867062809301132
C3215$@DOM1,8,2,0,0.0,False,0.10738862592754173
C3217$@DOM1,4,1,0,0.0,False,0.17867062809301132
C3219$@DOM1,47,10,0,0.0,True,-0.14212853412650273
C322$@DOM1,1,1,0,0.0,False,0.1599738668733292
C3221$@DOM1,6,2,0,0.0,False,0.1410052412851024
C3223$@DOM1,4,1,0,0.0,False,0.17867062809301132
C3224$@DOM1,5,2,0,0.0,False,0.15863824954069683
C3226$@DOM1,4,1,0,0.0,False,0.17867062809301132
C3227$@DOM1,4,1,0,0.0,False,0.17867062809301132
C323$@DOM1,1,1,0,0.0,False,0.1599738668733292
C3230$@DOM1,6,2,0,0.0,False,0.1410052412851024
C3232$@DOM1,4,1,0,0.0,False,0.17867062809301132
C3236$@DOM1,5,2,0,0.0,False,0.15863824954069683
C3237$@DOM1,6,2,0,0.0,False,0.1410052412851024
C3239$@DOM1,2,1,0,0.0,False,0.1641316363781049
C324$@DOM1,2,1,0,0.0,False,0.1641316363781049
C3242$@DOM1,22,3,0,0.0,False,0.034330673744587537
C3245$@DOM1,4,1,0,0.0,False,0.17867062809301132
C3247$@DOM1,4,1,0,0.0,False,0.17867062809301132
C3249$@DOM1,20,4,0,0.0,False,0.05418266962866436
C3250$@DOM1,2,1,0,0.0,False,0.1641316363781049
C3252$@DOM1,4,1,0,0.0,False,0.17867062809301132
C3254$@DOM1,4,1,0,0.0,False,0.17867062809301132
C3256$@DOM1,2,1,0,0.0,False,0.1641316363781049
C3258$@DOM1,6,2,0,0.0,False,0.1410052412851024
C326$@DOM1,1,1,0,0.0,False,0.1599738668733292
C3260$@DOM1,15,4,0,0.0,False,0.040563893226028935
C3261$@DOM1,4,1,0,0.0,False,0.17867062809301132
C3263$@DOM1,4,1,0,0.0,False,0.17867062809301132
C3264$@DOM1,4,1,0,0.0,False,0.17867062809301132
C3265$@DOM1,50,10,0,0.0,True,-0.14175019163201574
C3269$@DOM1,2,1,0,0.0,False,0.1641316363781049
C3271$@DOM1,2,1,0,0.0,False,0.1641316363781049
C3273$@DOM1,2,1,0,0.0,False,0.1641316363781049
C3274$@DOM1,4,1,0,0.0,False,0.17867062809301132
C3276$@DOM1,4,2,0,0.0,False,0.13662129930338773
C3277$@DOM1,4,1,0,0.0,False,0.17867062809301132
C3279$@DOM1,29,5,0,0.0,False,0.04123469880352604
C328$@DOM1,1,1,0,0.0,False,0.1599738668733292
C3281$@DOM1,4,1,0,0.0,False,0.17867062809301132
C3283$@DOM1,4,1,0,0.0,False,0.17867062809301132
C3284$@DOM1,4,1,0,0.0,False,0.17867062809301132
C3287$@DOM1,4,1,0,0.0,False,0.17867062809301132
C329$@DOM1,1,1,0,0.0,False,0.1599738668733292
C3290$@DOM1,4,1,0,0.0,False,0.17867062809301132
C3295$@DOM1,3,1,0,0.0,False,0.14362845818167014
C3297$@DOM1,1,1,0,0.0,False,0.1599738668733292
C3298$@DOM1,7,1,0,0.0,False,0.05313022515510851
C33$@DOM1,5,2,0,0.0,False,0.15863824954069683
C330$@DOM1,7,3,0,0.0,False,0.0598494419819216
C3300$@DOM1,3,1,0,0.0,False,0.14362845818167014
C3301$@DOM1,4,1,0,0.0,False,0.17867062809301132
C3303$@DOM1,8,3,0,0.0,False,0.07222243997980987
C3305$@DOM1,4,1,0,0.0,False,0.17867062809301132
C3307$@DOM1,8,1,0,0.0,False,0.05213598025979088
C331$@DOM1,1,1,0,0.0,False,0.1599738668733292
C3310$@DOM1,7,2,0,0.0,False,0.11426715145421151
C3311$@DOM1,2,1,0,0.0,False,0.1641316363781049
C3312$@DOM1,1,1,0,0.0,False,0.1599738668733292
C3313$@DOM1,2,1,0,0.0,False,0.1641316363781049
C3315$@DOM1,4,1,0,0.0,False,0.17867062809301132
C3317$@DOM1,2,1,0,0.0,False,0.1641316363781049
C3318$@DOM1,1,1,0,0.0,False,0.1599738668733292
C3319$@DOM1,1,1,0,0.0,False,0.1599738668733292
C3320$@DOM1,4,1,0,0.0,False,0.17867062809301132
C3322$@DOM1,4,1,0,0.0,False,0.17867062809301132
C3324$@DOM1,4,1,0,0.0,False,0.17867062809301132
C3327$@DOM1,2,1,0,0.0,False,0.1641316363781049
C3328$@DOM1,6,1,0,0.0,False,0.07320093411388318
C3329$@DOM1,4,1,0,0.0,False,0.17867062809301132
C333$@DOM1,3,2,0,0.0,False,0.11860981593634684
C3331$@DOM1,4,1,0,0.0,False,0.17867062809301132
C3332$@DOM1,1,1,0,0.0,False,0.1599738668733292
C3333$@DOM1,5,2,0,0.0,False,0.15863824954069683
C3334$@DOM1,4,1,0,0.0,False,0.17867062809301132
C3336$@DOM1,28,3,0,0.0,False,0.005889187199134782
C3338$@DOM1,2,1,0,0.0,False,0.1641316363781049
C3340$@DOM1,8,1,0,0.0,False,0.05213598025979088
C3343$@DOM1,2,1,0,0.0,False,0.1641316363781049
C3344$@DOM1,3,1,0,0.0,False,0.14362845818167014
C3346$@DOM1,4,1,0,0.0,False,0.17867062809301132
C3348$@DOM1,4,1,0,0.0,False,0.17867062809301132
C335$@DOM1,10,3,0,0.0,False,0.07965672206982632
C3350$@DOM1,4,1,0,0.0,False,0.17867062809301132
C3352$@DOM1,2,1,0,0.0,False,0.1641316363781049
C3354$@DOM1,4,1,0,0.0,False,0.17867062809301132
C3356$@DOM1,4,1,0,0.0,False,0.17867062809301132
C3359$@DOM1,4,1,0,0.0,False,0.17867062809301132
C336$@DOM1,1,1,0,0.0,False,0.1599738668733292
C3361$@DOM1,3,1,0,0.0,False,0.14362845818167014
C3363$@DOM1,34,5,0,0.0,False,0.02015343834492067
C3365$@DOM1,8,1,0,0.0,False,0.05213598025979088
C3368$@DOM1,4,1,0,0.0,False,0.17867062809301132
C3370$@DOM1,4,1,0,0.0,False,0.17867062809301132
C3371$@DOM1,4,1,0,0.0,False,0.17867062809301132
C3375$@DOM1,4,1,0,0.0,False,0.17867062809301132
C3377$@DOM1,8,1,0,0.0,False,0.05213598025979088
C338$@DOM1,3,1,0,0.0,False,0.14362845818167014
C3380$@DOM3,3,2,0,0.0,False,0.11860981593634684
C3381$@DOM1,4,1,0,0.0,False,0.17867062809301132
C3384$@DOM1,3,1,0,0.0,False,0.14362845818167014
C3387$@DOM1,1,1,0,0.0,False,0.1599738668733292
C3388$@DOM1,4,1,0,0.0,False,0.17867062809301132
C3390$@DOM1,2,1,0,0.0,False,0.1641316363781049
C3393$@DOM1,4,1,0,0.0,False,0.17867062809301132
C3395$@DOM1,2,1,0,0.0,False,0.1641316363781049
C3399$@DOM1,19,3,0,0.0,False,0.04320735631159084
C34$@DOM1,3,1,0,0.0,False,0.14362845818167014
C340$@DOM1,1,1,0,0.0,False,0.1599738668733292
C3401$@DOM1,4,2,0,0.0,False,0.13662129930338773
C3402$@DOM1,2,1,0,0.0,False,0.1641316363781049
C3405$@DOM1,4,1,0,0.0,False,0.17867062809301132
C3407$@DOM1,8,1,0,0.0,False,0.05213598025979088
C3408$@DOM1,3,1,0,0.0,False,0.14362845818167014
C341$@DOM1,1,1,0,0.0,False,0.1599738668733292
C3410$@DOM1,2,1,0,0.0,False,0.1641316363781049
C3412$@DOM1,5,2,0,0.0,False,0.15863824954069683
C3413$@DOM1,3,1,0,0.0,False,0.14362845818167014
C3417$@DOM1,3,1,0,0.0,False,0.14362845818167014
C3419$@DOM1,4,2,0,0.0,False,0.13662129930338773
C342$@DOM1,1,1,0,0.0,False,0.1599738668733292
C3420$@DOM1,1,1,0,0.0,False,0.1599738668733292
C3424$@DOM1,2,1,0,0.0,False,0.1641316363781049
C3425$@DOM1,2,1,0,0.0,False,0.1641316363781049
C3427$@DOM1,2,1,0,0.0,False,0.1641316363781049
C343$@DOM1,7,2,0,0.0,False,0.11426715145421151
C3430$@DOM1,1,1,0,0.0,False,0.1599738668733292
C3432$@DOM1,3,1,0,0.0,False,0.14362845818167014
C3433$@DOM1,4,1,0,0.0,False,0.17867062809301132
C3434$@DOM1,4,1,0,0.0,False,0.17867062809301132
C3436$@DOM1,1,1,0,0.0,False,0.1599738668733292
C3437$@DOM1,4,1,0,0.0,False,0.17867062809301132
C3438$@DOM1,4,1,0,0.0,False,0.17867062809301132
C344$@DOM1,1,1,0,0.0,False,0.1599738668733292
C3440$@DOM1,4,1,0,0.0,False,0.17867062809301132
C3442$@DOM1,1,1,0,0.0,False,0.1599738668733292
C3444$@DOM1,4,1,0,0.0,False,0.17867062809301132
C3446$@DOM1,1,1,0,0.0,False,0.1599738668733292
C3448$@DOM1,6,2,0,0.0,False,0.1410052412851024
C345$@DOM1,1,1,0,0.0,False,0.1599738668733292
C3450$@DOM1,29,5,0,0.0,False,0.04123469880352604
C3451$@DOM1,4,1,0,0.0,False,0.17867062809301132
C3454$@DOM1,6,1,0,0.0,False,0.07320093411388318
C3455$@DOM1,4,1,0,0.0,False,0.17867062809301132
C3457$@DOM1,3,2,0,0.0,False,0.11860981593634684
C3459$@DOM1,5,2,0,0.0,False,0.15863824954069683
C346$@DOM1,9,2,0,0.0,False,0.08922832485411009
C3460$@DOM1,5,2,0,0.0,False,0.15863824954069683
C3461$@DOM1,2,2,0,0.0,False,0.06768444225637532
C3462$@DOM1,4,1,0,0.0,False,0.17867062809301132
C3465$@DOM1,5,2,0,0.0,False,0.15863824954069683
C3469$@DOM1,3,1,0,0.0,False,0.14362845818167014
C347$@DOM1,1,1,0,0.0,False,0.1599738668733292
C3471$@DOM1,2,1,0,0.0,False,0.1641316363781049
C3473$@DOM1,15,3,0,0.0,False,0.05341985570938229
C3476$@DOM1,4,1,0,0.0,False,0.17867062809301132
C3478$@DOM1,3,1,0,0.0,False,0.14362845818167014
C348$@DOM1,38,5,0,0.0,True,-0.000166664976479991
C3480$@DOM1,2,1,0,0.0,False,0.1641316363781049
C3483$@DOM1,1,1,0,0.0,False,0.1599738668733292
C3484$@DOM1,5,2,0,0.0,False,0.15863824954069683
C3486$@DOM1,4,1,0,0.0,False,0.17867062809301132
C3488$@DOM1,2,1,0,0.0,False,0.1641316363781049
C349$@DOM1,5,2,0,0.0,False,0.15863824954069683
C3492$@DOM1,4,1,0,0.0,False,0.17867062809301132
C3493$@DOM1,7,2,0,0.0,False,0.11426715145421151
C3495$@DOM1,5,2,0,0.0,False,0.15863824954069683
C3496$@DOM1,8,1,0,0.0,False,0.05213598025979088
C3498$@DOM1,6,1,0,0.0,False,0.07320093411388318
C35$@DOM1,4,1,0,0.0,False,0.17867062809301132
C3500$@DOM1,3,1,0,0.0,False,0.14362845818167014
C3501$@DOM1,4,1,0,0.0,False,0.17867062809301132
C3503$@DOM1,15,4,0,0.0,False,0.040563893226028935
C3504$@DOM1,6,2,0,0.0,False,0.1410052412851024
C3509$@DOM1,1,1,0,0.0,False,0.1599738668733292
C351$@DOM1,6,2,0,0.0,False,0.1410052412851024
C3510$@DOM1,16,2,0,0.0,False,0.03494652296737133
C3511$@DOM1,28,5,0,0.0,False,0.04481434092570741
C3513$@DOM1,4,1,0,0.0,False,0.17867062809301132
C3514$@DOM1,30,6,0,0.0,False,0.010084875939083915
C3515$@DOM1,4,1,0,0.0,False,0.17867062809301132
C3517$@DOM1,13,2,0,0.0,False,0.06386095617539855
C3518$@DOM1,2,1,0,0.0,False,0.1641316363781049
C352$@DOM1,4,2,0,0.0,False,0.13662129930338773
C3520$@DOM1,5,2,0,0.0,False,0.15863824954069683
C3522$@DOM1,4,2,0,0.0,False,0.13662129930338773
C3524$@DOM1,20,4,0,0.0,False,0.05418266962866436
C3526$@DOM1,43,6,0,0.0,True,-0.03298230950783032
C3528$@DOM1,3,1,0,0.0,False,0.14362845818167014
C353$@DOM1,4,1,0,0.0,False,0.17867062809301132
C3530$@DOM1,4,1,0,0.0,False,0.17867062809301132
C3532$@DOM1,31,3,0,0.0,True,-0.0024044979035126035
C3534$@DOM1,8,3,0,0.0,False,0.07222243997980987
C3535$@DOM1,1,1,0,0.0,False,0.1599738668733292
C3539$@DOM1,21,5,0,0.0,False,0.038700189222655945
C354$@DOM1,4,2,0,0.0,False,0.13662129930338773
C3541$@DOM1,32,5,0,0.0,False,0.03102753123536295
C3542$@DOM1,18,3,0,0.0,False,0.044981419653445875
C3543$@DOM1,28,5,0,0.0,False,0.04481434092570741
C3546$@DOM1,1,1,0,0.0,False,0.1599738668733292
C3547$@DOM1,42,10,0,0.0,True,-0.13449361419069772
C3548$@DOM1,64,9,0,0.0,True,-0.13886825495493194
C355$@DOM1,1,1,0,0.0,False,0.1599738668733292
C3550$@DOM1,4,1,0,0.0,False,0.17867062809301132
C3552$@DOM1,17,4,0,0.0,False,0.05304125927911557
C3554$@DOM1,112,4,0,0.0,True,-0.1157265288617052
C3556$@DOM1,50,8,0,0.0,True,-0.0955717395563126
C3558$@DOM1,1,1,0,0.0,False,0.1599738668733292
C3559$@DOM1,4,1,0,0.0,False,0.17867062809301132
C356$@DOM1,4,1,0,0.0,False,0.17867062809301132
C3561$@DOM1,4,1,0,0.0,False,0.17867062809301132
C3563$@DOM1,4,1,0,0.0,False,0.17867062809301132
C3565$@DOM1,4,1,0,0.0,False,0.17867062809301132
C3568$@DOM1,53,2,0,0.0,True,-0.05876196962769553
C357$@DOM1,10,1,0,0.0,False,0.015543095157789288
C3570$@DOM1,2,1,0,0.0,False,0.1641316363781049
C3572$@DOM1,1,1,0,0.0,False,0.1599738668733292
C3573$@DOM1,4,1,0,0.0,False,0.17867062809301132
C3575$@DOM1,18,2,0,0.0,False,0.019060353076552294
C3576$@DOM1,4,1,0,0.0,False,0.17867062809301132
C3578$@DOM1,4,1,0,0.0,False,0.17867062809301132
C358$@DOM1,2,1,0,0.0,False,0.1641316363781049
C3580$@DOM1,9,2,0,0.0,False,0.08922832485411009
C3582$@DOM1,2,1,0,0.0,False,0.1641316363781049
C3584$@DOM1,46,9,0,0.0,True,-0.11456477538055443
C3586$@DOM1,21,5,0,0.0,False,0.038700189222655945
C3587$@DOM1,8,1,0,0.0,False,0.05213598025979088
C3589$@DOM1,4,1,0,0.0,False,0.17867062809301132
C359$@DOM1,4,1,0,0.0,False,0.17867062809301132
C3591$@DOM1,36,5,0,0.0,False,0.008519407156565961
C3592$@DOM1,2,1,0,0.0,False,0.1641316363781049
C3595$@DOM1,2,1,0,0.0,False,0.1641316363781049
C3596$@DOM1,34,3,0,0.0,True,-0.01354552716960944
C3598$@DOM1,48,5,0,0.0,True,-0.02461834491703041
C3599$@DOM1,4,1,0,0.0,False,0.17867062809301132
C36$@DOM1,4,1,0,0.0,False,0.17867062809301132
C360$@DOM1,7,2,0,0.0,False,0.11426715145421151
C3600$@DOM1,42,5,0,0.0,True,-0.01161670997368236
C3601$@DOM1,20,3,0,0.0,False,0.038921490398996506
C3603$@DOM1,10,3,0,0.0,False,0.07965672206982632
C3605$@DOM1,25,4,0,0.0,False,0.03497214846160257
C3608$@DOM1,14,2,0,0.0,False,0.0597419540937244
C3609$@DOM1,49,7,0,0.0,True,-0.07826651833785259
C361$@DOM1,1,1,0,0.0,False,0.1599738668733292
C3610$@DOM1,4,2,0,0.0,False,0.13662129930338773
C3611$@DOM1,1,1,0,0.0,False,0.1599738668733292
C3612$@DOM1,8,1,0,0.0,False,0.05213598025979088
C3614$@DOM1,3,1,0,0.0,False,0.14362845818167014
C3616$@DOM1,6,2,0,0.0,False,0.1410052412851024
C3620$@DOM1,4,1,0,0.0,False,0.17867062809301132
C3623$@DOM1,2,1,0,0.0,False,0.1641316363781049
C3625$@DOM1,2,1,0,0.0,False,0.1641316363781049
C3629$@DOM1,4,1,0,0.0,False,0.17867062809301132
C363$@DOM1,1,1,0,0.0,False,0.1599738668733292
C3632$@DOM1,27,5,0,0.0,False,0.04053590295009579
C3634$@DOM1,1,1,0,0.0,False,0.1599738668733292
C3635$@DOM1,4,1,0,0.0,False,0.17867062809301132
C3636$@DOM1,27,4,0,0.0,False,0.027327793207135853
C3637$@DOM1,4,1,0,0.0,False,0.17867062809301132
C364$@DOM1,1,1,0,0.0,False,0.1599738668733292
C3640$@DOM1,16,3,0,0.0,False,0.05054649112809345
C3642$@DOM1,8,2,0,0.0,False,0.10738862592754173
C3647$@DOM1,46,7,0,0.0,True,-0.07381085777462526
C365$@DOM1,33,2,0,0.0,True,-0.025243596468533136
C3650$@DOM1,8,2,0,0.0,False,0.10738862592754173
C3654$@DOM1,4,1,0,0.0,False,0.17867062809301132
C3659$@DOM1,1,1,0,0.0,False,0.1599738668733292
C366$@DOM1,4,1,0,0.0,False,0.17867062809301132
C3660$@DOM1,2,1,0,0.0,False,0.1641316363781049
C3662$@DOM1,10,2,0,0.0,False,0.08211227830702306
C3665$@DOM1,2,1,0,0.0,False,0.1641316363781049
C3666$@DOM1,16,4,0,0.0,False,0.043547619128172066
C3667$@DOM1,30,3,0,0.0,False,0.001518784371456916
C3668$@DOM1,1,1,0,0.0,False,0.1599738668733292
C367$@DOM1,9,3,0,0.0,False,0.07470552879155357
C3670$@DOM1,28,3,0,0.0,False,0.005889187199134782
C3672$@DOM1,4,1,0,0.0,False,0.17867062809301132
C3674$@DOM1,12,2,0,0.0,False,0.07068774020865154
C3675$@DOM1,4,1,0,0.0,False,0.17867062809301132
C3678$@DOM1,2,1,0,0.0,False,0.1641316363781049
C368$@DOM1,1,1,0,0.0,False,0.1599738668733292
C3680$@DOM1,2,1,0,0.0,False,0.1641316363781049
C3681$@DOM1,54,6,0,0.0,True,-0.06350827503688727
C3682$@DOM1,6,1,0,0.0,False,0.07320093411388318
C3684$@DOM1,23,4,0,0.0,False,0.04178438789915273
C369$@DOM1,6,2,0,0.0,False,0.1410052412851024
C3690$@DOM1,41,10,0,0.0,True,-0.13504738474074018
C3692$@DOM1,69,8,0,0.0,True,-0.13826712242778094
C3694$@DOM1,8,3,0,0.0,False,0.07222243997980987
C3698$@DOM1,4,1,0,0.0,False,0.17867062809301132
C3699$@DOM1,2,1,0,0.0,False,0.1641316363781049
C37$@DOM1,1,1,0,0.0,False,0.1599738668733292
C3701$@DOM1,4,1,0,0.0,False,0.17867062809301132
C3705$@DOM1,3,1,0,0.0,False,0.14362845818167014
C3707$@DOM1,8,1,0,0.0,False,0.05213598025979088
C371$@DOM1,1,1,0,0.0,False,0.1599738668733292
C3710$@DOM1,4,1,0,0.0,False,0.17867062809301132
C3711$@DOM1,3,1,0,0.0,False,0.14362845818167014
C3713$@DOM1,2,1,0,0.0,False,0.1641316363781049
C3718$@DOM1,5,2,0,0.0,False,0.15863824954069683
C3719$@DOM1,4,1,0,0.0,False,0.17867062809301132
C3720$@DOM1,4,1,0,0.0,False,0.17867062809301132
C3722$@DOM1,4,1,0,0.0,False,0.17867062809301132
C3724$@DOM1,20,4,0,0.0,False,0.05418266962866436
C3725$@DOM1,2,1,0,0.0,False,0.1641316363781049
C3726$@DOM1,4,1,0,0.0,False,0.17867062809301132
C3728$@DOM1,3,1,0,0.0,False,0.14362845818167014
C373$@DOM1,17,6,0,0.0,True,-0.01921971353184826
C3730$@DOM1,4,1,0,0.0,False,0.17867062809301132
C3732$@DOM1,2,1,0,0.0,False,0.1641316363781049
C3734$@DOM1,4,1,0,0.0,False,0.17867062809301132
C3736$@DOM1,4,1,0,0.0,False,0.17867062809301132
C3738$@DOM1,1,1,0,0.0,False,0.1599738668733292
C3741$@DOM1,8,2,0,0.0,False,0.10738862592754173
C3743$@DOM1,4,1,0,0.0,False,0.17867062809301132
C3745$@DOM1,1,1,0,0.0,False,0.1599738668733292
C3746$@DOM1,4,1,0,0.0,False,0.17867062809301132
C3748$@DOM1,3,2,0,0.0,False,0.11860981593634684
C375$@DOM1,4,1,0,0.0,False,0.17867062809301132
C3750$@DOM1,6,2,0,0.0,False,0.1410052412851024
C3752$@DOM1,4,1,0,0.0,False,0.17867062809301132
C3753$@DOM1,4,1,0,0.0,False,0.17867062809301132
C3756$@DOM1,4,1,0,0.0,False,0.17867062809301132
C3758$@DOM1,3,1,0,0.0,False,0.14362845818167014
C376$@DOM1,6,2,0,0.0,False,0.1410052412851024
C3760$@DOM1,1,1,0,0.0,False,0.1599738668733292
C3761$@DOM1,2,2,0,0.0,False,0.06768444225637532
C3762$@DOM1,1,1,0,0.0,False,0.1599738668733292
C3763$@DOM1,4,1,0,0.0,False,0.17867062809301132
C3765$@DOM1,4,1,0,0.0,False,0.17867062809301132
C3768$@DOM1,8,1,0,0.0,False,0.05213598025979088
C377$@DOM1,3,2,0,0.0,False,0.11860981593634684
C3770$@DOM1,4,1,0,0.0,False,0.17867062809301132
C3772$@DOM1,4,1,0,0.0,False,0.17867062809301132
C3774$@DOM1,4,1,0,0.0,False,0.17867062809301132
C3776$@DOM1,28,6,0,0.0,False,0.015241236917343914
C378$@DOM1,3,2,0,0.0,False,0.11860981593634684
C3780$@DOM1,4,1,0,0.0,False,0.17867062809301132
C3782$@DOM1,4,1,0,0.0,False,0.17867062809301132
C3784$@DOM1,1,1,0,0.0,False,0.1599738668733292
C3787$@DOM1,4,1,0,0.0,False,0.17867062809301132
C379$@DOM1,1,1,0,0.0,False,0.1599738668733292
C3790$@DOM1,2,1,0,0.0,False,0.1641316363781049
C3791$@DOM1,4,1,0,0.0,False,0.17867062809301132
C3794$@DOM1,4,1,0,0.0,False,0.17867062809301132
C3797$@DOM1,2,1,0,0.0,False,0.1641316363781049
C3799$@DOM1,4,1,0,0.0,False,0.17867062809301132
C380$@DOM1,6,2,0,0.0,False,0.1410052412851024
C3801$@DOM1,6,3,0,0.0,False,0.035716206365098424
C3802$@DOM1,6,3,0,0.0,False,0.035716206365098424
C3804$@DOM1,4,1,0,0.0,False,0.17867062809301132
C3806$@DOM1,4,1,0,0.0,False,0.17867062809301132
C3808$@DOM1,4,1,0,0.0,False,0.17867062809301132
C381$@DOM1,5,2,0,0.0,False,0.15863824954069683
C3810$@DOM1,3,1,0,0.0,False,0.14362845818167014
C3811$@DOM1,10,2,0,0.0,False,0.08211227830702306
C3813$@DOM1,4,1,0,0.0,False,0.17867062809301132
C3814$@DOM1,9,2,0,0.0,False,0.08922832485411009
C3816$@DOM1,6,2,0,0.0,False,0.1410052412851024
C3818$@DOM1,4,1,0,0.0,False,0.17867062809301132
C382$@DOM1,27,5,0,0.0,False,0.04053590295009579
C3820$@DOM1,2,1,0,0.0,False,0.1641316363781049
C3822$@DOM1,4,1,0,0.0,False,0.17867062809301132
C3824$@DOM1,6,1,0,0.0,False,0.07320093411388318
C3826$@DOM1,4,1,0,0.0,False,0.17867062809301132
C3827$@DOM1,1,1,0,0.0,False,0.1599738668733292
C3828$@DOM1,3,1,0,0.0,False,0.14362845818167014
C383$@DOM1,1,1,0,0.0,False,0.1599738668733292
C3830$@DOM1,3,1,0,0.0,False,0.14362845818167014
C3833$@DOM1,9,2,0,0.0,False,0.08922832485411009
C3835$@DOM1,5,1,0,0.0,False,0.11620316768869854
C3837$@DOM1,4,1,0,0.0,False,0.17867062809301132
C3839$@DOM1,2,1,0,0.0,False,0.1641316363781049
C384$@DOM1,4,1,0,0.0,False,0.17867062809301132
C3842$@DOM1,4,1,0,0.0,False,0.17867062809301132
C3844$@DOM1,1,1,0,0.0,False,0.1599738668733292
C3847$@DOM1,6,1,0,0.0,False,0.07320093411388318
C3848$@DOM1,4,1,0,0.0,False,0.17867062809301132
C3850$@DOM1,9,2,0,0.0,False,0.08922832485411009
C3852$@DOM1,2,1,0,0.0,False,0.1641316363781049
C3854$@DOM1,1,1,0,0.0,False,0.1599738668733292
C3857$@DOM1,6,1,0,0.0,False,0.07320093411388318
C3859$@DOM1,1,1,0,0.0,False,0.1599738668733292
C386$@DOM1,1,1,0,0.0,False,0.1599738668733292
C3860$@DOM1,4,1,0,0.0,False,0.17867062809301132
C3862$@DOM1,1,1,0,0.0,False,0.1599738668733292
C3863$@DOM1,4,1,0,0.0,False,0.17867062809301132
C3865$@DOM1,1,1,0,0.0,False,0.1599738668733292
C3866$@DOM1,2,1,0,0.0,False,0.1641316363781049
C3868$@DOM1,4,1,0,0.0,False,0.17867062809301132
C3869$@DOM1,4,1,0,0.0,False,0.17867062809301132
C387$@DOM1,53,6,0,0.0,True,-0.05892576477648592
C3871$@DOM1,4,1,0,0.0,False,0.17867062809301132
C3873$@DOM1,2,1,0,0.0,False,0.1641316363781049
C3875$@DOM1,5,2,0,0.0,False,0.15863824954069683
C3878$@DOM1,4,1,0,0.0,False,0.17867062809301132
C388$@DOM1,1,1,0,0.0,False,0.1599738668733292
C3881$@DOM1,4,1,0,0.0,False,0.17867062809301132
C3884$@DOM1,4,1,0,0.0,False,0.17867062809301132
C389$@DOM1,1,1,0,0.0,False,0.1599738668733292
C3890$@DOM1,2,1,0,0.0,False,0.1641316363781049
C3891$@DOM1,3,1,0,0.0,False,0.14362845818167014
C3893$@DOM1,1,1,0,0.0,False,0.1599738668733292
C3894$@DOM1,8,1,0,0.0,False,0.05213598025979088
C3895$@DOM1,4,1,0,0.0,False,0.17867062809301132
C3897$@DOM1,11,3,0,0.0,False,0.06854811070516992
C390$@DOM1,24,7,0,0.0,True,-0.05801646163850949
C3900$@DOM1,5,2,0,0.0,False,0.15863824954069683
C3904$@DOM1,4,1,0,0.0,False,0.17867062809301132
C3906$@DOM1,19,4,0,0.0,False,0.05629299858998427
C3907$@DOM1,30,4,0,0.0,False,0.01142251702162389
C3910$@DOM1,8,1,0,0.0,False,0.05213598025979088
C3912$@DOM1,4,1,0,0.0,False,0.17867062809301132
C3914$@DOM1,4,1,0,0.0,False,0.17867062809301132
C3916$@DOM1,2,1,0,0.0,False,0.1641316363781049
C3917$@DOM1,2,1,0,0.0,False,0.1641316363781049
C3919$@DOM1,4,1,0,0.0,False,0.17867062809301132
C3921$@DOM1,8,3,0,0.0,False,0.07222243997980987
C3924$@DOM1,4,1,0,0.0,False,0.17867062809301132
C3926$@DOM1,4,1,0,0.0,False,0.17867062809301132
C3928$@DOM1,4,1,0,0.0,False,0.17867062809301132
C3929$@DOM1,2,1,0,0.0,False,0.1641316363781049
C393$@DOM1,2,1,0,0.0,False,0.1641316363781049
C3931$@DOM1,4,1,0,0.0,False,0.17867062809301132
C3933$@DOM1,4,1,0,0.0,False,0.17867062809301132
C3935$@DOM1,25,4,0,0.0,False,0.03497214846160257
C3938$@DOM1,29,5,0,0.0,False,0.04123469880352604
C394$@DOM1,6,2,0,0.0,False,0.1410052412851024
C3940$@DOM1,3,2,0,0.0,False,0.11860981593634684
C3942$@DOM1,2,1,0,0.0,False,0.1641316363781049
C3945$@DOM1,4,1,0,0.0,False,0.17867062809301132
C3947$@DOM1,4,1,0,0.0,False,0.17867062809301132
C3949$@DOM1,4,1,0,0.0,False,0.17867062809301132
C395$@DOM1,113,7,0,0.0,True,-0.15916486136581964
C3953$@DOM1,4,1,0,0.0,False,0.17867062809301132
C3957$@DOM1,4,1,0,0.0,False,0.17867062809301132
C3959$@DOM1,2,1,0,0.0,False,0.1641316363781049
C396$@DOM1,2,1,0,0.0,False,0.1641316363781049
C3960$@DOM1,1,1,0,0.0,False,0.1599738668733292
C3961$@DOM1,2,1,0,0.0,False,0.1641316363781049
C3963$@DOM1,2,1,0,0.0,False,0.1641316363781049
C3965$@DOM1,4,1,0,0.0,False,0.17867062809301132
C3967$@DOM1,4,1,0,0.0,False,0.17867062809301132
C3969$@DOM1,4,1,0,0.0,False,0.17867062809301132
C397$@DOM1,3,1,0,0.0,False,0.14362845818167014
C3971$@DOM1,4,1,0,0.0,False,0.17867062809301132
C3974$@DOM1,6,3,0,0.0,False,0.035716206365098424
C3976$@DOM7,2,1,0,0.0,False,0.1641316363781049
C3976$@DOM8,1,1,0,0.0,False,0.1599738668733292
C3978$@DOM1,4,1,0,0.0,False,0.17867062809301132
C3980$@DOM1,8,1,0,0.0,False,0.05213598025979088
C3983$@DOM1,4,1,0,0.0,False,0.17867062809301132
C3984$@DOM1,4,1,0,0.0,False,0.17867062809301132
C3986$@DOM1,4,1,0,0.0,False,0.17867062809301132
C3988$@DOM1,4,1,0,0.0,False,0.17867062809301132
C3990$@DOM1,4,1,0,0.0,False,0.17867062809301132
C3992$@DOM1,34,5,0,0.0,False,0.02015343834492067
C3993$@DOM1,18,4,0,0.0,False,0.05250671922702682
C3995$@DOM1,4,1,0,0.0,False,0.17867062809301132
C3997$@DOM1,4,1,0,0.0,False,0.17867062809301132
C3999$@DOM1,5,2,0,0.0,False,0.15863824954069683
C4$@DOM1,1,1,0,0.0,False,0.1599738668733292
C40$@DOM1,2,1,0,0.0,False,0.1641316363781049
C400$@DOM1,2,1,0,0.0,False,0.1641316363781049
C4003$@DOM1,30,3,0,0.0,False,0.001518784371456916
C4005$@DOM1,6,3,0,0.0,False,0.035716206365098424
C4007$@DOM1,1,1,0,0.0,False,0.1599738668733292
C401$@DOM1,4,1,0,0.0,False,0.17867062809301132
C4010$@DOM1,29,4,0,0.0,False,0.01750821020772597
C4011$@DOM1,2,1,0,0.0,False,0.1641316363781049
C4013$@DOM1,56,6,0,0.0,True,-0.06581700347338137
C4016$@DOM1,2,1,0,0.0,False,0.1641316363781049
C4018$@DOM1,2,1,0,0.0,False,0.1641316363781049
C402$@DOM1,5,2,0,0.0,False,0.15863824954069683
C4020$@DOM1,4,1,0,0.0,False,0.17867062809301132
C4022$@DOM1,7,1,0,0.0,False,0.05313022515510851
C4023$@DOM1,23,4,0,0.0,False,0.04178438789915273
C4025$@DOM1,2,1,0,0.0,False,0.1641316363781049
C4027$@DOM1,84,11,0,0.0,True,-0.19847793511283507
C4029$@DOM1,4,1,0,0.0,False,0.17867062809301132
C403$@DOM1,5,2,0,0.0,False,0.15863824954069683
C4031$@DOM1,17,5,0,0.0,False,0.019719486889573146
C4034$@DOM1,3,1,0,0.0,False,0.14362845818167014
C4036$@DOM1,4,1,0,0.0,False,0.17867062809301132
C4038$@DOM1,24,4,0,0.0,False,0.03821791715103562
C404$@DOM1,2,1,0,0.0,False,0.1641316363781049
C4040$@DOM1,4,1,0,0.0,False,0.17867062809301132
C4042$@DOM1,4,1,0,0.0,False,0.17867062809301132
C4044$@DOM1,8,1,0,0.0,False,0.05213598025979088
C4047$@DOM1,4,1,0,0.0,False,0.17867062809301132
C4049$@DOM1,4,1,0,0.0,False,0.17867062809301132
C405$@DOM1,27,5,0,0.0,False,0.04053590295009579
C4051$@DOM1,4,1,0,0.0,False,0.17867062809301132
C4053$@DOM1,3,1,0,0.0,False,0.14362845818167014
C4055$@DOM1,46,10,0,0.0,True,-0.1412019043958368
C4057$@DOM1,8,3,0,0.0,False,0.07222243997980987
C4059$@DOM1,9,3,0,0.0,False,0.07470552879155357
C406$@DOM1,1,1,0,0.0,False,0.1599738668733292
C4061$@DOM1,24,3,0,0.0,False,0.017371413351192855
C4064$@DOM1,4,1,0,0.0,False,0.17867062809301132
C4067$@DOM1,3,2,0,0.0,False,0.11860981593634684
C4069$@DOM1,4,1,0,0.0,False,0.17867062809301132
C407$@DOM1,5,2,0,0.0,False,0.15863824954069683
C4071$@DOM1,70,7,0,0.0,True,-0.12147045585043792
C4073$@DOM1,2,1,0,0.0,False,0.1641316363781049
C4075$@DOM1,4,1,0,0.0,False,0.17867062809301132
C4077$@DOM1,4,1,0,0.0,False,0.17867062809301132
C4079$@DOM1,4,1,0,0.0,False,0.17867062809301132
C408$@DOM1,1,1,0,0.0,False,0.1599738668733292
C4081$@DOM1,4,1,0,0.0,False,0.17867062809301132
C4083$@DOM1,4,1,0,0.0,False,0.17867062809301132
C4085$@DOM1,4,1,0,0.0,False,0.17867062809301132
C4089$@DOM1,4,1,0,0.0,False,0.17867062809301132
C409$@DOM1,5,2,0,0.0,False,0.15863824954069683
C4091$@DOM1,4,1,0,0.0,False,0.17867062809301132
C4093$@DOM1,6,2,0,0.0,False,0.1410052412851024
C4096$@DOM1,1,1,0,0.0,False,0.1599738668733292
C4097$@DOM1,4,1,0,0.0,False,0.17867062809301132
C4098$@DOM1,4,1,0,0.0,False,0.17867062809301132
C41$@DOM1,4,1,0,0.0,False,0.17867062809301132
C410$@DOM1,1,1,0,0.0,False,0.1599738668733292
C4100$@DOM1,56,6,0,0.0,True,-0.06581700347338137
C4102$@DOM1,4,1,0,0.0,False,0.17867062809301132
C4104$@DOM1,3,1,0,0.0,False,0.14362845818167014
C411$@DOM1,36,5,0,0.0,False,0.008519407156565961
C4110$@DOM1,8,2,0,0.0,False,0.10738862592754173
C4112$@DOM1,6,2,0,0.0,False,0.1410052412851024
C4114$@DOM1,4,1,0,0.0,False,0.17867062809301132
C4116$@DOM1,4,1,0,0.0,False,0.17867062809301132
C4118$@DOM1,4,1,0,0.0,False,0.17867062809301132
C412$@DOM1,1,1,0,0.0,False,0.1599738668733292
C4120$@DOM1,4,1,0,0.0,False,0.17867062809301132
C4123$@DOM1,2,1,0,0.0,False,0.1641316363781049
C4125$@DOM1,4,1,0,0.0,False,0.17867062809301132
C4127$@DOM1,4,1,0,0.0,False,0.17867062809301132
C4129$@DOM1,4,1,0,0.0,False,0.17867062809301132
C413$@DOM1,1,1,0,0.0,False,0.1599738668733292
C4131$@DOM1,4,2,0,0.0,False,0.13662129930338773
C4133$@DOM1,2,1,0,0.0,False,0.1641316363781049
C4135$@DOM1,4,1,0,0.0,False,0.17867062809301132
C4137$@DOM1,51,7,0,0.0,True,-0.08123138691904097
C4138$@DOM1,4,1,0,0.0,False,0.17867062809301132
C414$@DOM1,28,7,0,0.0,True,-0.04988435375618172
C4140$@DOM1,4,1,0,0.0,False,0.17867062809301132
C4144$@DOM1,28,3,0,0.0,False,0.005889187199134782
C4146$@DOM1,38,10,0,0.0,True,-0.13307896608604397
C4148$@DOM1,2,1,0,0.0,False,0.1641316363781049
C415$@DOM1,5,2,0,0.0,False,0.15863824954069683
C4150$@DOM1,2,1,0,0.0,False,0.1641316363781049
C4152$@DOM1,4,1,0,0.0,False,0.17867062809301132
C4154$@DOM1,5,2,0,0.0,False,0.15863824954069683
C4156$@DOM1,5,2,0,0.0,False,0.15863824954069683
C4159$@DOM1,2,1,0,0.0,False,0.1641316363781049
C416$@DOM1,5,2,0,0.0,False,0.15863824954069683
C4161$@DOM1,4,1,0,0.0,False,0.17867062809301132
C4163$@DOM1,4,1,0,0.0,False,0.17867062809301132
C4165$@DOM1,3,1,0,0.0,False,0.14362845818167014
C4167$@DOM1,12,3,0,0.0,False,0.0700959514985331
C4169$@DOM1,12,2,0,0.0,False,0.07068774020865154
C417$@DOM1,2,1,0,0.0,False,0.1641316363781049
C4172$@DOM1,6,2,0,0.0,False,0.1410052412851024
C4174$@DOM1,2,1,0,0.0,False,0.1641316363781049
C4176$@DOM1,4,1,0,0.0,False,0.17867062809301132
C418$@DOM1,1,1,0,0.0,False,0.1599738668733292
C4180$@DOM1,6,2,0,0.0,False,0.1410052412851024
C4181$@DOM1,42,10,0,0.0,True,-0.13449361419069772
C4183$@DOM1,2,1,0,0.0,False,0.1641316363781049
C4185$@DOM1,6,1,0,0.0,False,0.07320093411388318
C4187$@DOM1,43,6,0,0.0,True,-0.03298230950783032
C4189$@DOM1,4,1,0,0.0,False,0.17867062809301132
C419$@DOM1,6,2,0,0.0,False,0.1410052412851024
C4192$@DOM1,1,1,0,0.0,False,0.1599738668733292
C4193$@DOM1,4,1,0,0.0,False,0.17867062809301132
C4195$@DOM1,4,1,0,0.0,False,0.17867062809301132
C4198$@DOM1,4,1,0,0.0,False,0.17867062809301132
C42$@DOM1,4,1,0,0.0,False,0.17867062809301132
C420$@DOM1,3,2,0,0.0,False,0.11860981593634684
C4200$@DOM1,2,1,0,0.0,False,0.1641316363781049
C4202$@DOM1,2,1,0,0.0,False,0.1641316363781049
C4204$@DOM1,4,1,0,0.0,False,0.17867062809301132
C4208$@DOM1,4,1,0,0.0,False,0.17867062809301132
C421$@DOM1,1,1,0,0.0,False,0.1599738668733292
C4210$@DOM1,26,4,0,0.0,False,0.02690626940671137
C4212$@DOM1,4,1,0,0.0,False,0.17867062809301132
C4214$@DOM1,51,6,0,0.0,True,-0.053653635399905975
C4217$@DOM1,4,1,0,0.0,False,0.17867062809301132
C4219$@DOM1,4,1,0,0.0,False,0.17867062809301132
C422$@DOM1,46,8,0,0.0,True,-0.09592457163627532
C4225$@DOM1,4,1,0,0.0,False,0.17867062809301132
C423$@DOM1,33,5,0,0.0,False,0.025054257868099006
C4230$@DOM1,4,1,0,0.0,False,0.17867062809301132
C4233$@DOM1,4,1,0,0.0,False,0.17867062809301132
C4235$@DOM1,4,1,0,0.0,False,0.17867062809301132
C4237$@DOM1,4,1,0,0.0,False,0.17867062809301132
C4239$@DOM1,5,2,0,0.0,False,0.15863824954069683
C424$@DOM1,7,3,0,0.0,False,0.0598494419819216
C4241$@DOM1,4,1,0,0.0,False,0.17867062809301132
C4243$@DOM1,4,1,0,0.0,False,0.17867062809301132
C4245$@DOM1,4,1,0,0.0,False,0.17867062809301132
C4248$@DOM1,4,1,0,0.0,False,0.17867062809301132
C4249$@DOM1,8,3,0,0.0,False,0.07222243997980987
C425$@DOM1,6,2,0,0.0,False,0.1410052412851024
C4251$@DOM1,4,1,0,0.0,False,0.17867062809301132
C4253$@DOM1,64,9,0,0.0,True,-0.13886825495493194
C4254$@DOM1,6,2,0,0.0,False,0.1410052412851024
C4257$@DOM1,4,1,0,0.0,False,0.17867062809301132
C4258$@DOM1,8,3,0,0.0,False,0.07222243997980987
C426$@DOM1,4,1,0,0.0,False,0.17867062809301132
C4260$@DOM1,15,4,0,0.0,False,0.040563893226028935
C4262$@DOM1,25,5,0,0.0,False,0.04347286148255747
C4265$@DOM1,4,1,0,0.0,False,0.17867062809301132
C4267$@DOM1,39,4,0,0.0,True,-0.022154721291412383
C4269$@DOM1,4,2,0,0.0,False,0.13662129930338773
C427$@DOM1,1,1,0,0.0,False,0.1599738668733292
C4271$@DOM1,34,5,0,0.0,False,0.02015343834492067
C4276$@DOM1,4,1,0,0.0,False,0.17867062809301132
C4278$@DOM1,4,1,0,0.0,False,0.17867062809301132
C4280$@DOM1,2,1,0,0.0,False,0.1641316363781049
C4284$@DOM1,17,3,0,0.0,False,0.05045849156180093
C4285$@DOM1,3,2,0,0.0,False,0.11860981593634684
C4287$@DOM1,4,1,0,0.0,False,0.17867062809301132
C4291$@DOM1,20,4,0,0.0,False,0.05418266962866436
C4293$@DOM1,4,1,0,0.0,False,0.17867062809301132
C4295$@DOM1,4,1,0,0.0,False,0.17867062809301132
C4297$@DOM1,4,1,0,0.0,False,0.17867062809301132
C4299$@DOM1,4,1,0,0.0,False,0.17867062809301132
C430$@DOM1,26,5,0,0.0,False,0.040667621312318936
C4301$@DOM1,4,1,0,0.0,False,0.17867062809301132
C4303$@DOM1,3,1,0,0.0,False,0.14362845818167014
C4306$@DOM1,4,1,0,0.0,False,0.17867062809301132
C4308$@DOM1,4,1,0,0.0,False,0.17867062809301132
C431$@DOM1,1,1,0,0.0,False,0.1599738668733292
C4310$@DOM1,11,4,0,0.0,False,0.024361885690953766
C4311$@DOM1,2,1,0,0.0,False,0.1641316363781049
C4313$@DOM1,21,5,0,0.0,False,0.038700189222655945
C4315$@DOM1,33,8,0,0.0,True,-0.07134511039660607
C4316$@DOM1,2,1,0,0.0,False,0.1641316363781049
C4319$@DOM1,4,1,0,0.0,False,0.17867062809301132
C432$@DOM1,5,2,0,0.0,False,0.15863824954069683
C4321$@DOM1,2,1,0,0.0,False,0.1641316363781049
C4323$@DOM1,4,1,0,0.0,False,0.17867062809301132
C4325$@DOM1,4,1,0,0.0,False,0.17867062809301132
C4327$@DOM1,17,7,0,0.0,True,-0.07176178901705943
C4328$@DOM1,8,1,0,0.0,False,0.05213598025979088
C433$@DOM1,5,2,0,0.0,False,0.15863824954069683
C4330$@DOM1,4,1,0,0.0,False,0.17867062809301132
C4332$@DOM1,3,2,0,0.0,False,0.11860981593634684
C4334$@DOM1,8,3,0,0.0,False,0.07222243997980987
C4335$@DOM1,4,1,0,0.0,False,0.17867062809301132
C4337$@DOM1,4,1,0,0.0,False,0.17867062809301132
C434$@DOM1,1,1,0,0.0,False,0.1599738668733292
C4341$@DOM1,3,1,0,0.0,False,0.14362845818167014
C4343$@DOM1,7,3,0,0.0,False,0.0598494419819216
C4345$@DOM1,4,1,0,0.0,False,0.17867062809301132
C4347$@DOM1,4,1,0,0.0,False,0.17867062809301132
C4348$@DOM1,4,1,0,0.0,False,0.17867062809301132
C4352$@DOM1,1,1,0,0.0,False,0.1599738668733292
C4353$@DOM1,2,1,0,0.0,False,0.1641316363781049
C4355$@DOM1,3,1,0,0.0,False,0.14362845818167014
C4359$@DOM1,2,1,0,0.0,False,0.1641316363781049
C436$@DOM1,6,3,0,0.0,False,0.035716206365098424
C4363$@DOM1,3,1,0,0.0,False,0.14362845818167014
C4365$@DOM1,4,1,0,0.0,False,0.17867062809301132
C4367$@DOM1,4,1,0,0.0,False,0.17867062809301132
C4369$@DOM1,4,1,0,0.0,False,0.17867062809301132
C437$@DOM1,8,2,0,0.0,False,0.10738862592754173
C4370$@DOM1,2,1,0,0.0,False,0.1641316363781049
C4372$@DOM1,3,1,0,0.0,False,0.14362845818167014
C4375$@DOM1,8,2,0,0.0,False,0.10738862592754173
C4377$@DOM1,2,1,0,0.0,False,0.1641316363781049
C4379$@DOM1,4,1,0,0.0,False,0.17867062809301132
C4381$@DOM1,4,1,0,0.0,False,0.17867062809301132
C4382$@DOM1,2,1,0,0.0,False,0.1641316363781049
C4384$@DOM1,2,1,0,0.0,False,0.1641316363781049
C4386$@DOM1,4,1,0,0.0,False,0.17867062809301132
C4388$@DOM1,28,6,0,0.0,False,0.015241236917343914
C4390$@DOM1,3,1,0,0.0,False,0.14362845818167014
C4392$@DOM1,16,3,0,0.0,False,0.05054649112809345
C4394$@DOM1,4,3,0,0.0,False,0.020925754947710207
C4396$@DOM1,8,2,0,0.0,False,0.10738862592754173
C44$@DOM1,2,1,0,0.0,False,0.1641316363781049
C440$@DOM1,4,1,0,0.0,False,0.17867062809301132
C4400$@DOM1,2,1,0,0.0,False,0.1641316363781049
C4401$@DOM1,2,1,0,0.0,False,0.1641316363781049
C4403$@DOM1,8,3,0,0.0,False,0.07222243997980987
C4405$@DOM1,2,1,0,0.0,False,0.1641316363781049
C4408$@DOM1,2,1,0,0.0,False,0.1641316363781049
C441$@DOM1,9,3,0,0.0,False,0.07470552879155357
C4410$@DOM1,3,1,0,0.0,False,0.14362845818167014
C4412$@DOM1,4,1,0,0.0,False,0.17867062809301132
C4414$@DOM1,2,1,0,0.0,False,0.1641316363781049
C4417$@DOM1,4,1,0,0.0,False,0.17867062809301132
C4419$@DOM1,4,1,0,0.0,False,0.17867062809301132
C442$@DOM1,2,1,0,0.0,False,0.1641316363781049
C4421$@DOM1,10,4,0,0.0,False,0.02755548372158856
C4423$@DOM1,4,2,0,0.0,False,0.13662129930338773
C4425$@DOM1,1,1,0,0.0,False,0.1599738668733292
C4426$@DOM1,4,1,0,0.0,False,0.17867062809301132
C4427$@DOM1,3,1,0,0.0,False,0.14362845818167014
C4429$@DOM1,2,1,0,0.0,False,0.1641316363781049
C443$@DOM1,2,1,0,0.0,False,0.1641316363781049
C4431$@DOM1,2,1,0,0.0,False,0.1641316363781049
C4437$@DOM1,4,2,0,0.0,False,0.13662129930338773
C4438$@DOM1,2,1,0,0.0,False,0.1641316363781049
C444$@DOM1,5,2,0,0.0,False,0.15863824954069683
C4440$@DOM1,3,1,0,0.0,False,0.14362845818167014
C4442$@DOM1,6,1,0,0.0,False,0.07320093411388318
C4444$@DOM1,3,1,0,0.0,False,0.14362845818167014
C4446$@DOM1,3,1,0,0.0,False,0.14362845818167014
C4448$@DOM1,22,4,0,0.0,False,0.05071085220112226
C4449$@DOM1,21,4,0,0.0,False,0.05105615610414971
C445$@DOM1,38,6,0,0.0,True,-0.011959244772610123
C4451$@DOM1,3,2,0,0.0,False,0.11860981593634684
C4453$@DOM1,2,1,0,0.0,False,0.1641316363781049
C4455$@DOM1,2,1,0,0.0,False,0.1641316363781049
C4457$@DOM1,2,1,0,0.0,False,0.1641316363781049
C4459$@DOM1,3,1,0,0.0,False,0.14362845818167014
C4460$@DOM1,2,1,0,0.0,False,0.1641316363781049
C4462$@DOM1,3,1,0,0.0,False,0.14362845818167014
C4464$@DOM1,3,1,0,0.0,False,0.14362845818167014
C4466$@DOM1,2,1,0,0.0,False,0.1641316363781049
C4468$@DOM1,2,1,0,0.0,False,0.1641316363781049
C447$@DOM1,3,2,0,0.0,False,0.11860981593634684
C4470$@DOM1,3,1,0,0.0,False,0.14362845818167014
C4474$@DOM1,2,1,0,0.0,False,0.1641316363781049
C4476$@DOM1,1,1,0,0.0,False,0.1599738668733292
C4479$@DOM1,2,1,0,0.0,False,0.1641316363781049
C448$@DOM1,2,1,0,0.0,False,0.1641316363781049
C4483$@DOM1,3,1,0,0.0,False,0.14362845818167014
C4485$@DOM1,2,2,0,0.0,False,0.06768444225637532
C4487$@DOM1,1,1,0,0.0,False,0.1599738668733292
C449$@DOM1,1,1,0,0.0,False,0.1599738668733292
C4491$@DOM1,2,2,0,0.0,False,0.06768444225637532
C4493$@DOM1,21,4,0,0.0,False,0.05105615610414971
C4495$@DOM1,1,1,0,0.0,False,0.1599738668733292
C4497$@DOM1,3,3,0,0.0,False,0.016159005590823394
C4499$@DOM1,1,1,0,0.0,False,0.1599738668733292
C450$@DOM1,1,1,0,0.0,False,0.1599738668733292
C4501$@DOM1,1,1,0,0.0,False,0.1599738668733292
C4503$@DOM1,1,1,0,0.0,False,0.1599738668733292
C4505$@DOM1,5,2,0,0.0,False,0.15863824954069683
C4509$@DOM1,5,1,0,0.0,False,0.11620316768869854
C451$@DOM1,2,1,0,0.0,False,0.1641316363781049
C4515$@DOM1,2,1,0,0.0,False,0.1641316363781049
C452$@DOM1,2,1,0,0.0,False,0.1641316363781049
C4523$@DOM1,1,1,0,0.0,False,0.1599738668733292
C4525$@DOM1,1,1,0,0.0,False,0.1599738668733292
C453$@DOM1,8,2,0,0.0,False,0.10738862592754173
C454$@DOM1,2,1,0,0.0,False,0.1641316363781049
C4545$@DOM1,2,1,0,0.0,False,0.1641316363781049
C455$@DOM1,34,7,0,0.0,True,-0.045666010013596714
C4555$@DOM1,4,2,0,0.0,False,0.13662129930338773
C456$@DOM1,29,6,0,0.0,False,0.012199098370436201
C4563$@DOM1,4,1,0,0.0,False,0.17867062809301132
C4567$@DOM1,3,1,0,0.0,False,0.14362845818167014
C457$@DOM1,200,4,0,0.0,True,-0.1851776161815455
C4585$@DOM1,22,3,0,0.0,False,0.034330673744587537
C4589$@DOM1,18,5,0,0.0,False,0.02139645249914157
C459$@DOM1,3,1,0,0.0,False,0.14362845818167014
C46$@DOM1,19,4,0,0.0,False,0.05629299858998427
C460$@DOM1,3,2,0,0.0,False,0.11860981593634684
C4618$@DOM1,17,4,0,0.0,False,0.05304125927911557
C462$@DOM1,3,2,0,0.0,False,0.11860981593634684
C4625$@DOM1,8,1,0,0.0,False,0.05213598025979088
C463$@DOM1,4,2,0,0.0,False,0.13662129930338773
C464$@DOM1,4,1,0,0.0,False,0.17867062809301132
C4649$@DOM1,8,2,0,0.0,False,0.10738862592754173
C465$@DOM1,12,2,0,0.0,False,0.07068774020865154
C4655$@DOM1,5,3,0,0.0,False,0.030235377534894803
C466$@DOM1,112,9,0,0.0,True,-0.1765529184853888
C4662$@DOM1,25,5,0,0.0,False,0.04347286148255747
C467$@DOM1,198,5,0,0.0,True,-0.18706722757754912
C468$@DOM1,5,2,0,0.0,False,0.15863824954069683
C4681$@DOM1,2,1,0,0.0,False,0.1641316363781049
C469$@DOM1,5,2,0,0.0,False,0.15863824954069683
C47$@DOM1,5,2,0,0.0,False,0.15863824954069683
C470$@DOM1,4,1,0,0.0,False,0.17867062809301132
C471$@DOM1,1,1,0,0.0,False,0.1599738668733292
C472$@DOM1,4,1,0,0.0,False,0.17867062809301132
C4722$@DOM1,3,1,0,0.0,False,0.14362845818167014
C4730$@DOM1,4,1,0,0.0,False,0.17867062809301132
C4738$@DOM1,21,4,0,0.0,False,0.05105615610414971
C474$@DOM1,1,1,0,0.0,False,0.1599738668733292
C4747$@DOM1,2,1,0,0.0,False,0.1641316363781049
C475$@DOM1,1,1,0,0.0,False,0.1599738668733292
C476$@DOM1,4,1,0,0.0,False,0.17867062809301132
C477$@DOM1,6,2,0,0.0,False,0.1410052412851024
C4776$@DOM1,2,1,0,0.0,False,0.1641316363781049
C478$@DOM1,35,6,0,0.0,False,0.003945899233383177
C479$@DOM1,2,1,0,0.0,False,0.1641316363781049
C4798$@DOM1,21,4,0,0.0,False,0.05105615610414971
C48$@DOM1,4,2,0,0.0,False,0.13662129930338773
C480$@DOM1,312,2,0,0.0,True,-0.20986539565129225
C4812$@DOM1,1,1,0,0.0,False,0.1599738668733292
C4822$@DOM1,2,1,0,0.0,False,0.1641316363781049
C483$@DOM1,1,1,0,0.0,False,0.1599738668733292
C4831$@DOM1,7,2,0,0.0,False,0.11426715145421151
C4835$@DOM1,18,3,0,0.0,False,0.044981419653445875
C485$@DOM1,8,3,0,0.0,False,0.07222243997980987
C486$@DOM1,13,3,0,0.0,False,0.06769696623732013
C487$@DOM1,1,1,0,0.0,False,0.1599738668733292
C488$@DOM1,4,1,0,0.0,False,0.17867062809301132
C489$@DOM1,1,1,0,0.0,False,0.1599738668733292
C4891$@DOM1,18,5,0,0.0,False,0.02139645249914157
C4893$@DOM1,25,4,0,0.0,False,0.03497214846160257
C491$@DOM1,5,2,0,0.0,False,0.15863824954069683
C4919$@DOM1,6,1,0,0.0,False,0.07320093411388318
C4925$@DOM1,2,1,0,0.0,False,0.1641316363781049
C493$@DOM1,4,2,0,0.0,False,0.13662129930338773
C494$@DOM1,5,2,0,0.0,False,0.15863824954069683
C495$@DOM1,2,1,0,0.0,False,0.1641316363781049
C496$@DOM1,1,1,0,0.0,False,0.1599738668733292
C497$@DOM1,7,3,0,0.0,False,0.0598494419819216
C498$@DOM1,8,3,0,0.0,False,0.07222243997980987
C4984$@DOM1,1,1,0,0.0,False,0.1599738668733292
C499$@DOM1,5,2,0,0.0,False,0.15863824954069683
C4992$@DOM1,16,4,0,0.0,False,0.043547619128172066
C5$@DOM1,5,2,0,0.0,False,0.15863824954069683
C50$@DOM1,1,1,0,0.0,False,0.1599738668733292
C500$@DOM1,4,1,0,0.0,False,0.17867062809301132
C501$@DOM1,3,1,0,0.0,False,0.14362845818167014
C5010$@DOM1,16,4,0,0.0,False,0.043547619128172066
C5012$@DOM1,20,5,0,0.0,False,0.035152110567589934
C5014$@DOM1,26,5,0,0.0,False,0.040667621312318936
C502$@DOM1,3,2,0,0.0,False,0.11860981593634684
C503$@DOM1,1,1,0,0.0,False,0.1599738668733292
C505$@DOM1,5,2,0,0.0,False,0.15863824954069683
C5059$@DOM1,4,1,0,0.0,False,0.17867062809301132
C506$@DOM1,2,1,0,0.0,False,0.1641316363781049
C507$@DOM1,3,2,0,0.0,False,0.11860981593634684
C5071$@DOM1,23,6,0,0.0,False,0.0021721776870945453
C5074$@DOM1,4,1,0,0.0,False,0.17867062809301132
C508$@DOM1,1,1,0,0.0,False,0.1599738668733292
C5084$@DOM1,21,3,0,0.0,False,0.034000669000711414
C509$@DOM1,29,5,0,0.0,False,0.04123469880352604
C5090$@DOM1,2,1,0,0.0,False,0.1641316363781049
C51$@DOM1,8,1,0,0.0,False,0.05213598025979088
C511$@DOM1,5,2,0,0.0,False,0.15863824954069683
C5115$@DOM1,15,4,0,0.0,False,0.040563893226028935
C512$@DOM1,1,1,0,0.0,False,0.1599738668733292
C513$@DOM1,4,1,0,0.0,False,0.17867062809301132
C5139$@DOM1,24,4,0,0.0,False,0.03821791715103562
C514$@DOM1,4,1,0,0.0,False,0.17867062809301132
C5141$@DOM1,4,1,0,0.0,False,0.17867062809301132
C515$@DOM1,6,2,0,0.0,False,0.1410052412851024
C518$@DOM1,8,2,0,0.0,False,0.10738862592754173
C5181$@DOM1,21,3,0,0.0,False,0.034000669000711414
C5185$@DOM7,2,1,0,0.0,False,0.1641316363781049
C519$@DOM1,1,1,0,0.0,False,0.1599738668733292
C5190$@DOM1,18,4,0,0.0,False,0.05250671922702682
C5198$@DOM1,2,1,0,0.0,False,0.1641316363781049
C52$@DOM1,17,5,0,0.0,False,0.019719486889573146
C520$@DOM1,2,1,0,0.0,False,0.1641316363781049
C5202$@DOM1,5,2,0,0.0,False,0.15863824954069683
C521$@DOM1,1,1,0,0.0,False,0.1599738668733292
C522$@DOM1,1,1,0,0.0,False,0.1599738668733292
C5220$@DOM1,13,4,0,0.0,False,0.03563049506189375
C523$@DOM1,147,17,0,0.0,True,-0.2536174407128996
C524$@DOM1,5,2,0,0.0,False,0.15863824954069683
C5242$@DOM1,26,5,0,0.0,False,0.040667621312318936
C525$@DOM1,5,2,0,0.0,False,0.15863824954069683
C526$@DOM1,2,1,0,0.0,False,0.1641316363781049
C5268$@DOM1,14,3,0,0.0,False,0.06601573047298809
C528$@DOM1,175,5,0,0.0,True,-0.16893013128464396
C529$@DOM1,214,5,0,0.0,True,-0.20161019506296318
C5299$@DOM1,1,1,0,0.0,False,0.1599738668733292
C53$@DOM1,5,2,0,0.0,False,0.15863824954069683
C531$@DOM1,4,1,0,0.0,False,0.17867062809301132
C532$@DOM1,3,1,0,0.0,False,0.14362845818167014
C5329$@DOM1,6,2,0,0.0,False,0.1410052412851024
C533$@DOM1,1,1,0,0.0,False,0.1599738668733292
C5333$@DOM1,18,4,0,0.0,False,0.05250671922702682
C535$@DOM1,1,1,0,0.0,False,0.1599738668733292
C536$@DOM1,14,4,0,0.0,False,0.041496161821001354
C537$@DOM1,1,1,0,0.0,False,0.1599738668733292
C538$@DOM1,386,15,0,0.0,True,-0.29500618707350235
C5398$@DOM1,2,1,0,0.0,False,0.1641316363781049
C54$@DOM1,1,1,0,0.0,False,0.1599738668733292
C540$@DOM1,16,2,0,0.0,False,0.03494652296737133
C541$@DOM1,4,1,0,0.0,False,0.17867062809301132
C542$@DOM1,26,4,0,0.0,False,0.02690626940671137
C5422$@DOM1,14,3,0,0.0,False,0.06601573047298809
C543$@DOM1,3,2,0,0.0,False,0.11860981593634684
C5435$@DOM1,13,4,0,0.0,False,0.03563049506189375
C544$@DOM1,3,2,0,0.0,False,0.11860981593634684
C545$@DOM1,3,1,0,0.0,False,0.14362845818167014
C5450$@DOM1,14,5,0,0.0,False,0.004865055876357993
C5459$@DOM1,2,1,0,0.0,False,0.1641316363781049
C546$@DOM1,1,1,0,0.0,False,0.1599738668733292
C547$@DOM1,1,1,0,0.0,False,0.1599738668733292
C548$@DOM1,2,1,0,0.0,False,0.1641316363781049
C5483$@DOM1,19,4,0,0.0,False,0.05629299858998427
C5487$@DOM1,8,3,0,0.0,False,0.07222243997980987
C55$@DOM1,6,2,0,0.0,False,0.1410052412851024
C550$@DOM1,1,1,0,0.0,False,0.1599738668733292
C5502$@DOM1,20,4,0,0.0,False,0.05418266962866436
C5504$@DOM1,13,3,0,0.0,False,0.06769696623732013
C551$@DOM1,31,6,0,0.0,False,0.011165707349314102
C5517$@DOM1,4,1,0,0.0,False,0.17867062809301132
C552$@DOM1,7,3,0,0.0,False,0.0598494419819216
C5526$@DOM1,12,2,0,0.0,False,0.07068774020865154
C5528$@DOM1,4,3,0,0.0,False,0.020925754947710207
C553$@DOM1,175,10,0,0.0,True,-0.21727714494413608
C555$@DOM1,6,2,0,0.0,False,0.1410052412851024
C5563$@DOM1,2,1,0,0.0,False,0.1641316363781049
C5566$@DOM1,4,1,0,0.0,False,0.17867062809301132
C557$@DOM1,1,1,0,0.0,False,0.1599738668733292
C558$@DOM1,5,2,0,0.0,False,0.15863824954069683
C559$@DOM1,5,2,0,0.0,False,0.15863824954069683
C56$@DOM1,8,2,0,0.0,False,0.10738862592754173
C560$@DOM1,4,2,0,0.0,False,0.13662129930338773
C561$@DOM1,65,8,0,0.0,True,-0.13230019651588876
C563$@DOM1,3,2,0,0.0,False,0.11860981593634684
C5641$@DOM1,8,1,0,0.0,False,0.05213598025979088
C5644$@DOM1,2,1,0,0.0,False,0.1641316363781049
C567$@DOM1,490,14,0,0.0,True,-0.30069604713936426
C5671$@DOM1,4,1,0,0.0,False,0.17867062809301132
C569$@DOM1,1,1,0,0.0,False,0.1599738668733292
C5693$@DOM1,8,2,0,0.0,False,0.10738862592754173
C57$@DOM1,1,1,0,0.0,False,0.1599738668733292
C570$@DOM1,1,1,0,0.0,False,0.1599738668733292
C571$@DOM1,5,2,0,0.0,False,0.15863824954069683
C573$@DOM1,7,3,0,0.0,False,0.0598494419819216
C575$@DOM1,5,2,0,0.0,False,0.15863824954069683
C5757$@DOM1,13,3,0,0.0,False,0.06769696623732013
C576$@DOM1,5,2,0,0.0,False,0.15863824954069683
C5764$@DOM1,11,2,0,0.0,False,0.07336523074882861
C577$@DOM1,1,1,0,0.0,False,0.1599738668733292
C5778$@DOM1,43,5,0,0.0,True,-0.0179864765568708
C578$@DOM1,1,1,0,0.0,False,0.1599738668733292
C5783$@DOM1,5,2,0,0.0,False,0.15863824954069683
C579$@DOM1,5,2,0,0.0,False,0.15863824954069683
C5796$@DOM1,5,2,0,0.0,False,0.15863824954069683
C5799$@DOM1,5,2,0,0.0,False,0.15863824954069683
C58$@DOM1,4,1,0,0.0,False,0.17867062809301132
C580$@DOM1,6,2,0,0.0,False,0.1410052412851024
C581$@DOM1,5,2,0,0.0,False,0.15863824954069683
C582$@DOM1,1,1,0,0.0,False,0.1599738668733292
C5830$@DOM1,4,1,0,0.0,False,0.17867062809301132
C5837$@DOM1,1,1,0,0.0,False,0.1599738668733292
C5839$@DOM1,2,1,0,0.0,False,0.1641316363781049
C584$@DOM1,1,1,0,0.0,False,0.1599738668733292
C5841$@DOM1,2,1,0,0.0,False,0.1641316363781049
C5843$@DOM1,3,2,0,0.0,False,0.11860981593634684
C5845$@DOM1,5,2,0,0.0,False,0.15863824954069683
C5847$@DOM1,1,1,0,0.0,False,0.1599738668733292
C585$@DOM1,471,2,0,0.0,True,-0.23942621920624552
C5850$@DOM1,5,2,0,0.0,False,0.15863824954069683
C5853$@DOM1,18,3,0,0.0,False,0.044981419653445875
C586$@DOM1,150,6,0,0.0,True,-0.15829868974294292
C5866$@DOM1,12,4,0,0.0,False,0.03274030661659044
C588$@DOM1,6,2,0,0.0,False,0.1410052412851024
C5884$@DOM1,4,1,0,0.0,False,0.17867062809301132
C589$@DOM1,5,2,0,0.0,False,0.15863824954069683
C59$@DOM1,1,1,0,0.0,False,0.1599738668733292
C590$@DOM1,3,2,0,0.0,False,0.11860981593634684
C5902$@DOM1,36,5,0,0.0,False,0.008519407156565961
C5905$@DOM1,1,1,0,0.0,False,0.1599738668733292
C591$@DOM1,10,2,0,0.0,False,0.08211227830702306
C5919$@DOM1,10,1,0,0.0,False,0.015543095157789288
C592$@DOM1,5,2,0,0.0,False,0.15863824954069683
C593$@DOM1,9,3,0,0.0,False,0.07470552879155357
C594$@DOM1,4,1,0,0.0,False,0.17867062809301132
C595$@DOM1,5,2,0,0.0,False,0.15863824954069683
C596$@DOM1,3,1,0,0.0,False,0.14362845818167014
C597$@DOM1,37,8,0,0.0,True,-0.07517290178307567
C599$@DOM1,927,20,0,0.0,True,-0.31509026604230084
C6$@DOM1,1,1,0,0.0,False,0.1599738668733292
C60$@DOM1,4,1,0,0.0,False,0.17867062809301132
C600$@DOM1,7,3,0,0.0,False,0.0598494419819216
C601$@DOM1,6,2,0,0.0,False,0.1410052412851024
C602$@DOM1,1,1,0,0.0,False,0.1599738668733292
C603$@DOM1,5,1,0,0.0,False,0.11620316768869854
C605$@DOM1,1,1,0,0.0,False,0.1599738668733292
C606$@DOM1,8,3,0,0.0,False,0.07222243997980987
C607$@DOM1,5,2,0,0.0,False,0.15863824954069683
C608$@DOM1,43,5,0,0.0,True,-0.0179864765568708
C609$@DOM1,1,1,0,0.0,False,0.1599738668733292
C610$@DOM1,3,2,0,0.0,False,0.11860981593634684
C612$@DOM1,428,7,0,0.0,True,-0.25774883412183436
C613$@DOM1,4,2,0,0.0,False,0.13662129930338773
C614$@DOM1,1,1,0,0.0,False,0.1599738668733292
C615$@DOM1,5,2,0,0.0,False,0.15863824954069683
C617$@DOM1,1,1,0,0.0,False,0.1599738668733292
C618$@DOM1,23,5,0,0.0,False,0.04153909078711371
C619$@DOM1,4,2,0,0.0,False,0.13662129930338773
C620$@DOM1,4,2,0,0.0,False,0.13662129930338773
C622$@DOM1,1,1,0,0.0,False,0.1599738668733292
C623$@DOM1,5,2,0,0.0,False,0.15863824954069683
C624$@DOM1,5,3,0,0.0,False,0.030235377534894803
C625$@DOM1,171,4,0,0.0,True,-0.1598162336359774
C626$@DOM1,5,2,0,0.0,False,0.15863824954069683
C627$@DOM1,1,1,0,0.0,False,0.1599738668733292
C629$@DOM1,2,1,0,0.0,False,0.1641316363781049
C63$@DOM1,1,1,0,0.0,False,0.1599738668733292
C630$@DOM1,5,2,0,0.0,False,0.15863824954069683
C632$@DOM1,9,3,0,0.0,False,0.07470552879155357
C633$@DOM1,4,1,0,0.0,False,0.17867062809301132
C634$@DOM1,1,1,0,0.0,False,0.1599738668733292
C635$@DOM1,1,1,0,0.0,False,0.1599738668733292
C636$@DOM1,2,1,0,0.0,False,0.1641316363781049
C637$@DOM1,3,2,0,0.0,False,0.11860981593634684
C64$@DOM1,2,1,0,0.0,False,0.1641316363781049
C640$@DOM1,3,2,0,0.0,False,0.11860981593634684
C641$@DOM1,10,3,0,0.0,False,0.07965672206982632
C643$@DOM1,2,1,0,0.0,False,0.1641316363781049
C644$@DOM1,1,1,0,0.0,False,0.1599738668733292
C645$@DOM1,45,7,0,0.0,True,-0.0710027318773836
C646$@DOM1,2,2,0,0.0,False,0.06768444225637532
C647$@DOM1,6,2,0,0.0,False,0.1410052412851024
C648$@DOM1,3,2,0,0.0,False,0.11860981593634684
C649$@DOM1,1,1,0,0.0,False,0.1599738668733292
C65$@DOM1,1,1,0,0.0,False,0.1599738668733292
C650$@DOM1,5,2,0,0.0,False,0.15863824954069683
C651$@DOM1,18,3,0,0.0,False,0.044981419653445875
C652$@DOM1,1,1,0,0.0,False,0.1599738668733292
C653$@DOM1,2,1,0,0.0,False,0.1641316363781049
C654$@DOM1,16,3,0,0.0,False,0.05054649112809345
C655$@DOM1,6,2,0,0.0,False,0.1410052412851024
C656$@DOM1,2,2,0,0.0,False,0.06768444225637532
C657$@DOM1,4,1,0,0.0,False,0.17867062809301132
C658$@DOM1,1,1,0,0.0,False,0.1599738668733292
C659$@DOM1,4,1,0,0.0,False,0.17867062809301132
C66$@DOM1,1,1,0,0.0,False,0.1599738668733292
C660$@DOM1,6,2,0,0.0,False,0.1410052412851024
C661$@DOM1,1,1,0,0.0,False,0.1599738668733292
C662$@DOM1,1,1,0,0.0,False,0.1599738668733292
C663$@DOM1,4,2,0,0.0,False,0.13662129930338773
C664$@DOM1,5,2,0,0.0,False,0.15863824954069683
C665$@DOM1,9,3,0,0.0,False,0.07470552879155357
C667$@DOM1,2,1,0,0.0,False,0.1641316363781049
C668$@DOM1,3,2,0,0.0,False,0.11860981593634684
C669$@DOM1,2,1,0,0.0,False,0.1641316363781049
C67$@DOM1,5,2,0,0.0,False,0.15863824954069683
C670$@DOM1,6,2,0,0.0,False,0.1410052412851024
C671$@DOM1,8,3,0,0.0,False,0.07222243997980987
C673$@DOM1,4,1,0,0.0,False,0.17867062809301132
C674$@DOM1,8,3,0,0.0,False,0.07222243997980987
C675$@DOM1,2,1,0,0.0,False,0.1641316363781049
C676$@DOM1,3,2,0,0.0,False,0.11860981593634684
C677$@DOM1,1,1,0,0.0,False,0.1599738668733292
C679$@DOM1,8,2,0,0.0,False,0.10738862592754173
C68$@DOM1,3,1,0,0.0,False,0.14362845818167014
C680$@DOM1,5,2,0,0.0,False,0.15863824954069683
C681$@DOM1,2,1,0,0.0,False,0.1641316363781049
C682$@DOM1,1,1,0,0.0,False,0.1599738668733292
C683$@DOM1,5,2,0,0.0,False,0.15863824954069683
C684$@DOM1,5,2,0,0.0,False,0.15863824954069683
C685$@DOM1,2,1,0,0.0,False,0.1641316363781049
C686$@DOM1,9,3,0,0.0,False,0.07470552879155357
C687$@DOM1,2,1,0,0.0,False,0.1641316363781049
C688$@DOM1,3,2,0,0.0,False,0.11860981593634684
C689$@DOM1,1,1,0,0.0,False,0.1599738668733292
C69$@DOM1,5,2,0,0.0,False,0.15863824954069683
C690$@DOM1,9,3,0,0.0,False,0.07470552879155357
C692$@DOM1,5,2,0,0.0,False,0.15863824954069683
C693$@DOM1,3,2,0,0.0,False,0.11860981593634684
C694$@DOM1,1,1,0,0.0,False,0.1599738668733292
C695$@DOM1,5,2,0,0.0,False,0.15863824954069683
C697$@DOM1,3,2,0,0.0,False,0.11860981593634684
C698$@DOM1,12,1,0,0.0,True,-0.005687955435255132
C7$@DOM1,3,1,0,0.0,False,0.14362845818167014
C70$@DOM1,4,1,0,0.0,False,0.17867062809301132
C700$@DOM1,6,2,0,0.0,False,0.1410052412851024
C701$@DOM1,1,1,0,0.0,False,0.1599738668733292
C702$@DOM1,1,1,0,0.0,False,0.1599738668733292
C703$@DOM1,2,1,0,0.0,False,0.1641316363781049
C704$@DOM1,3,2,0,0.0,False,0.11860981593634684
C705$@DOM1,4,2,0,0.0,False,0.13662129930338773
C706$@DOM1,4,2,0,0.0,False,0.13662129930338773
C707$@DOM1,2,1,0,0.0,False,0.1641316363781049
C708$@DOM1,3,2,0,0.0,False,0.11860981593634684
C709$@DOM1,1,1,0,0.0,False,0.1599738668733292
C71$@DOM1,1,1,0,0.0,False,0.1599738668733292
C711$@DOM1,5,2,0,0.0,False,0.15863824954069683
C712$@DOM1,3,2,0,0.0,False,0.11860981593634684
C713$@DOM1,30,4,0,0.0,False,0.01142251702162389
C714$@DOM1,1,1,0,0.0,False,0.1599738668733292
C715$@DOM1,4,1,0,0.0,False,0.17867062809301132
C716$@DOM1,1,1,0,0.0,False,0.1599738668733292
C717$@DOM1,1,1,0,0.0,False,0.1599738668733292
C718$@DOM1,14,6,0,0.0,True,-0.028283462583297725
C719$@DOM1,2,1,0,0.0,False,0.1641316363781049
C72$@DOM1,1,1,0,0.0,False,0.1599738668733292
C720$@DOM1,13,4,0,0.0,False,0.03563049506189375
C721$@DOM1,2,1,0,0.0,False,0.1641316363781049
C722$@DOM1,4,1,0,0.0,False,0.17867062809301132
C724$@DOM1,1,1,0,0.0,False,0.1599738668733292
C725$@DOM1,6,2,0,0.0,False,0.1410052412851024
C726$@DOM1,4,1,0,0.0,False,0.17867062809301132
C727$@DOM1,1,1,0,0.0,False,0.1599738668733292
C728$@DOM1,4,1,0,0.0,False,0.17867062809301132
C729$@DOM1,1,1,0,0.0,False,0.1599738668733292
C73$@DOM1,1,1,0,0.0,False,0.1599738668733292
C730$@DOM1,1,1,0,0.0,False,0.1599738668733292
C731$@DOM1,5,2,0,0.0,False,0.15863824954069683
C732$@DOM1,5,2,0,0.0,False,0.15863824954069683
C733$@DOM1,6,2,0,0.0,False,0.1410052412851024
C734$@DOM1,6,2,0,0.0,False,0.1410052412851024
C735$@DOM1,3,2,0,0.0,False,0.11860981593634684
C736$@DOM1,5,2,0,0.0,False,0.15863824954069683
C737$@DOM1,6,2,0,0.0,False,0.1410052412851024
C738$@DOM1,1,1,0,0.0,False,0.1599738668733292
C739$@DOM1,11,3,0,0.0,False,0.06854811070516992
C74$@DOM1,1,1,0,0.0,False,0.1599738668733292
C740$@DOM1,6,2,0,0.0,False,0.1410052412851024
C741$@DOM1,1,1,0,0.0,False,0.1599738668733292
C742$@DOM1,21,3,0,0.0,False,0.034000669000711414
C743$@DOM1,466,5,0,0.0,True,-0.25720716186526693
C745$@DOM1,1,1,0,0.0,False,0.1599738668733292
C746$@DOM1,1,1,0,0.0,False,0.1599738668733292
C747$@DOM1,4,2,0,0.0,False,0.13662129930338773
C748$@DOM1,4,2,0,0.0,False,0.13662129930338773
C749$@DOM1,34,7,0,0.0,True,-0.045666010013596714
C75$@DOM1,1,1,0,0.0,False,0.1599738668733292
C750$@DOM1,5,2,0,0.0,False,0.15863824954069683
C751$@DOM1,4,1,0,0.0,False,0.17867062809301132
C752$@DOM1,2,1,0,0.0,False,0.1641316363781049
C753$@DOM1,6,2,0,0.0,False,0.1410052412851024
C754$@DOM1,6,2,0,0.0,False,0.1410052412851024
C756$@DOM1,5,2,0,0.0,False,0.15863824954069683
C757$@DOM1,5,2,0,0.0,False,0.15863824954069683
C758$@DOM1,4,1,0,0.0,False,0.17867062809301132
C759$@DOM1,3,1,0,0.0,False,0.14362845818167014
C76$@DOM1,9,3,0,0.0,False,0.07470552879155357
C760$@DOM1,1,1,0,0.0,False,0.1599738668733292
C761$@DOM1,9,2,0,0.0,False,0.08922832485411009
C762$@DOM1,31,6,0,0.0,False,0.011165707349314102
C763$@DOM1,7,3,0,0.0,False,0.0598494419819216
C764$@DOM1,4,1,0,0.0,False,0.17867062809301132
C765$@DOM1,11,1,0,0.0,False,0.0056503071487503664
C766$@DOM1,1,1,0,0.0,False,0.1599738668733292
C767$@DOM1,3,2,0,0.0,False,0.11860981593634684
C768$@DOM1,27,5,0,0.0,False,0.04053590295009579
C769$@DOM1,6,2,0,0.0,False,0.1410052412851024
C77$@DOM1,1,1,0,0.0,False,0.1599738668733292
C770$@DOM1,1,1,0,0.0,False,0.1599738668733292
C771$@DOM1,9,3,0,0.0,False,0.07470552879155357
C772$@DOM1,31,6,0,0.0,False,0.011165707349314102
C773$@DOM1,1,1,0,0.0,False,0.1599738668733292
C774$@DOM1,9,3,0,0.0,False,0.07470552879155357
C775$@DOM1,5,2,0,0.0,False,0.15863824954069683
C777$@DOM1,3,2,0,0.0,False,0.11860981593634684
C778$@DOM1,1,1,0,0.0,False,0.1599738668733292
C779$@DOM1,2,1,0,0.0,False,0.1641316363781049
C78$@DOM1,10,2,0,0.0,False,0.08211227830702306
C780$@DOM1,1,1,0,0.0,False,0.1599738668733292
C781$@DOM1,1,1,0,0.0,False,0.1599738668733292
C782$@DOM1,3,2,0,0.0,False,0.11860981593634684
C783$@DOM1,4,1,0,0.0,False,0.17867062809301132
C784$@DOM1,7,2,0,0.0,False,0.11426715145421151
C785$@DOM1,10,3,0,0.0,False,0.07965672206982632
C786$@DOM1,1,1,0,0.0,False,0.1599738668733292
C787$@DOM1,1,1,0,0.0,False,0.1599738668733292
C788$@DOM1,38,6,0,0.0,True,-0.011959244772610123
C789$@DOM1,1,1,0,0.0,False,0.1599738668733292
C79$@DOM1,42,7,0,0.0,True,-0.056551845159373726
C790$@DOM1,1,1,0,0.0,False,0.1599738668733292
C791$@DOM1,9,3,0,0.0,False,0.07470552879155357
C792$@DOM1,5,2,0,0.0,False,0.15863824954069683
C793$@DOM1,12,2,0,0.0,False,0.07068774020865154
C795$@DOM1,13,4,0,0.0,False,0.03563049506189375
C796$@DOM1,2,1,0,0.0,False,0.1641316363781049
C797$@DOM1,5,2,0,0.0,False,0.15863824954069683
C799$@DOM1,4,2,0,0.0,False,0.13662129930338773
C8$@DOM1,2,1,0,0.0,False,0.1641316363781049
C80$@DOM1,4,1,0,0.0,False,0.17867062809301132
C800$@DOM1,1,1,0,0.0,False,0.1599738668733292
C803$@DOM1,1,1,0,0.0,False,0.1599738668733292
C804$@DOM1,1,1,0,0.0,False,0.1599738668733292
C805$@DOM1,4,1,0,0.0,False,0.17867062809301132
C806$@DOM1,4,2,0,0.0,False,0.13662129930338773
C807$@DOM1,49,7,0,0.0,True,-0.07826651833785259
C808$@DOM1,4,1,0,0.0,False,0.17867062809301132
C809$@DOM1,9,3,0,0.0,False,0.07470552879155357
C81$@DOM1,1,1,0,0.0,False,0.1599738668733292
C810$@DOM1,13,5,0,0.0,True,-0.0032489103462592928
C811$@DOM1,6,2,0,0.0,False,0.1410052412851024
C812$@DOM1,35,7,0,0.0,True,-0.049862079255366454
C813$@DOM1,1,1,0,0.0,False,0.1599738668733292
C814$@DOM1,2,1,0,0.0,False,0.1641316363781049
C816$@DOM1,5,2,0,0.0,False,0.15863824954069683
C817$@DOM1,6,2,0,0.0,False,0.1410052412851024
C819$@DOM1,2,1,0,0.0,False,0.1641316363781049
C82$@DOM1,1,1,0,0.0,False,0.1599738668733292
C820$@DOM1,10,3,0,0.0,False,0.07965672206982632
C821$@DOM1,4,1,0,0.0,False,0.17867062809301132
C822$@DOM1,7,3,0,0.0,False,0.0598494419819216
C823$@DOM1,1,1,0,0.0,False,0.1599738668733292
C825$@DOM1,6,2,0,0.0,False,0.1410052412851024
C826$@DOM1,5,2,0,0.0,False,0.15863824954069683
C827$@DOM1,1,1,0,0.0,False,0.1599738668733292
C828$@DOM1,5,2,0,0.0,False,0.15863824954069683
C829$@DOM1,17,3,0,0.0,False,0.05045849156180093
C83$@DOM1,15,3,0,0.0,False,0.05341985570938229
C830$@DOM1,6,2,0,0.0,False,0.1410052412851024
C831$@DOM1,27,6,0,0.0,False,0.0067860526497032225
C832$@DOM1,42,2,0,0.0,True,-0.04513077371131269
C833$@DOM1,4,1,0,0.0,False,0.17867062809301132
C834$@DOM1,4,1,0,0.0,False,0.17867062809301132
C835$@DOM1,28,7,0,0.0,True,-0.04988435375618172
C837$@DOM1,2,1,0,0.0,False,0.1641316363781049
C838$@DOM1,5,2,0,0.0,False,0.15863824954069683
C839$@DOM1,1,1,0,0.0,False,0.1599738668733292
C84$@DOM1,5,2,0,0.0,False,0.15863824954069683
C840$@DOM1,1,1,0,0.0,False,0.1599738668733292
C841$@DOM1,10,3,0,0.0,False,0.07965672206982632
C842$@DOM1,6,2,0,0.0,False,0.1410052412851024
C843$@DOM1,1,1,0,0.0,False,0.1599738668733292
C845$@DOM1,5,2,0,0.0,False,0.15863824954069683
C846$@DOM1,7,2,0,0.0,False,0.11426715145421151
C847$@DOM1,5,3,0,0.0,False,0.030235377534894803
C848$@DOM1,1,1,0,0.0,False,0.1599738668733292
C849$@DOM1,3,1,0,0.0,False,0.14362845818167014
C85$@DOM1,5,2,0,0.0,False,0.15863824954069683
C850$@DOM1,38,7,0,0.0,True,-0.04962733607893899
C851$@DOM1,5,2,0,0.0,False,0.15863824954069683
C852$@DOM1,1,1,0,0.0,False,0.1599738668733292
C853$@DOM1,1,1,0,0.0,False,0.1599738668733292
C854$@DOM1,5,2,0,0.0,False,0.15863824954069683
C855$@DOM1,6,2,0,0.0,False,0.1410052412851024
C856$@DOM1,3,2,0,0.0,False,0.11860981593634684
C857$@DOM1,27,5,0,0.0,False,0.04053590295009579
C858$@DOM1,5,2,0,0.0,False,0.15863824954069683
C859$@DOM1,1,1,0,0.0,False,0.1599738668733292
C86$@DOM1,2,1,0,0.0,False,0.1641316363781049
C860$@DOM1,22,5,0,0.0,False,0.04691751451462195
C861$@DOM1,3,1,0,0.0,False,0.14362845818167014
C862$@DOM1,4,1,0,0.0,False,0.17867062809301132
C863$@DOM1,1,1,0,0.0,False,0.1599738668733292
C864$@DOM1,1,1,0,0.0,False,0.1599738668733292
C865$@DOM1,1,1,0,0.0,False,0.1599738668733292
C866$@DOM1,12,3,0,0.0,False,0.0700959514985331
C867$@DOM1,31,4,0,0.0,False,0.008519692648683463
C868$@DOM1,1,1,0,0.0,False,0.1599738668733292
C869$@DOM1,1,1,0,0.0,False,0.1599738668733292
C87$@DOM1,7,3,0,0.0,False,0.0598494419819216
C870$@DOM1,5,2,0,0.0,False,0.15863824954069683
C871$@DOM1,4,2,0,0.0,False,0.13662129930338773
C873$@DOM1,3,2,0,0.0,False,0.11860981593634684
C874$@DOM1,32,5,0,0.0,False,0.03102753123536295
C875$@DOM1,2,1,0,0.0,False,0.1641316363781049
C876$@DOM1,2,1,0,0.0,False,0.1641316363781049
C877$@DOM1,3,2,0,0.0,False,0.11860981593634684
C878$@DOM1,4,2,0,0.0,False,0.13662129930338773
C879$@DOM1,1,1,0,0.0,False,0.1599738668733292
C88$@DOM1,39,7,0,0.0,True,-0.05215779200198345
C880$@DOM1,1,1,0,0.0,False,0.1599738668733292
C881$@DOM1,3,1,0,0.0,False,0.14362845818167014
C882$@DOM1,3,1,0,0.0,False,0.14362845818167014
C883$@DOM1,4,1,0,0.0,False,0.17867062809301132
C884$@DOM1,3,2,0,0.0,False,0.11860981593634684
C885$@DOM1,20,2,0,0.0,False,0.01391476564800509
C886$@DOM1,1,1,0,0.0,False,0.1599738668733292
C887$@DOM1,4,2,0,0.0,False,0.13662129930338773
C888$@DOM1,8,2,0,0.0,False,0.10738862592754173
C889$@DOM1,1,1,0,0.0,False,0.1599738668733292
C89$@DOM1,4,1,0,0.0,False,0.17867062809301132
C890$@DOM1,5,2,0,0.0,False,0.15863824954069683
C891$@DOM1,1,1,0,0.0,False,0.1599738668733292
C892$@DOM1,35,7,0,0.0,True,-0.049862079255366454
C893$@DOM1,35,6,0,0.0,False,0.003945899233383177
C894$@DOM1,34,6,0,0.0,False,0.008260045962855345
C895$@DOM1,5,2,0,0.0,False,0.15863824954069683
C896$@DOM1,5,2,0,0.0,False,0.15863824954069683
C897$@DOM1,5,2,0,0.0,False,0.15863824954069683
C898$@DOM1,9,3,0,0.0,False,0.07470552879155357
C899$@DOM1,3,2,0,0.0,False,0.11860981593634684
C9$@DOM1,5,2,0,0.0,False,0.15863824954069683
C90$@DOM1,5,2,0,0.0,False,0.15863824954069683
C900$@DOM1,5,3,0,0.0,False,0.030235377534894803
C901$@DOM1,1,1,0,0.0,False,0.1599738668733292
C902$@DOM1,1,1,0,0.0,False,0.1599738668733292
C903$@DOM1,34,5,0,0.0,False,0.02015343834492067
C904$@DOM1,2,1,0,0.0,False,0.1641316363781049
C905$@DOM1,32,7,0,0.0,True,-0.04610082190359199
C907$@DOM1,2,1,0,0.0,False,0.1641316363781049
C908$@DOM1,2,1,0,0.0,False,0.1641316363781049
C909$@DOM1,4,2,0,0.0,False,0.13662129930338773
C91$@DOM1,5,2,0,0.0,False,0.15863824954069683
C910$@DOM1,8,3,0,0.0,False,0.07222243997980987
C911$@DOM1,1,1,0,0.0,False,0.1599738668733292
C912$@DOM1,1,1,0,0.0,False,0.1599738668733292
C913$@DOM1,1,1,0,0.0,False,0.1599738668733292
C914$@DOM1,2,1,0,0.0,False,0.1641316363781049
C915$@DOM1,1,1,0,0.0,False,0.1599738668733292
C916$@DOM1,5,3,0,0.0,False,0.030235377534894803
C918$@DOM1,2,1,0,0.0,False,0.1641316363781049
C919$@DOM1,3,1,0,0.0,False,0.14362845818167014
C92$@DOM1,3,1,0,0.0,False,0.14362845818167014
C920$@DOM1,38,4,0,0.0,True,-0.021390327049541913
C921$@DOM1,2,1,0,0.0,False,0.1641316363781049
C922$@DOM1,1,1,0,0.0,False,0.1599738668733292
C924$@DOM1,34,5,0,0.0,False,0.02015343834492067
C925$@DOM1,2,1,0,0.0,False,0.1641316363781049
C926$@DOM1,4,1,0,0.0,False,0.17867062809301132
C927$@DOM1,5,2,0,0.0,False,0.15863824954069683
C928$@DOM1,1,1,0,0.0,False,0.1599738668733292
C929$@DOM1,1,1,0,0.0,False,0.1599738668733292
C93$@DOM1,4,1,0,0.0,False,0.17867062809301132
C930$@DOM1,2,1,0,0.0,False,0.1641316363781049
C931$@DOM1,1,1,0,0.0,False,0.1599738668733292
C932$@DOM1,1,1,0,0.0,False,0.1599738668733292
C933$@DOM1,5,2,0,0.0,False,0.15863824954069683
C934$@DOM1,3,2,0,0.0,False,0.11860981593634684
C935$@DOM1,5,2,0,0.0,False,0.15863824954069683
C936$@DOM1,10,2,0,0.0,False,0.08211227830702306
C937$@DOM1,31,5,0,0.0,False,0.03612196645152865
C938$@DOM1,2,1,0,0.0,False,0.1641316363781049
C939$@DOM1,18,3,0,0.0,False,0.044981419653445875
C94$@DOM1,4,1,0,0.0,False,0.17867062809301132
C940$@DOM1,40,5,0,0.0,True,-0.0045918668777013005
C942$@DOM1,21,3,0,0.0,False,0.034000669000711414
C944$@DOM1,1,1,0,0.0,False,0.1599738668733292
C945$@DOM1,2,1,0,0.0,False,0.1641316363781049
C947$@DOM1,30,7,0,0.0,True,-0.04977171709728767
C948$@DOM1,1,1,0,0.0,False,0.1599738668733292
C949$@DOM1,2,1,0,0.0,False,0.1641316363781049
C950$@DOM1,2,1,0,0.0,False,0.1641316363781049
C952$@DOM1,1,1,0,0.0,False,0.1599738668733292
C953$@DOM1,4,2,0,0.0,False,0.13662129930338773
C954$@DOM1,6,2,0,0.0,False,0.1410052412851024
C955$@DOM1,1,1,0,0.0,False,0.1599738668733292
C956$@DOM1,4,1,0,0.0,False,0.17867062809301132
C957$@DOM1,31,5,0,0.0,False,0.03612196645152865
C958$@DOM1,2,1,0,0.0,False,0.1641316363781049
C959$@DOM1,1,1,0,0.0,False,0.1599738668733292
C961$@DOM1,5,2,0,0.0,False,0.15863824954069683
C962$@DOM1,3,1,0,0.0,False,0.14362845818167014
C963$@DOM1,1,1,0,0.0,False,0.1599738668733292
C964$@DOM1,1,1,0,0.0,False,0.1599738668733292
C965$@DOM1,6,2,0,0.0,False,0.1410052412851024
C966$@DOM1,5,2,0,0.0,False,0.15863824954069683
C967$@DOM1,34,2,0,0.0,True,-0.02864377488248604
C968$@DOM1,1,1,0,0.0,False,0.1599738668733292
C969$@DOM1,1,1,0,0.0,False,0.1599738668733292
C97$@DOM1,2,1,0,0.0,False,0.1641316363781049
C970$@DOM1,8,3,0,0.0,False,0.07222243997980987
C971$@DOM1,1,1,0,0.0,False,0.1599738668733292
C973$@DOM1,2,1,0,0.0,False,0.1641316363781049
C975$@DOM1,5,2,0,0.0,False,0.15863824954069683
C976$@DOM1,33,6,0,0.0,False,0.006746323542596189
C977$@DOM1,6,2,0,0.0,False,0.1410052412851024
C978$@DOM1,4,2,0,0.0,False,0.13662129930338773
C979$@DOM1,5,2,0,0.0,False,0.15863824954069683
C98$@DOM1,4,1,0,0.0,False,0.17867062809301132
C980$@DOM1,32,7,0,0.0,True,-0.04610082190359199
C981$@DOM1,4,1,0,0.0,False,0.17867062809301132
C982$@DOM1,1,1,0,0.0,False,0.1599738668733292
C983$@DOM1,3,2,0,0.0,False,0.11860981593634684
C984$@DOM1,1,1,0,0.0,False,0.1599738668733292
C985$@DOM1,5,2,0,0.0,False,0.15863824954069683
C986$@DOM1,4,2,0,0.0,False,0.13662129930338773
C987$@DOM1,5,2,0,0.0,False,0.15863824954069683
C988$@DOM1,112,12,0,0.0,True,-0.22037025654851272
C989$@DOM1,6,2,0,0.0,False,0.1410052412851024
C99$@DOM1,2,1,0,0.0,False,0.1641316363781049
C990$@DOM1,10,3,0,0.0,False,0.07965672206982632
C991$@DOM1,5,2,0,0.0,False,0.15863824954069683
C992$@DOM1,3,2,0,0.0,False,0.11860981593634684
C993$@DOM1,1,1,0,0.0,False,0.1599738668733292
C994$@DOM1,8,2,0,0.0,False,0.10738862592754173
C995$@DOM1,5,2,0,0.0,False,0.15863824954069683
C996$@DOM1,21,4,0,0.0,False,0.05105615610414971
C997$@DOM1,5,2,0,0.0,False,0.15863824954069683
C998$@DOM1,4,2,0,0.0,False,0.13662129930338773
C999$@DOM1,1,1,0,0.0,False,0.1599738668733292
LOCAL SERVICE@C1808,1,1,0,0.0,False,0.1599738668733292
LOCAL SERVICE@C1864,1,1,0,0.0,False,0.1599738668733292
LOCAL SERVICE@C1878,3,1,0,0.0,False,0.14362845818167014
LOCAL SERVICE@C2029,1,1,0,0.0,False,0.1599738668733292
LOCAL SERVICE@C2288,1,1,0,0.0,False,0.1599738668733292
LOCAL SERVICE@C2464,3,1,0,0.0,False,0.14362845818167014
LOCAL SERVICE@C2493,4,1,0,0.0,False,0.17867062809301132
LOCAL SERVICE@C2708,1,1,0,0.0,False,0.1599738668733292
LOCAL SERVICE@C2716,1,1,0,0.0,False,0.1599738668733292
LOCAL SERVICE@C2893,1,1,0,0.0,False,0.1599738668733292
LOCAL SERVICE@C3021,4,1,0,0.0,False,0.17867062809301132
LOCAL SERVICE@C3022,2,1,0,0.0,False,0.1641316363781049
LOCAL SERVICE@C3025,3,1,0,0.0,False,0.14362845818167014
LOCAL SERVICE@C3103,1,1,0,0.0,False,0.1599738668733292
LOCAL SERVICE@C3374,1,1,0,0.0,False,0.1599738668733292
LOCAL SERVICE@C3500,3,1,0,0.0,False,0.14362845818167014
LOCAL SERVICE@C3504,1,1,0,0.0,False,0.1599738668733292
LOCAL SERVICE@C3670,1,1,0,0.0,False,0.1599738668733292
LOCAL SERVICE@C4031,1,1,0,0.0,False,0.1599738668733292
LOCAL SERVICE@C4271,1,1,0,0.0,False,0.1599738668733292
LOCAL SERVICE@C4388,1,1,0,0.0,False,0.1599738668733292
LOCAL SERVICE@C4448,1,1,0,0.0,False,0.1599738668733292
LOCAL SERVICE@C4466,1,1,0,0.0,False,0.1599738668733292
LOCAL SERVICE@C4515,1,1,0,0.0,False,0.1599738668733292
LOCAL SERVICE@C4585,1,1,0,0.0,False,0.1599738668733292
LOCAL SERVICE@C4891,1,1,0,0.0,False,0.1599738668733292
LOCAL SERVICE@C5141,1,1,0,0.0,False,0.1599738668733292
LOCAL SERVICE@C5220,1,1,0,0.0,False,0.1599738668733292
LOCAL SERVICE@C5853,1,1,0,0.0,False,0.1599738668733292
NETWORK SERVICE@C1808,1,1,0,0.0,False,0.1599738668733292
NETWORK SERVICE@C1832,7,1,0,0.0,False,0.05313022515510851
NETWORK SERVICE@C1878,1,1,0,0.0,False,0.1599738668733292
NETWORK SERVICE@C1969,1,1,0,0.0,False,0.1599738668733292
NETWORK SERVICE@C2005,1,1,0,0.0,False,0.1599738668733292
NETWORK SERVICE@C2027,1,1,0,0.0,False,0.1599738668733292
NETWORK SERVICE@C2029,1,1,0,0.0,False,0.1599738668733292
NETWORK SERVICE@C2053,1,1,0,0.0,False,0.1599738668733292
NETWORK SERVICE@C2060,1,1,0,0.0,False,0.1599738668733292
NETWORK SERVICE@C2098,1,1,0,0.0,False,0.1599738668733292
NETWORK SERVICE@C2183,1,1,0,0.0,False,0.1599738668733292
NETWORK SERVICE@C2261,1,1,0,0.0,False,0.1599738668733292
NETWORK SERVICE@C2288,1,1,0,0.0,False,0.1599738668733292
NETWORK SERVICE@C2395,1,1,0,0.0,False,0.1599738668733292
NETWORK SERVICE@C2413,2,1,0,0.0,False,0.1641316363781049
NETWORK SERVICE@C2424,1,1,0,0.0,False,0.1599738668733292
NETWORK SERVICE@C2451,1,1,0,0.0,False,0.1599738668733292
NETWORK SERVICE@C2464,1,1,0,0.0,False,0.1599738668733292
NETWORK SERVICE@C2475,1,1,0,0.0,False,0.1599738668733292
NETWORK SERVICE@C2551,1,1,0,0.0,False,0.1599738668733292
NETWORK SERVICE@C2625,1,1,0,0.0,False,0.1599738668733292
NETWORK SERVICE@C2770,1,1,0,0.0,False,0.1599738668733292
NETWORK SERVICE@C2780,1,1,0,0.0,False,0.1599738668733292
NETWORK SERVICE@C2893,2,1,0,0.0,False,0.1641316363781049
NETWORK SERVICE@C2911,1,1,0,0.0,False,0.1599738668733292
NETWORK SERVICE@C2931,3,1,0,0.0,False,0.14362845818167014
NETWORK SERVICE@C2956,1,1,0,0.0,False,0.1599738668733292
NETWORK SERVICE@C2989,1,1,0,0.0,False,0.1599738668733292
NETWORK SERVICE@C2992,1,1,0,0.0,False,0.1599738668733292
NETWORK SERVICE@C2993,1,1,0,0.0,False,0.1599738668733292
NETWORK SERVICE@C3022,2,1,0,0.0,False,0.1641316363781049
NETWORK SERVICE@C3030,1,1,0,0.0,False,0.1599738668733292
NETWORK SERVICE@C3042,1,1,0,0.0,False,0.1599738668733292
NETWORK SERVICE@C3049,1,1,0,0.0,False,0.1599738668733292
NETWORK SERVICE@C3054,1,1,0,0.0,False,0.1599738668733292
NETWORK SERVICE@C3068,1,1,0,0.0,False,0.1599738668733292
NETWORK SERVICE@C3084,1,1,0,0.0,False,0.1599738668733292
NETWORK SERVICE@C3093,1,1,0,0.0,False,0.1599738668733292
NETWORK SERVICE@C3103,1,1,0,0.0,False,0.1599738668733292
NETWORK SERVICE@C3124,1,1,0,0.0,False,0.1599738668733292
NETWORK SERVICE@C3137,1,1,0,0.0,False,0.1599738668733292
NETWORK SERVICE@C3159,1,1,0,0.0,False,0.1599738668733292
NETWORK SERVICE@C3273,1,1,0,0.0,False,0.1599738668733292
NETWORK SERVICE@C3332,1,1,0,0.0,False,0.1599738668733292
NETWORK SERVICE@C3336,1,1,0,0.0,False,0.1599738668733292
NETWORK SERVICE@C3363,1,1,0,0.0,False,0.1599738668733292
NETWORK SERVICE@C3365,1,1,0,0.0,False,0.1599738668733292
NETWORK SERVICE@C3399,1,1,0,0.0,False,0.1599738668733292
NETWORK SERVICE@C3454,1,1,0,0.0,False,0.1599738668733292
NETWORK SERVICE@C3500,1,1,0,0.0,False,0.1599738668733292
NETWORK SERVICE@C3504,1,1,0,0.0,False,0.1599738668733292
NETWORK SERVICE@C3513,1,1,0,0.0,False,0.1599738668733292
NETWORK SERVICE@C3539,1,1,0,0.0,False,0.1599738668733292
NETWORK SERVICE@C3583,1,1,0,0.0,False,0.1599738668733292
NETWORK SERVICE@C3605,1,1,0,0.0,False,0.1599738668733292
NETWORK SERVICE@C3632,1,1,0,0.0,False,0.1599738668733292
NETWORK SERVICE@C3653,1,1,0,0.0,False,0.1599738668733292
NETWORK SERVICE@C3662,1,1,0,0.0,False,0.1599738668733292
NETWORK SERVICE@C3670,1,1,0,0.0,False,0.1599738668733292
NETWORK SERVICE@C3682,1,1,0,0.0,False,0.1599738668733292
NETWORK SERVICE@C3840,1,1,0,0.0,False,0.1599738668733292
NETWORK SERVICE@C3841,1,1,0,0.0,False,0.1599738668733292
NETWORK SERVICE@C3897,1,1,0,0.0,False,0.1599738668733292
NETWORK SERVICE@C3906,1,1,0,0.0,False,0.1599738668733292
NETWORK SERVICE@C3919,1,1,0,0.0,False,0.1599738668733292
NETWORK SERVICE@C3923,1,1,0,0.0,False,0.1599738668733292
NETWORK SERVICE@C3935,1,1,0,0.0,False,0.1599738668733292
NETWORK SERVICE@C3982,1,1,0,0.0,False,0.1599738668733292
NETWORK SERVICE@C4009,1,1,0,0.0,False,0.1599738668733292
NETWORK SERVICE@C4015,1,1,0,0.0,False,0.1599738668733292
NETWORK SERVICE@C4023,1,1,0,0.0,False,0.1599738668733292
NETWORK SERVICE@C4031,1,1,0,0.0,False,0.1599738668733292
NETWORK SERVICE@C4038,1,1,0,0.0,False,0.1599738668733292
NETWORK SERVICE@C4051,1,1,0,0.0,False,0.1599738668733292
NETWORK SERVICE@C4061,1,1,0,0.0,False,0.1599738668733292
NETWORK SERVICE@C4143,1,1,0,0.0,False,0.1599738668733292
NETWORK SERVICE@C4178,1,1,0,0.0,False,0.1599738668733292
NETWORK SERVICE@C4210,2,1,0,0.0,False,0.1641316363781049
NETWORK SERVICE@C4271,1,1,0,0.0,False,0.1599738668733292
NETWORK SERVICE@C4273,1,1,0,0.0,False,0.1599738668733292
NETWORK SERVICE@C4305,1,1,0,0.0,False,0.1599738668733292
NETWORK SERVICE@C4314,1,1,0,0.0,False,0.1599738668733292
NETWORK SERVICE@C4347,2,1,0,0.0,False,0.1641316363781049
NETWORK SERVICE@C4379,1,1,0,0.0,False,0.1599738668733292
NETWORK SERVICE@C4388,1,1,0,0.0,False,0.1599738668733292
NETWORK SERVICE@C4448,1,1,0,0.0,False,0.1599738668733292
NETWORK SERVICE@C4493,1,1,0,0.0,False,0.1599738668733292
NETWORK SERVICE@C4515,1,1,0,0.0,False,0.1599738668733292
NETWORK SERVICE@C4563,1,1,0,0.0,False,0.1599738668733292
NETWORK SERVICE@C4585,1,1,0,0.0,False,0.1599738668733292
NETWORK SERVICE@C4589,1,1,0,0.0,False,0.1599738668733292
NETWORK SERVICE@C4618,1,1,0,0.0,False,0.1599738668733292
NETWORK SERVICE@C4798,1,1,0,0.0,False,0.1599738668733292
NETWORK SERVICE@C4835,1,1,0,0.0,False,0.1599738668733292
NETWORK SERVICE@C4837,1,1,0,0.0,False,0.1599738668733292
NETWORK SERVICE@C4891,1,1,0,0.0,False,0.1599738668733292
NETWORK SERVICE@C4893,1,1,0,0.0,False,0.1599738668733292
NETWORK SERVICE@C4992,1,1,0,0.0,False,0.1599738668733292
NETWORK SERVICE@C5010,1,1,0,0.0,False,0.1599738668733292
NETWORK SERVICE@C5084,1,1,0,0.0,False,0.1599738668733292
NETWORK SERVICE@C5115,1,1,0,0.0,False,0.1599738668733292
NETWORK SERVICE@C5139,1,1,0,0.0,False,0.1599738668733292
NETWORK SERVICE@C5141,1,1,0,0.0,False,0.1599738668733292
NETWORK SERVICE@C5181,1,1,0,0.0,False,0.1599738668733292
NETWORK SERVICE@C5190,1,1,0,0.0,False,0.1599738668733292
NETWORK SERVICE@C5220,1,1,0,0.0,False,0.1599738668733292
NETWORK SERVICE@C5483,1,1,0,0.0,False,0.1599738668733292
NETWORK SERVICE@C5502,1,1,0,0.0,False,0.1599738668733292
NETWORK SERVICE@C5853,1,1,0,0.0,False,0.1599738668733292
SYSTEM@C1500,2,1,0,0.0,False,0.1641316363781049
SYSTEM@C1599,1,1,0,0.0,False,0.1599738668733292
SYSTEM@C1641,1,1,0,0.0,False,0.1599738668733292
SYSTEM@C185,1,1,0,0.0,False,0.1599738668733292
SYSTEM@C2768,2,1,0,0.0,False,0.1641316363781049
SYSTEM@C310,1,1,0,0.0,False,0.1599738668733292
SYSTEM@C395,1,1,0,0.0,False,0.1599738668733292
SYSTEM@C4169,1,1,0,0.0,False,0.1599738668733292
SYSTEM@C561,8,1,0,0.0,False,0.05213598025979088
SYSTEM@C793,1,1,0,0.0,False,0.1599738668733292
U10023@C14736,1,1,0,0.0,False,0.1599738668733292
U100@DOM1,14,4,0,0.0,False,0.041496161821001354
U1011@DOM1,4,1,0,0.0,False,0.17867062809301132
U1013@DOM1,4,1,0,0.0,False,0.17867062809301132
U1014@DOM1,6,2,0,0.0,False,0.1410052412851024
U1019@DOM1,4,1,0,0.0,False,0.17867062809301132
U101@DOM1,27,1,0,0.0,True,-0.07317777787860014
U1024@DOM1,15,4,0,0.0,False,0.040563893226028935
U1025@DOM1,10,3,0,0.0,False,0.07965672206982632
U102@DOM1,58,6,0,0.0,True,-0.06932875625660295
U1035@DOM1,4,1,0,0.0,False,0.17867062809301132
U1036@DOM1,2,2,0,0.0,False,0.06768444225637532
U103@DOM1,2,1,0,0.0,False,0.1641316363781049
U10403@DOM1,4,2,0,0.0,False,0.13662129930338773
U1040@DOM1,6,1,0,0.0,False,0.07320093411388318
U10410@DOM1,4,4,0,0.0,True,-0.016870614176234477
U10464@DOM1,8,6,0,0.0,True,-0.05853497288533149
U1046@DOM1,10,6,0,0.0,True,-0.04636678836938957
U10476@DOM1,8,4,0,0.0,False,0.011884211111200305
U104@DOM1,14,3,0,0.0,False,0.06601573047298809
U1053@DOM1,27,5,0,0.0,False,0.04053590295009579
U1055@DOM1,10,6,0,0.0,True,-0.04636678836938957
U1063@DOM1,6,1,0,0.0,False,0.07320093411388318
U1068@DOM1,5,1,0,0.0,False,0.11620316768869854
U1072@DOM1,17,4,0,0.0,False,0.05304125927911557
U1075@DOM1,4,1,0,0.0,False,0.17867062809301132
U10770@DOM1,10,5,0,0.0,True,-0.011722644679203476
U107@DOM1,32,1,0,0.0,True,-0.07658137080277916
U108@DOM1,32,1,0,0.0,True,-0.07658137080277916
U10969@DOM1,8,6,0,0.0,True,-0.05853497288533149
U109@DOM1,115,4,0,0.0,True,-0.1193023188385055
U10@DOM1,103,5,0,0.0,True,-0.10924487862801258
U1103@DOM1,4,1,0,0.0,False,0.17867062809301132
U1106@DOM1,17,6,0,0.0,True,-0.01921971353184826
U110@C1665,3,1,0,0.0,False,0.14362845818167014
U1116@DOM1,4,1,0,0.0,False,0.17867062809301132
U11195@DOM1,4,2,0,0.0,False,0.13662129930338773
U111@DOM1,32,2,0,0.0,True,-0.01770451043337018
U1123@DOM1,24,4,0,0.0,False,0.03821791715103562
U1129@DOM1,21,4,0,0.0,False,0.05105615610414971
U11346@DOM1,4,4,0,0.0,True,-0.016870614176234477
U1137@DOM1,5,4,0,0.0,True,-0.009961663526205755
U113@DOM1,121,1,0,0.0,True,-0.18105017063365014
U11432@DOM1,4,2,0,0.0,False,0.13662129930338773
U1150@DOM1,4,2,0,0.0,False,0.13662129930338773
U1151@DOM1,21,4,0,0.0,False,0.05105615610414971
U1152@DOM1,13,3,0,0.0,False,0.06769696623732013
U115@DOM1,7,2,0,0.0,False,0.11426715145421151
U1163@DOM1,4,1,0,0.0,False,0.17867062809301132
U1166@DOM1,2,1,0,0.0,False,0.1641316363781049
U1167@DOM1,24,5,0,0.0,False,0.04450367428793661
U117@DOM1,6,1,0,0.0,False,0.07320093411388318
U1183@DOM1,4,1,0,0.0,False,0.17867062809301132
U118@DOM1,95,3,0,0.0,True,-0.11016635142481446
U119@DOM1,82,3,0,0.0,True,-0.0969501026206463
U12154@DOM9,1,1,0,0.0,False,0.1599738668733292
U1219@DOM1,35,5,0,0.0,False,0.011237685401156772
U1220@DOM1,22,3,0,0.0,False,0.034330673744587537
U1222@DOM1,21,3,0,0.0,False,0.034000669000711414
U1227@DOM1,22,6,0,0.0,False,0.0022389579598063314
U1228@DOM1,20,4,0,0.0,False,0.05418266962866436
U1233@DOM1,4,1,0,0.0,False,0.17867062809301132
U123@C1984,5,1,0,0.0,False,0.11620316768869854
U1244@DOM1,38,10,0,0.0,True,-0.13307896608604397
U1246@DOM1,14,3,0,0.0,False,0.06601573047298809
U1248@DOM1,21,5,0,0.0,False,0.038700189222655945
U124@DOM1,16,3,0,0.0,False,0.05054649112809345
U1253@DOM1,2,1,0,0.0,False,0.1641316363781049
U1255@DOM1,2,1,0,0.0,False,0.1641316363781049
U1256@DOM1,21,5,0,0.0,False,0.038700189222655945
U125@DOM1,4,1,0,0.0,False,0.17867062809301132
U1269@DOM1,3,2,0,0.0,False,0.11860981593634684
U1284@DOM1,20,4,0,0.0,False,0.05418266962866436
U128@DOM1,3,1,0,0.0,False,0.14362845818167014
U1290@DOM1,24,4,0,0.0,False,0.03821791715103562
U129@DOM1,48,1,0,0.0,True,-0.1108475176212389
U12@DOM1,26,5,0,0.0,False,0.040667621312318936
U130@DOM1,6,2,0,0.0,False,0.1410052412851024
U1319@DOM1,26,5,0,0.0,False,0.040667621312318936
U1323@DOM1,16,4,0,0.0,False,0.043547619128172066
U1325@?,3,2,0,0.0,False,0.11860981593634684
U132@DOM1,4,1,0,0.0,False,0.17867062809301132
U1335@DOM1,21,4,0,0.0,False,0.05105615610414971
U134@DOM1,2,1,0,0.0,False,0.1641316363781049
U1367@DOM1,29,6,0,0.0,False,0.012199098370436201
U1370@DOM1,10,2,0,0.0,False,0.08211227830702306
U1371@DOM1,3,2,0,0.0,False,0.11860981593634684
U1375@DOM1,19,5,0,0.0,False,0.03368912142129632
U1379@DOM1,2,1,0,0.0,False,0.1641316363781049
U1386@DOM1,13,3,0,0.0,False,0.06769696623732013
U1388@DOM1,20,6,0,0.0,True,-0.010994908525792546
U1391@DOM1,27,4,0,0.0,False,0.027327793207135853
U1398@DOM1,2,1,0,0.0,False,0.1641316363781049
U13@DOM1,109,3,0,0.0,True,-0.12410807993162043
U1404@DOM1,10,3,0,0.0,False,0.07965672206982632
U1406@DOM1,24,5,0,0.0,False,0.04450367428793661
U140@DOM1,6,2,0,0.0,False,0.1410052412851024
U141@DOM1,6,1,0,0.0,False,0.07320093411388318
U1426@DOM1,18,5,0,0.0,False,0.02139645249914157
U1433@DOM1,2,1,0,0.0,False,0.1641316363781049
U143@DOM1,31,6,0,0.0,False,0.011165707349314102
U1445@DOM1,17,4,0,0.0,False,0.05304125927911557
U1453@DOM1,11,4,0,0.0,False,0.024361885690953766
U1457@DOM1,20,4,0,0.0,False,0.05418266962866436
U145@DOM1,11,3,0,0.0,False,0.06854811070516992
U147@DOM1,19,5,0,0.0,False,0.03368912142129632
U149@DOM1,6,1,0,0.0,False,0.07320093411388318
U14@DOM1,235,5,0,0.0,True,-0.21247907362674023
U150@DOM1,5,3,0,0.0,False,0.030235377534894803
U151@DOM1,43,6,0,0.0,True,-0.03298230950783032
U152@DOM1,4,1,0,0.0,False,0.17867062809301132
U1535@DOM1,9,2,0,0.0,False,0.08922832485411009
U1539@?,2,1,0,0.0,False,0.1641316363781049
U1539@DOM1,2,2,0,0.0,False,0.06768444225637532
U1540@C3740,1,1,0,0.0,False,0.1599738668733292
U1559@DOM1,4,1,0,0.0,False,0.17867062809301132
U155@DOM1,32,1,0,0.0,True,-0.07658137080277916
U156@DOM1,32,1,0,0.0,True,-0.07658137080277916
U1579@DOM1,4,2,0,0.0,False,0.13662129930338773
U157@DOM1,32,1,0,0.0,True,-0.07658137080277916
U158@DOM1,31,1,0,0.0,True,-0.07696351175054628
U159@DOM1,31,1,0,0.0,True,-0.07696351175054628
U15@DOM1,60,2,0,0.0,True,-0.04938733287019259
U1609@DOM1,22,5,0,0.0,False,0.04691751451462195
U160@DOM1,31,1,0,0.0,True,-0.07696351175054628
U161@DOM1,16,5,0,0.0,False,0.008581945308010597
U1631@DOM1,8,3,0,0.0,False,0.07222243997980987
U164@DOM1,46,3,0,0.0,True,-0.04192249466701059
U166@DOM1,4,1,0,0.0,False,0.17867062809301132
U1670@DOM1,5,1,0,0.0,False,0.11620316768869854
U167@DOM1,8,1,0,0.0,False,0.05213598025979088
U16@DOM1,14,2,0,0.0,False,0.0597419540937244
U1702@?,3,2,0,0.0,False,0.11860981593634684
U1702@DOM1,1,1,0,0.0,False,0.1599738668733292
U1718@?,1,1,0,0.0,False,0.1599738668733292
U171@DOM1,50,4,0,0.0,True,-0.04058692806552466
U1733@DOM1,40,3,0,0.0,True,-0.028514956605069086
U1734@DOM1,77,6,0,0.0,True,-0.10252255274829569
U1756@DOM1,2,2,0,0.0,False,0.06768444225637532
U175@DOM1,36,13,0,0.0,True,-0.17904552376421445
U1769@DOM1,2,2,0,0.0,False,0.06768444225637532
U176@DOM1,21,2,0,0.0,False,0.009692283822181902
U1770@DOM1,16,1,0,0.0,True,-0.04405453759136091
U177@DOM1,12,2,0,0.0,False,0.07068774020865154
U1782@DOM1,5,1,0,0.0,False,0.11620316768869854
U179@DOM1,8,6,0,0.0,True,-0.05853497288533149
U17@DOM3,14,1,0,0.0,True,-0.025044962088846212
U180@DOM1,2,1,0,0.0,False,0.1641316363781049
U1825@?,9,2,0,0.0,False,0.08922832485411009
U1829@?,8,2,0,0.0,False,0.10738862592754173
U1839@DOM1,4,4,0,0.0,True,-0.016870614176234477
U183@DOM5,2,1,0,0.0,False,0.1641316363781049
U1841@DOM1,1,1,0,0.0,False,0.1599738668733292
U1846@DOM1,1,1,0,0.0,False,0.1599738668733292
U184@DOM1,3,1,0,0.0,False,0.14362845818167014
U1862@DOM1,10,1,0,0.0,False,0.015543095157789288
U187@DOM1,11,3,0,0.0,False,0.06854811070516992
U188@DOM1,1,1,0,0.0,False,0.1599738668733292
U189@DOM1,26,3,0,0.0,False,0.010775772234173253
U18@DOM1,14,3,0,0.0,False,0.06601573047298809
U190@DOM1,18,3,0,0.0,False,0.044981419653445875
U191@DOM1,4,1,0,0.0,False,0.17867062809301132
U194@C2356,2,1,0,0.0,False,0.1641316363781049
U194@DOM1,35,6,0,0.0,False,0.003945899233383177
U195@DOM1,13,2,0,0.0,False,0.06386095617539855
U198@DOM1,14,1,0,0.0,True,-0.025044962088846212
U199@?,11,2,0,0.0,False,0.07336523074882861
U199@DOM1,33,6,0,0.0,False,0.006746323542596189
U19@DOM1,253,5,0,0.0,True,-0.2155526677858587
U1@DOM1,38,8,0,0.0,True,-0.07651609796057535
U200@DOM1,49,1,0,0.0,True,-0.1112901314384186
U201@DOM1,12,4,0,0.0,False,0.03274030661659044
U202@DOM1,16,1,0,0.0,True,-0.04405453759136091
U204@DOM1,11,2,0,0.0,False,0.07336523074882861
U206@DOM1,33,2,0,0.0,True,-0.025243596468533136
U207@?,8,2,0,0.0,False,0.10738862592754173
U207@DOM1,20,4,0,0.0,False,0.05418266962866436
U208@DOM1,5,2,0,0.0,False,0.15863824954069683
U209@DOM1,4,1,0,0.0,False,0.17867062809301132
U20@DOM1,34,8,0,0.0,True,-0.07148107987580532
U210@DOM1,10,3,0,0.0,False,0.07965672206982632
U219@DOM1,12,2,0,0.0,False,0.07068774020865154
U21@DOM1,10,6,0,0.0,True,-0.04636678836938957
U222@DOM1,35,6,0,0.0,False,0.003945899233383177
U226@DOM1,3,3,0,0.0,False,0.016159005590823394
U227@DOM1,2,1,0,0.0,False,0.1641316363781049
U228@DOM1,2,1,0,0.0,False,0.1641316363781049
U22@DOM1,1692,12,0,0.0,True,-0.29841548245764726
U232@DOM1,8,2,0,0.0,False,0.10738862592754173
U234@C2769,8,1,0,0.0,False,0.05213598025979088
U235@DOM1,20,4,0,0.0,False,0.05418266962866436
U237@DOM1,6,3,0,0.0,False,0.035716206365098424
U239@DOM1,1,1,0,0.0,False,0.1599738668733292
U23@DOM1,17,6,0,0.0,True,-0.01921971353184826
U240@DOM1,2,1,0,0.0,False,0.1641316363781049
U242@DOM1,6,2,0,0.0,False,0.1410052412851024
U2483@DOM1,31,1,0,0.0,True,-0.07696351175054628
U249@DOM1,18,3,0,0.0,False,0.044981419653445875
U24@DOM1,100,13,0,0.0,True,-0.2239947926741418
U250@DOM1,20,6,0,0.0,True,-0.010994908525792546
U252@DOM1,4,1,0,0.0,False,0.17867062809301132
U254@DOM1,8,1,0,0.0,False,0.05213598025979088
U255@DOM1,11,3,0,0.0,False,0.06854811070516992
U257@DOM1,37,6,0,0.0,True,-0.0018387862313847814
U258@DOM1,22,4,0,0.0,False,0.05071085220112226
U259@DOM1,9,2,0,0.0,False,0.08922832485411009
U25@DOM1,17,5,0,0.0,False,0.019719486889573146
U25@DOM3,1,1,0,0.0,False,0.1599738668733292
U260@DOM1,9,2,0,0.0,False,0.08922832485411009
U261@DOM1,9,2,0,0.0,False,0.08922832485411009
U262@DOM1,9,2,0,0.0,False,0.08922832485411009
U263@DOM1,6,2,0,0.0,False,0.1410052412851024
U266@DOM1,1,1,0,0.0,False,0.1599738668733292
U26@DOM1,10,4,0,0.0,False,0.02755548372158856
U273@DOM1,4,1,0,0.0,False,0.17867062809301132
U274@DOM1,20,4,0,0.0,False,0.05418266962866436
U27@DOM1,19,4,0,0.0,False,0.05629299858998427
U283@DOM1,4,1,0,0.0,False,0.17867062809301132
U285@DOM1,12,5,0,0.0,True,-0.006306610942542257
U286@DOM1,1,1,0,0.0,False,0.1599738668733292
U287@DOM1,31,7,0,0.0,True,-0.04728689877707759
U28@DOM1,4,1,0,0.0,False,0.17867062809301132
U291@DOM1,7,2,0,0.0,False,0.11426715145421151
U292@DOM1,410,32,0,0.0,True,-0.31045759935320316
U293@DOM1,25,6,0,0.0,False,0.008643170413635604
U296@DOM1,10,4,0,0.0,False,0.02755548372158856
U297@DOM1,10,2,0,0.0,False,0.08211227830702306
U298@DOM1,2,1,0,0.0,False,0.1641316363781049
U2@DOM1,100,3,0,0.0,True,-0.11589940538060761
U301@DOM1,30,5,0,0.0,False,0.03975952843250652
U302@DOM3,2,1,0,0.0,False,0.1641316363781049
U303@DOM1,4,1,0,0.0,False,0.17867062809301132
U304@DOM1,9,3,0,0.0,False,0.07470552879155357
U305@DOM1,1,1,0,0.0,False,0.1599738668733292
U306@DOM1,7,1,0,0.0,False,0.05313022515510851
U307@DOM1,1,1,0,0.0,False,0.1599738668733292
U309@DOM1,2,1,0,0.0,False,0.1641316363781049
U30@DOM1,3,2,0,0.0,False,0.11860981593634684
U30@DOM3,2,1,0,0.0,False,0.1641316363781049
U315@DOM1,5,3,0,0.0,False,0.030235377534894803
U316@DOM1,24,4,0,0.0,False,0.03821791715103562
U318@DOM1,15,5,0,0.0,False,0.006543408824162045
U31@DOM1,39,6,0,0.0,True,-0.018609873663427368
U325@DOM1,2,1,0,0.0,False,0.1641316363781049
U326@DOM1,3,2,0,0.0,False,0.11860981593634684
U327@DOM1,4,1,0,0.0,False,0.17867062809301132
U32@DOM1,32,5,0,0.0,False,0.03102753123536295
U333@DOM1,10,3,0,0.0,False,0.07965672206982632
U334@DOM1,27,6,0,0.0,False,0.0067860526497032225
U337@DOM1,4,1,0,0.0,False,0.17867062809301132
U339@DOM1,4,1,0,0.0,False,0.17867062809301132
U33@C155,13,1,0,0.0,True,-0.01725691137317764
U33@C1700,18,1,0,0.0,True,-0.048771669394562345
U33@C185,11,1,0,0.0,False,0.0056503071487503664
U33@C832,70,1,0,0.0,True,-0.14322183319716142
U340@DOM1,2,1,0,0.0,False,0.1641316363781049
U345@DOM1,4,1,0,0.0,False,0.17867062809301132
U347@DOM1,2,1,0,0.0,False,0.1641316363781049
U34@DOM1,217,7,0,0.0,True,-0.20982160024960828
U351@DOM1,4,1,0,0.0,False,0.17867062809301132
U352@DOM1,10,1,0,0.0,False,0.015543095157789288
U356@DOM1,26,4,0,0.0,False,0.02690626940671137
U358@C466,1,1,0,0.0,False,0.1599738668733292
U359@DOM1,1,1,0,0.0,False,0.1599738668733292
U35@DOM1,16,2,0,0.0,False,0.03494652296737133
U365@DOM1,24,5,0,0.0,False,0.04450367428793661
U366@DOM1,6,1,0,0.0,False,0.07320093411388318
U369@DOM1,15,4,0,0.0,False,0.040563893226028935
U36@C936,11,1,0,0.0,False,0.0056503071487503664
U375@DOM1,24,3,0,0.0,False,0.017371413351192855
U377@DOM1,1,1,0,0.0,False,0.1599738668733292
U379@DOM1,2,1,0,0.0,False,0.1641316363781049
U37@DOM1,11,3,0,0.0,False,0.06854811070516992
U381@DOM1,2,1,0,0.0,False,0.1641316363781049
U383@DOM1,23,4,0,0.0,False,0.04178438789915273
U384@DOM1,8,2,0,0.0,False,0.10738862592754173
U388@DOM1,1,1,0,0.0,False,0.1599738668733292
U392@DOM1,4,1,0,0.0,False,0.17867062809301132
U395@DOM1,1,1,0,0.0,False,0.1599738668733292
U397@DOM1,2,1,0,0.0,False,0.1641316363781049
U3995@DOM1,4,2,0,0.0,False,0.13662129930338773
U399@DOM5,12,1,0,0.0,True,-0.005687955435255132
U39@DOM1,1,1,0,0.0,False,0.1599738668733292
U3@DOM1,188,12,0,0.0,True,-0.24344084636595953
U400@C832,13,1,0,0.0,True,-0.01725691137317764
U402@DOM1,1,1,0,0.0,False,0.1599738668733292
U404@DOM1,11,2,0,0.0,False,0.07336523074882861
U405@DOM1,4,1,0,0.0,False,0.17867062809301132
U413@C1644,2,1,0,0.0,False,0.1641316363781049
U415@DOM1,4,1,0,0.0,False,0.17867062809301132
U418@DOM1,2,1,0,0.0,False,0.1641316363781049
U41@DOM1,32,1,0,0.0,True,-0.07658137080277916
U422@DOM1,1,1,0,0.0,False,0.1599738668733292
U42@DOM1,71,2,0,0.0,True,-0.08752859311685568
U430@DOM1,7,4,0,0.0,False,0.0008969157485811952
U431@DOM1,19,3,0,0.0,False,0.04320735631159084
U433@DOM1,24,5,0,0.0,False,0.04450367428793661
U435@DOM1,10,3,0,0.0,False,0.07965672206982632
U437@DOM1,23,5,0,0.0,False,0.04153909078711371
U43@DOM1,1,1,0,0.0,False,0.1599738668733292
U441@DOM1,4,2,0,0.0,False,0.13662129930338773
U445@DOM1,1,1,0,0.0,False,0.1599738668733292
U446@DOM1,6,1,0,0.0,False,0.07320093411388318
U448@DOM1,25,5,0,0.0,False,0.04347286148255747
U449@DOM1,12,4,0,0.0,False,0.03274030661659044
U451@DOM1,25,6,0,0.0,False,0.008643170413635604
U45@C1106,4,1,0,0.0,False,0.17867062809301132
U45@C1504,4,1,0,0.0,False,0.17867062809301132
U45@C2115,2,1,0,0.0,False,0.1641316363781049
U466@DOM1,34,6,0,0.0,False,0.008260045962855345
U467@DOM1,6,2,0,0.0,False,0.1410052412851024
U4684@DOM1,10,6,0,0.0,True,-0.04636678836938957
U46@DOM1,11,3,0,0.0,False,0.06854811070516992
U472@DOM1,63,12,0,0.0,True,-0.19098969306979263
U478@DOM1,7,2,0,0.0,False,0.11426715145421151
U47@DOM1,22,3,0,0.0,False,0.034330673744587537
U481@DOM1,1,1,0,0.0,False,0.1599738668733292
U486@DOM1,8,3,0,0.0,False,0.07222243997980987
U487@DOM1,23,4,0,0.0,False,0.04178438789915273
U48@DOM1,206,5,0,0.0,True,-0.19316732513552037
U490@DOM1,1,1,0,0.0,False,0.1599738668733292
U491@DOM1,12,8,0,0.0,True,-0.11255104277455585
U494@DOM1,6,1,0,0.0,False,0.07320093411388318
U49@DOM1,12,2,0,0.0,False,0.07068774020865154
U4@DOM1,175,11,0,0.0,True,-0.23024836077822197
U500@DOM1,2,1,0,0.0,False,0.1641316363781049
U503@DOM1,22,7,0,0.0,True,-0.060331359755487424
U507@DOM1,17,3,0,0.0,False,0.05045849156180093
U517@DOM1,3,2,0,0.0,False,0.11860981593634684
U518@DOM1,4,1,0,0.0,False,0.17867062809301132
U519@DOM1,25,6,0,0.0,False,0.008643170413635604
U51@DOM1,55,1,0,0.0,True,-0.11715351740988367
U52@DOM1,47,1,0,0.0,True,-0.1108475176212389
U534@DOM1,6,1,0,0.0,False,0.07320093411388318
U537@DOM1,8,6,0,0.0,True,-0.05853497288533149
U53@DOM1,104,3,0,0.0,True,-0.11902798314047358
U542@DOM1,2,1,0,0.0,False,0.1641316363781049
U546@DOM1,18,3,0,0.0,False,0.044981419653445875
U54@DOM1,2,1,0,0.0,False,0.1641316363781049
U550@DOM1,4,2,0,0.0,False,0.13662129930338773
U555@DOM1,19,5,0,0.0,False,0.03368912142129632
U563@DOM1,2,1,0,0.0,False,0.1641316363781049
U566@DOM1,20,4,0,0.0,False,0.05418266962866436
U570@DOM1,4,1,0,0.0,False,0.17867062809301132
U571@DOM1,4,1,0,0.0,False,0.17867062809301132
U573@DOM1,17,7,0,0.0,True,-0.07176178901705943
U591@DOM10,1,1,0,0.0,False,0.1599738668733292
U599@DOM1,3,1,0,0.0,False,0.14362845818167014
U59@DOM1,32,1,0,0.0,True,-0.07658137080277916
U5@DOM1,26,6,0,0.0,False,0.006444904443162369
U6001@DOM1,8,4,0,0.0,False,0.011884211111200305
U603@DOM1,21,8,0,0.0,True,-0.09277071622182287
U610@DOM1,12,3,0,0.0,False,0.0700959514985331
U614@DOM1,4,2,0,0.0,False,0.13662129930338773
U616@DOM1,1,1,0,0.0,False,0.1599738668733292
U61@DOM1,6,1,0,0.0,False,0.07320093411388318
U620@DOM1,1,1,0,0.0,False,0.1599738668733292
U624@DOM1,13,3,0,0.0,False,0.06769696623732013
U626@DOM1,2,1,0,0.0,False,0.1641316363781049
U628@DOM1,5,2,0,0.0,False,0.15863824954069683
U629@DOM1,5,2,0,0.0,False,0.15863824954069683
U631@DOM1,29,6,0,0.0,False,0.012199098370436201
U633@C3227,2,1,0,0.0,False,0.1641316363781049
U633@DOM1,5,2,0,0.0,False,0.15863824954069683
U635@DOM1,17,3,0,0.0,False,0.05045849156180093
U637@DOM1,1,1,0,0.0,False,0.1599738668733292
U63@DOM1,244,4,0,0.0,True,-0.20122214317448595
U645@DOM1,11,5,0,0.0,True,-0.013881591610110267
U64@C1666,1,1,0,0.0,False,0.1599738668733292
U6500@DOM1,4,2,0,0.0,False,0.13662129930338773
U652@DOM1,3,2,0,0.0,False,0.11860981593634684
U657@DOM1,12,2,0,0.0,False,0.07068774020865154
U65@C1669,38,1,0,0.0,True,-0.09663209687246543
U664@DOM1,7,4,0,0.0,False,0.0008969157485811952
U667@DOM1,23,4,0,0.0,False,0.04178438789915273
U66@DOM1,922,100,0,0.0,True,-0.3203320768082172
U677@DOM1,4,1,0,0.0,False,0.17867062809301132
U679@DOM1,46,8,0,0.0,True,-0.09592457163627532
U683@C2032,1,1,0,0.0,False,0.1599738668733292
U684@DOM1,17,3,0,0.0,False,0.05045849156180093
U685@DOM1,4,1,0,0.0,False,0.17867062809301132
U686@DOM1,2,1,0,0.0,False,0.1641316363781049
U68@DOM1,51,3,0,0.0,True,-0.05137214268541024
U699@DOM1,10,2,0,0.0,False,0.08211227830702306
U69@C1679,1,1,0,0.0,False,0.1599738668733292
U6@DOM1,332,19,0,0.0,True,-0.2995549932991963
U7003@DOM1,5,4,0,0.0,True,-0.009961663526205755
U70@DOM1,32,1,0,0.0,True,-0.07658137080277916
U71@DOM1,32,1,0,0.0,True,-0.07658137080277916
U724@DOM1,1,1,0,0.0,False,0.1599738668733292
U725@DOM1,1,1,0,0.0,False,0.1599738668733292
U726@DOM1,4,1,0,0.0,False,0.17867062809301132
U728@DOM1,1,1,0,0.0,False,0.1599738668733292
U72@DOM1,32,1,0,0.0,True,-0.07658137080277916
U731@DOM1,33,8,0,0.0,True,-0.07134511039660607
U7353@C1596,6,1,0,0.0,False,0.07320093411388318
U73@?,8,1,0,0.0,False,0.05213598025979088
U73@DOM1,15,3,0,0.0,False,0.05341985570938229
U745@DOM1,16,3,0,0.0,False,0.05054649112809345
U74@DOM1,32,1,0,0.0,True,-0.07658137080277916
U753@DOM1,4,1,0,0.0,False,0.17867062809301132
U75@DOM1,227,2,0,0.0,True,-0.18679124705331496
U760@DOM1,4,2,0,0.0,False,0.13662129930338773
U76@DOM1,2,1,0,0.0,False,0.1641316363781049
U77@DOM1,4,2,0,0.0,False,0.13662129930338773
U784@DOM1,15,4,0,0.0,False,0.040563893226028935
U788@DOM1,42,8,0,0.0,True,-0.08226387873713714
U78@DOM1,324,11,0,0.0,True,-0.26822438559122697
U790@DOM1,1,1,0,0.0,False,0.1599738668733292
U791@DOM1,4,1,0,0.0,False,0.17867062809301132
U798@DOM1,1,1,0,0.0,False,0.1599738668733292
U79@C1731,22,1,0,0.0,True,-0.05144442526100468
U7@DOM1,330,8,0,0.0,True,-0.2497733557634989
U806@DOM1,19,3,0,0.0,False,0.04320735631159084
U8070@DOM1,10,6,0,0.0,True,-0.04636678836938957
U8127@DOM1,8,6,0,0.0,True,-0.05853497288533149
U813@DOM1,2,1,0,0.0,False,0.1641316363781049
U8195@DOM1,10,6,0,0.0,True,-0.04636678836938957
U81@C2547,3,1,0,0.0,False,0.14362845818167014
U825@DOM1,5,2,0,0.0,False,0.15863824954069683
U829@DOM1,19,3,0,0.0,False,0.04320735631159084
U82@DOM1,8,3,0,0.0,False,0.07222243997980987
U83@C1747,24,1,0,0.0,True,-0.05886444298118265
U846@DOM1,16,4,0,0.0,False,0.043547619128172066
U847@DOM1,2,1,0,0.0,False,0.1641316363781049
U85@DOM1,4,1,0,0.0,False,0.17867062809301132
U864@DOM1,18,4,0,0.0,False,0.05250671922702682
U867@DOM1,22,4,0,0.0,False,0.05071085220112226
U86@?,3,3,0,0.0,False,0.016159005590823394
U86@DOM1,19,4,0,0.0,False,0.05629299858998427
U87@DOM1,56,1,0,0.0,True,-0.1184950704259049
U883@C1681,1,1,0,0.0,False,0.1599738668733292
U885@DOM1,21,5,0,0.0,False,0.038700189222655945
U88@DOM1,40,6,0,0.0,True,-0.021773293357613355
U898@DOM1,4,1,0,0.0,False,0.17867062809301132
U89@DOM1,18,3,0,0.0,False,0.044981419653445875
U8@DOM1,92,6,0,0.0,True,-0.11681015306893183
U903@DOM1,2,1,0,0.0,False,0.1641316363781049
U904@DOM1,28,5,0,0.0,False,0.04481434092570741
U90@DOM1,38,4,0,0.0,True,-0.021390327049541913
U91@DOM1,14,1,0,0.0,True,-0.025044962088846212
U926@DOM1,25,5,0,0.0,False,0.04347286148255747
U932@DOM1,16,5,0,0.0,False,0.008581945308010597
U93@DOM1,2,1,0,0.0,False,0.1641316363781049
U93@DOM3,2,1,0,0.0,False,0.1641316363781049
U941@DOM1,2,1,0,0.0,False,0.1641316363781049
U943@DOM1,9,1,0,0.0,False,0.033081276846484875
U94@DOM1,252,3,0,0.0,True,-0.20256427254979203
U950@DOM1,13,4,0,0.0,False,0.03563049506189375
U9571@DOM1,4,2,0,0.0,False,0.13662129930338773
U95@DOM1,18,1,0,0.0,True,-0.048771669394562345
U968@DOM1,13,4,0,0.0,False,0.03563049506189375
U96@DOM1,24,6,0,0.0,False,0.0038998550059523573
U970@DOM1,13,2,0,0.0,False,0.06386095617539855
U972@DOM1,4,1,0,0.0,False,0.17867062809301132
U97@DOM1,25,5,0,0.0,False,0.04347286148255747
U982@DOM1,20,3,0,0.0,False,0.038921490398996506
U9830@DOM1,10,6,0,0.0,True,-0.04636678836938957
U992@DOM1,24,6,0,0.0,False,0.0038998550059523573
U996@DOM1,14,2,0,0.0,False,0.0597419540937244
U999@DOM1,2,1,0,0.0,False,0.1641316363781049
U9@DOM1,7,2,0,0.0,False,0.11426715145421151
