src_user,n_events,n_distinct_hosts,n_remote_logons,remote_ratio,is_anomalous,anomaly_score,Calculated_Risk
ANONYMOUS LOGON@C1972,4,1,0,0.0,False,0.1786706280930113,1.7867062809301129
C633$@DOM1,4,1,0,0.0,False,0.1786706280930113,1.7867062809301129
C60$@DOM1,4,1,0,0.0,False,0.1786706280930113,1.7867062809301129
C5884$@DOM1,4,1,0,0.0,False,0.1786706280930113,1.7867062809301129
C594$@DOM1,4,1,0,0.0,False,0.1786706280930113,1.7867062809301129
C673$@DOM1,4,1,0,0.0,False,0.1786706280930113,1.7867062809301129
C5830$@DOM1,4,1,0,0.0,False,0.1786706280930113,1.7867062809301129
C58$@DOM1,4,1,0,0.0,False,0.1786706280930113,1.7867062809301129
C5566$@DOM1,4,1,0,0.0,False,0.1786706280930113,1.7867062809301129
C5671$@DOM1,4,1,0,0.0,False,0.1786706280930113,1.7867062809301129
C70$@DOM1,4,1,0,0.0,False,0.1786706280930113,1.7867062809301129
C5517$@DOM1,4,1,0,0.0,False,0.1786706280930113,1.7867062809301129
C541$@DOM1,4,1,0,0.0,False,0.1786706280930113,1.7867062809301129
C715$@DOM1,4,1,0,0.0,False,0.1786706280930113,1.7867062809301129
C531$@DOM1,4,1,0,0.0,False,0.1786706280930113,1.7867062809301129
C513$@DOM1,4,1,0,0.0,False,0.1786706280930113,1.7867062809301129
C514$@DOM1,4,1,0,0.0,False,0.1786706280930113,1.7867062809301129
C5141$@DOM1,4,1,0,0.0,False,0.1786706280930113,1.7867062809301129
U753@DOM1,4,1,0,0.0,False,0.1786706280930113,1.7867062809301129
U791@DOM1,4,1,0,0.0,False,0.1786706280930113,1.7867062809301129
U85@DOM1,4,1,0,0.0,False,0.1786706280930113,1.7867062809301129
C5059$@DOM1,4,1,0,0.0,False,0.1786706280930113,1.7867062809301129
C5074$@DOM1,4,1,0,0.0,False,0.1786706280930113,1.7867062809301129
C722$@DOM1,4,1,0,0.0,False,0.1786706280930113,1.7867062809301129
C726$@DOM1,4,1,0,0.0,False,0.1786706280930113,1.7867062809301129
C728$@DOM1,4,1,0,0.0,False,0.1786706280930113,1.7867062809301129
C500$@DOM1,4,1,0,0.0,False,0.1786706280930113,1.7867062809301129
C488$@DOM1,4,1,0,0.0,False,0.1786706280930113,1.7867062809301129
C470$@DOM1,4,1,0,0.0,False,0.1786706280930113,1.7867062809301129
C472$@DOM1,4,1,0,0.0,False,0.1786706280930113,1.7867062809301129
C4730$@DOM1,4,1,0,0.0,False,0.1786706280930113,1.7867062809301129
C476$@DOM1,4,1,0,0.0,False,0.1786706280930113,1.7867062809301129
C464$@DOM1,4,1,0,0.0,False,0.1786706280930113,1.7867062809301129
C4563$@DOM1,4,1,0,0.0,False,0.1786706280930113,1.7867062809301129
C1022$@DOM1,4,1,0,0.0,False,0.1786706280930113,1.7867062809301129
C1$@DOM1,4,1,0,0.0,False,0.1786706280930113,1.7867062809301129
C1005$@DOM1,4,1,0,0.0,False,0.1786706280930113,1.7867062809301129
C751$@DOM1,4,1,0,0.0,False,0.1786706280930113,1.7867062809301129
C758$@DOM1,4,1,0,0.0,False,0.1786706280930113,1.7867062809301129
C4426$@DOM1,4,1,0,0.0,False,0.1786706280930113,1.7867062809301129
C440$@DOM1,4,1,0,0.0,False,0.1786706280930113,1.7867062809301129
C4412$@DOM1,4,1,0,0.0,False,0.1786706280930113,1.7867062809301129
C4417$@DOM1,4,1,0,0.0,False,0.1786706280930113,1.7867062809301129
C4419$@DOM1,4,1,0,0.0,False,0.1786706280930113,1.7867062809301129
C4369$@DOM1,4,1,0,0.0,False,0.1786706280930113,1.7867062809301129
C4379$@DOM1,4,1,0,0.0,False,0.1786706280930113,1.7867062809301129
C4381$@DOM1,4,1,0,0.0,False,0.1786706280930113,1.7867062809301129
C4386$@DOM1,4,1,0,0.0,False,0.1786706280930113,1.7867062809301129
C4335$@DOM1,4,1,0,0.0,False,0.1786706280930113,1.7867062809301129
C4337$@DOM1,4,1,0,0.0,False,0.1786706280930113,1.7867062809301129
C4345$@DOM1,4,1,0,0.0,False,0.1786706280930113,1.7867062809301129
C4347$@DOM1,4,1,0,0.0,False,0.1786706280930113,1.7867062809301129
C4348$@DOM1,4,1,0,0.0,False,0.1786706280930113,1.7867062809301129
U726@DOM1,4,1,0,0.0,False,0.1786706280930113,1.7867062809301129
C4365$@DOM1,4,1,0,0.0,False,0.1786706280930113,1.7867062809301129
C4367$@DOM1,4,1,0,0.0,False,0.1786706280930113,1.7867062809301129
C4319$@DOM1,4,1,0,0.0,False,0.1786706280930113,1.7867062809301129
C4323$@DOM1,4,1,0,0.0,False,0.1786706280930113,1.7867062809301129
C4325$@DOM1,4,1,0,0.0,False,0.1786706280930113,1.7867062809301129
C4330$@DOM1,4,1,0,0.0,False,0.1786706280930113,1.7867062809301129
C764$@DOM1,4,1,0,0.0,False,0.1786706280930113,1.7867062809301129
C4278$@DOM1,4,1,0,0.0,False,0.1786706280930113,1.7867062809301129
C4287$@DOM1,4,1,0,0.0,False,0.1786706280930113,1.7867062809301129
C4293$@DOM1,4,1,0,0.0,False,0.1786706280930113,1.7867062809301129
C4295$@DOM1,4,1,0,0.0,False,0.1786706280930113,1.7867062809301129
C4297$@DOM1,4,1,0,0.0,False,0.1786706280930113,1.7867062809301129
C4299$@DOM1,4,1,0,0.0,False,0.1786706280930113,1.7867062809301129
C4301$@DOM1,4,1,0,0.0,False,0.1786706280930113,1.7867062809301129
C4306$@DOM1,4,1,0,0.0,False,0.1786706280930113,1.7867062809301129
C4308$@DOM1,4,1,0,0.0,False,0.1786706280930113,1.7867062809301129
C4251$@DOM1,4,1,0,0.0,False,0.1786706280930113,1.7867062809301129
C4257$@DOM1,4,1,0,0.0,False,0.1786706280930113,1.7867062809301129
C426$@DOM1,4,1,0,0.0,False,0.1786706280930113,1.7867062809301129
C4265$@DOM1,4,1,0,0.0,False,0.1786706280930113,1.7867062809301129
C4276$@DOM1,4,1,0,0.0,False,0.1786706280930113,1.7867062809301129
C4217$@DOM1,4,1,0,0.0,False,0.1786706280930113,1.7867062809301129
C4219$@DOM1,4,1,0,0.0,False,0.1786706280930113,1.7867062809301129
C4225$@DOM1,4,1,0,0.0,False,0.1786706280930113,1.7867062809301129
C4230$@DOM1,4,1,0,0.0,False,0.1786706280930113,1.7867062809301129
C4233$@DOM1,4,1,0,0.0,False,0.1786706280930113,1.7867062809301129
C4235$@DOM1,4,1,0,0.0,False,0.1786706280930113,1.7867062809301129
C4237$@DOM1,4,1,0,0.0,False,0.1786706280930113,1.7867062809301129
C4241$@DOM1,4,1,0,0.0,False,0.1786706280930113,1.7867062809301129
C4243$@DOM1,4,1,0,0.0,False,0.1786706280930113,1.7867062809301129
C4245$@DOM1,4,1,0,0.0,False,0.1786706280930113,1.7867062809301129
C4248$@DOM1,4,1,0,0.0,False,0.1786706280930113,1.7867062809301129
C4189$@DOM1,4,1,0,0.0,False,0.1786706280930113,1.7867062809301129
C108$@DOM1,4,1,0,0.0,False,0.1786706280930113,1.7867062809301129
U677@DOM1,4,1,0,0.0,False,0.1786706280930113,1.7867062809301129
U685@DOM1,4,1,0,0.0,False,0.1786706280930113,1.7867062809301129
C4193$@DOM1,4,1,0,0.0,False,0.1786706280930113,1.7867062809301129
C4195$@DOM1,4,1,0,0.0,False,0.1786706280930113,1.7867062809301129
C4198$@DOM1,4,1,0,0.0,False,0.1786706280930113,1.7867062809301129
C42$@DOM1,4,1,0,0.0,False,0.1786706280930113,1.7867062809301129
C4204$@DOM1,4,1,0,0.0,False,0.1786706280930113,1.7867062809301129
C4208$@DOM1,4,1,0,0.0,False,0.1786706280930113,1.7867062809301129
C4212$@DOM1,4,1,0,0.0,False,0.1786706280930113,1.7867062809301129
C783$@DOM1,4,1,0,0.0,False,0.1786706280930113,1.7867062809301129
C4161$@DOM1,4,1,0,0.0,False,0.1786706280930113,1.7867062809301129
C4163$@DOM1,4,1,0,0.0,False,0.1786706280930113,1.7867062809301129
C4176$@DOM1,4,1,0,0.0,False,0.1786706280930113,1.7867062809301129
C4135$@DOM1,4,1,0,0.0,False,0.1786706280930113,1.7867062809301129
C4138$@DOM1,4,1,0,0.0,False,0.1786706280930113,1.7867062809301129
C4140$@DOM1,4,1,0,0.0,False,0.1786706280930113,1.7867062809301129
C4152$@DOM1,4,1,0,0.0,False,0.1786706280930113,1.7867062809301129
C4102$@DOM1,4,1,0,0.0,False,0.1786706280930113,1.7867062809301129
C4114$@DOM1,4,1,0,0.0,False,0.1786706280930113,1.7867062809301129
C4116$@DOM1,4,1,0,0.0,False,0.1786706280930113,1.7867062809301129
C4118$@DOM1,4,1,0,0.0,False,0.1786706280930113,1.7867062809301129
C4120$@DOM1,4,1,0,0.0,False,0.1786706280930113,1.7867062809301129
C4125$@DOM1,4,1,0,0.0,False,0.1786706280930113,1.7867062809301129
C4127$@DOM1,4,1,0,0.0,False,0.1786706280930113,1.7867062809301129
C4129$@DOM1,4,1,0,0.0,False,0.1786706280930113,1.7867062809301129
C4075$@DOM1,4,1,0,0.0,False,0.1786706280930113,1.7867062809301129
C4077$@DOM1,4,1,0,0.0,False,0.1786706280930113,1.7867062809301129
C4079$@DOM1,4,1,0,0.0,False,0.1786706280930113,1.7867062809301129
C4081$@DOM1,4,1,0,0.0,False,0.1786706280930113,1.7867062809301129
C4083$@DOM1,4,1,0,0.0,False,0.1786706280930113,1.7867062809301129
C4085$@DOM1,4,1,0,0.0,False,0.1786706280930113,1.7867062809301129
C4089$@DOM1,4,1,0,0.0,False,0.1786706280930113,1.7867062809301129
C4091$@DOM1,4,1,0,0.0,False,0.1786706280930113,1.7867062809301129
C4097$@DOM1,4,1,0,0.0,False,0.1786706280930113,1.7867062809301129
C4098$@DOM1,4,1,0,0.0,False,0.1786706280930113,1.7867062809301129
C41$@DOM1,4,1,0,0.0,False,0.1786706280930113,1.7867062809301129
C4047$@DOM1,4,1,0,0.0,False,0.1786706280930113,1.7867062809301129
C4049$@DOM1,4,1,0,0.0,False,0.1786706280930113,1.7867062809301129
C4051$@DOM1,4,1,0,0.0,False,0.1786706280930113,1.7867062809301129
C4064$@DOM1,4,1,0,0.0,False,0.1786706280930113,1.7867062809301129
C4069$@DOM1,4,1,0,0.0,False,0.1786706280930113,1.7867062809301129
C80$@DOM1,4,1,0,0.0,False,0.1786706280930113,1.7867062809301129
C805$@DOM1,4,1,0,0.0,False,0.1786706280930113,1.7867062809301129
C808$@DOM1,4,1,0,0.0,False,0.1786706280930113,1.7867062809301129
C4020$@DOM1,4,1,0,0.0,False,0.1786706280930113,1.7867062809301129
C4029$@DOM1,4,1,0,0.0,False,0.1786706280930113,1.7867062809301129
C4036$@DOM1,4,1,0,0.0,False,0.1786706280930113,1.7867062809301129
C4040$@DOM1,4,1,0,0.0,False,0.1786706280930113,1.7867062809301129
C4042$@DOM1,4,1,0,0.0,False,0.1786706280930113,1.7867062809301129
C3995$@DOM1,4,1,0,0.0,False,0.1786706280930113,1.7867062809301129
C3997$@DOM1,4,1,0,0.0,False,0.1786706280930113,1.7867062809301129
C401$@DOM1,4,1,0,0.0,False,0.1786706280930113,1.7867062809301129
C3965$@DOM1,4,1,0,0.0,False,0.1786706280930113,1.7867062809301129
C3967$@DOM1,4,1,0,0.0,False,0.1786706280930113,1.7867062809301129
C3969$@DOM1,4,1,0,0.0,False,0.1786706280930113,1.7867062809301129
C3971$@DOM1,4,1,0,0.0,False,0.1786706280930113,1.7867062809301129
C3978$@DOM1,4,1,0,0.0,False,0.1786706280930113,1.7867062809301129
C3983$@DOM1,4,1,0,0.0,False,0.1786706280930113,1.7867062809301129
C3984$@DOM1,4,1,0,0.0,False,0.1786706280930113,1.7867062809301129
C3986$@DOM1,4,1,0,0.0,False,0.1786706280930113,1.7867062809301129
C3988$@DOM1,4,1,0,0.0,False,0.1786706280930113,1.7867062809301129
C3990$@DOM1,4,1,0,0.0,False,0.1786706280930113,1.7867062809301129
C821$@DOM1,4,1,0,0.0,False,0.1786706280930113,1.7867062809301129
C3933$@DOM1,4,1,0,0.0,False,0.1786706280930113,1.7867062809301129
C3945$@DOM1,4,1,0,0.0,False,0.1786706280930113,1.7867062809301129
C3947$@DOM1,4,1,0,0.0,False,0.1786706280930113,1.7867062809301129
C3949$@DOM1,4,1,0,0.0,False,0.1786706280930113,1.7867062809301129
C3953$@DOM1,4,1,0,0.0,False,0.1786706280930113,1.7867062809301129
C3957$@DOM1,4,1,0,0.0,False,0.1786706280930113,1.7867062809301129
C3904$@DOM1,4,1,0,0.0,False,0.1786706280930113,1.7867062809301129
C3912$@DOM1,4,1,0,0.0,False,0.1786706280930113,1.7867062809301129
C3914$@DOM1,4,1,0,0.0,False,0.1786706280930113,1.7867062809301129
C3919$@DOM1,4,1,0,0.0,False,0.1786706280930113,1.7867062809301129
C3924$@DOM1,4,1,0,0.0,False,0.1786706280930113,1.7867062809301129
C3926$@DOM1,4,1,0,0.0,False,0.1786706280930113,1.7867062809301129
U570@DOM1,4,1,0,0.0,False,0.1786706280930113,1.7867062809301129
U571@DOM1,4,1,0,0.0,False,0.1786706280930113,1.7867062809301129
C3928$@DOM1,4,1,0,0.0,False,0.1786706280930113,1.7867062809301129
C3931$@DOM1,4,1,0,0.0,False,0.1786706280930113,1.7867062809301129
C3871$@DOM1,4,1,0,0.0,False,0.1786706280930113,1.7867062809301129
C3878$@DOM1,4,1,0,0.0,False,0.1786706280930113,1.7867062809301129
C3881$@DOM1,4,1,0,0.0,False,0.1786706280930113,1.7867062809301129
C3884$@DOM1,4,1,0,0.0,False,0.1786706280930113,1.7867062809301129
C3895$@DOM1,4,1,0,0.0,False,0.1786706280930113,1.7867062809301129
C3848$@DOM1,4,1,0,0.0,False,0.1786706280930113,1.7867062809301129
C3860$@DOM1,4,1,0,0.0,False,0.1786706280930113,1.7867062809301129
C3863$@DOM1,4,1,0,0.0,False,0.1786706280930113,1.7867062809301129
C3868$@DOM1,4,1,0,0.0,False,0.1786706280930113,1.7867062809301129
C3869$@DOM1,4,1,0,0.0,False,0.1786706280930113,1.7867062809301129
C3822$@DOM1,4,1,0,0.0,False,0.1786706280930113,1.7867062809301129
C3826$@DOM1,4,1,0,0.0,False,0.1786706280930113,1.7867062809301129
C3837$@DOM1,4,1,0,0.0,False,0.1786706280930113,1.7867062809301129
C384$@DOM1,4,1,0,0.0,False,0.1786706280930113,1.7867062809301129
C3842$@DOM1,4,1,0,0.0,False,0.1786706280930113,1.7867062809301129
U518@DOM1,4,1,0,0.0,False,0.1786706280930113,1.7867062809301129
C115$@DOM1,4,1,0,0.0,False,0.1786706280930113,1.7867062809301129
C833$@DOM1,4,1,0,0.0,False,0.1786706280930113,1.7867062809301129
C834$@DOM1,4,1,0,0.0,False,0.1786706280930113,1.7867062809301129
C3794$@DOM1,4,1,0,0.0,False,0.1786706280930113,1.7867062809301129
C3799$@DOM1,4,1,0,0.0,False,0.1786706280930113,1.7867062809301129
C3804$@DOM1,4,1,0,0.0,False,0.1786706280930113,1.7867062809301129
C3806$@DOM1,4,1,0,0.0,False,0.1786706280930113,1.7867062809301129
C3808$@DOM1,4,1,0,0.0,False,0.1786706280930113,1.7867062809301129
C3813$@DOM1,4,1,0,0.0,False,0.1786706280930113,1.7867062809301129
C3818$@DOM1,4,1,0,0.0,False,0.1786706280930113,1.7867062809301129
C3763$@DOM1,4,1,0,0.0,False,0.1786706280930113,1.7867062809301129
C3765$@DOM1,4,1,0,0.0,False,0.1786706280930113,1.7867062809301129
C3770$@DOM1,4,1,0,0.0,False,0.1786706280930113,1.7867062809301129
C3772$@DOM1,4,1,0,0.0,False,0.1786706280930113,1.7867062809301129
C3774$@DOM1,4,1,0,0.0,False,0.1786706280930113,1.7867062809301129
C3780$@DOM1,4,1,0,0.0,False,0.1786706280930113,1.7867062809301129
C3782$@DOM1,4,1,0,0.0,False,0.1786706280930113,1.7867062809301129
C3787$@DOM1,4,1,0,0.0,False,0.1786706280930113,1.7867062809301129
C3791$@DOM1,4,1,0,0.0,False,0.1786706280930113,1.7867062809301129
C3743$@DOM1,4,1,0,0.0,False,0.1786706280930113,1.7867062809301129
C3746$@DOM1,4,1,0,0.0,False,0.1786706280930113,1.7867062809301129
C375$@DOM1,4,1,0,0.0,False,0.1786706280930113,1.7867062809301129
C3752$@DOM1,4,1,0,0.0,False,0.1786706280930113,1.7867062809301129
C3753$@DOM1,4,1,0,0.0,False,0.1786706280930113,1.7867062809301129
C3756$@DOM1,4,1,0,0.0,False,0.1786706280930113,1.7867062809301129
C3710$@DOM1,4,1,0,0.0,False,0.1786706280930113,1.7867062809301129
C3719$@DOM1,4,1,0,0.0,False,0.1786706280930113,1.7867062809301129
C3720$@DOM1,4,1,0,0.0,False,0.1786706280930113,1.7867062809301129
C3722$@DOM1,4,1,0,0.0,False,0.1786706280930113,1.7867062809301129
C3726$@DOM1,4,1,0,0.0,False,0.1786706280930113,1.7867062809301129
C3730$@DOM1,4,1,0,0.0,False,0.1786706280930113,1.7867062809301129
U45@C1106,4,1,0,0.0,False,0.1786706280930113,1.7867062809301129
U45@C1504,4,1,0,0.0,False,0.1786706280930113,1.7867062809301129
C3734$@DOM1,4,1,0,0.0,False,0.1786706280930113,1.7867062809301129
C3736$@DOM1,4,1,0,0.0,False,0.1786706280930113,1.7867062809301129
C3698$@DOM1,4,1,0,0.0,False,0.1786706280930113,1.7867062809301129
C3701$@DOM1,4,1,0,0.0,False,0.1786706280930113,1.7867062809301129
C3654$@DOM1,4,1,0,0.0,False,0.1786706280930113,1.7867062809301129
C366$@DOM1,4,1,0,0.0,False,0.1786706280930113,1.7867062809301129
C3672$@DOM1,4,1,0,0.0,False,0.1786706280930113,1.7867062809301129
C3675$@DOM1,4,1,0,0.0,False,0.1786706280930113,1.7867062809301129
C3620$@DOM1,4,1,0,0.0,False,0.1786706280930113,1.7867062809301129
C3629$@DOM1,4,1,0,0.0,False,0.1786706280930113,1.7867062809301129
C3635$@DOM1,4,1,0,0.0,False,0.1786706280930113,1.7867062809301129
C1201$@DOM1,4,1,0,0.0,False,0.1786706280930113,1.7867062809301129
C1203$@DOM1,4,1,0,0.0,False,0.1786706280930113,1.7867062809301129
C3637$@DOM1,4,1,0,0.0,False,0.1786706280930113,1.7867062809301129
C862$@DOM1,4,1,0,0.0,False,0.1786706280930113,1.7867062809301129
C3599$@DOM1,4,1,0,0.0,False,0.1786706280930113,1.7867062809301129
C36$@DOM1,4,1,0,0.0,False,0.1786706280930113,1.7867062809301129
C3573$@DOM1,4,1,0,0.0,False,0.1786706280930113,1.7867062809301129
C3576$@DOM1,4,1,0,0.0,False,0.1786706280930113,1.7867062809301129
C3578$@DOM1,4,1,0,0.0,False,0.1786706280930113,1.7867062809301129
C3589$@DOM1,4,1,0,0.0,False,0.1786706280930113,1.7867062809301129
C359$@DOM1,4,1,0,0.0,False,0.1786706280930113,1.7867062809301129
C883$@DOM1,4,1,0,0.0,False,0.1786706280930113,1.7867062809301129
C3550$@DOM1,4,1,0,0.0,False,0.1786706280930113,1.7867062809301129
C3559$@DOM1,4,1,0,0.0,False,0.1786706280930113,1.7867062809301129
C356$@DOM1,4,1,0,0.0,False,0.1786706280930113,1.7867062809301129
C3561$@DOM1,4,1,0,0.0,False,0.1786706280930113,1.7867062809301129
C3563$@DOM1,4,1,0,0.0,False,0.1786706280930113,1.7867062809301129
C3565$@DOM1,4,1,0,0.0,False,0.1786706280930113,1.7867062809301129
C353$@DOM1,4,1,0,0.0,False,0.1786706280930113,1.7867062809301129
C3530$@DOM1,4,1,0,0.0,False,0.1786706280930113,1.7867062809301129
C1221$@DOM1,4,1,0,0.0,False,0.1786706280930113,1.7867062809301129
C89$@DOM1,4,1,0,0.0,False,0.1786706280930113,1.7867062809301129
C35$@DOM1,4,1,0,0.0,False,0.1786706280930113,1.7867062809301129
C3501$@DOM1,4,1,0,0.0,False,0.1786706280930113,1.7867062809301129
C3513$@DOM1,4,1,0,0.0,False,0.1786706280930113,1.7867062809301129
C3515$@DOM1,4,1,0,0.0,False,0.1786706280930113,1.7867062809301129
C3476$@DOM1,4,1,0,0.0,False,0.1786706280930113,1.7867062809301129
C3486$@DOM1,4,1,0,0.0,False,0.1786706280930113,1.7867062809301129
C3492$@DOM1,4,1,0,0.0,False,0.1786706280930113,1.7867062809301129
C3444$@DOM1,4,1,0,0.0,False,0.1786706280930113,1.7867062809301129
C3451$@DOM1,4,1,0,0.0,False,0.1786706280930113,1.7867062809301129
C3455$@DOM1,4,1,0,0.0,False,0.1786706280930113,1.7867062809301129
C1237$@DOM1,4,1,0,0.0,False,0.1786706280930113,1.7867062809301129
C3462$@DOM1,4,1,0,0.0,False,0.1786706280930113,1.7867062809301129
C3433$@DOM1,4,1,0,0.0,False,0.1786706280930113,1.7867062809301129
C3434$@DOM1,4,1,0,0.0,False,0.1786706280930113,1.7867062809301129
C3437$@DOM1,4,1,0,0.0,False,0.1786706280930113,1.7867062809301129
C3438$@DOM1,4,1,0,0.0,False,0.1786706280930113,1.7867062809301129
C3440$@DOM1,4,1,0,0.0,False,0.1786706280930113,1.7867062809301129
C3393$@DOM1,4,1,0,0.0,False,0.1786706280930113,1.7867062809301129
C3405$@DOM1,4,1,0,0.0,False,0.1786706280930113,1.7867062809301129
C3368$@DOM1,4,1,0,0.0,False,0.1786706280930113,1.7867062809301129
C3370$@DOM1,4,1,0,0.0,False,0.1786706280930113,1.7867062809301129
C3371$@DOM1,4,1,0,0.0,False,0.1786706280930113,1.7867062809301129
C3375$@DOM1,4,1,0,0.0,False,0.1786706280930113,1.7867062809301129
C3381$@DOM1,4,1,0,0.0,False,0.1786706280930113,1.7867062809301129
C3388$@DOM1,4,1,0,0.0,False,0.1786706280930113,1.7867062809301129
U405@DOM1,4,1,0,0.0,False,0.1786706280930113,1.7867062809301129
U415@DOM1,4,1,0,0.0,False,0.1786706280930113,1.7867062809301129
C3334$@DOM1,4,1,0,0.0,False,0.1786706280930113,1.7867062809301129
C3346$@DOM1,4,1,0,0.0,False,0.1786706280930113,1.7867062809301129
C3348$@DOM1,4,1,0,0.0,False,0.1786706280930113,1.7867062809301129
C3350$@DOM1,4,1,0,0.0,False,0.1786706280930113,1.7867062809301129
C3354$@DOM1,4,1,0,0.0,False,0.1786706280930113,1.7867062809301129
C3356$@DOM1,4,1,0,0.0,False,0.1786706280930113,1.7867062809301129
C3359$@DOM1,4,1,0,0.0,False,0.1786706280930113,1.7867062809301129
C3315$@DOM1,4,1,0,0.0,False,0.1786706280930113,1.7867062809301129
C3320$@DOM1,4,1,0,0.0,False,0.1786706280930113,1.7867062809301129
C3322$@DOM1,4,1,0,0.0,False,0.1786706280930113,1.7867062809301129
C3324$@DOM1,4,1,0,0.0,False,0.1786706280930113,1.7867062809301129
C3329$@DOM1,4,1,0,0.0,False,0.1786706280930113,1.7867062809301129
C3331$@DOM1,4,1,0,0.0,False,0.1786706280930113,1.7867062809301129
C3283$@DOM1,4,1,0,0.0,False,0.1786706280930113,1.7867062809301129
C3284$@DOM1,4,1,0,0.0,False,0.1786706280930113,1.7867062809301129
C3287$@DOM1,4,1,0,0.0,False,0.1786706280930113,1.7867062809301129
C3290$@DOM1,4,1,0,0.0,False,0.1786706280930113,1.7867062809301129
C3301$@DOM1,4,1,0,0.0,False,0.1786706280930113,1.7867062809301129
C3305$@DOM1,4,1,0,0.0,False,0.1786706280930113,1.7867062809301129
C3261$@DOM1,4,1,0,0.0,False,0.1786706280930113,1.7867062809301129
C3263$@DOM1,4,1,0,0.0,False,0.1786706280930113,1.7867062809301129
C3264$@DOM1,4,1,0,0.0,False,0.1786706280930113,1.7867062809301129
C3274$@DOM1,4,1,0,0.0,False,0.1786706280930113,1.7867062809301129
C3277$@DOM1,4,1,0,0.0,False,0.1786706280930113,1.7867062809301129
C3281$@DOM1,4,1,0,0.0,False,0.1786706280930113,1.7867062809301129
C3227$@DOM1,4,1,0,0.0,False,0.1786706280930113,1.7867062809301129
C3232$@DOM1,4,1,0,0.0,False,0.1786706280930113,1.7867062809301129
C3245$@DOM1,4,1,0,0.0,False,0.1786706280930113,1.7867062809301129
C3247$@DOM1,4,1,0,0.0,False,0.1786706280930113,1.7867062809301129
C3252$@DOM1,4,1,0,0.0,False,0.1786706280930113,1.7867062809301129
C3254$@DOM1,4,1,0,0.0,False,0.1786706280930113,1.7867062809301129
C1302$@DOM1,4,1,0,0.0,False,0.1786706280930113,1.7867062809301129
C1309$@DOM1,4,1,0,0.0,False,0.1786706280930113,1.7867062809301129
C1278$@DOM1,4,1,0,0.0,False,0.1786706280930113,1.7867062809301129
C1280$@DOM1,4,1,0,0.0,False,0.1786706280930113,1.7867062809301129
C3206$@DOM1,4,1,0,0.0,False,0.1786706280930113,1.7867062809301129
C3208$@DOM1,4,1,0,0.0,False,0.1786706280930113,1.7867062809301129
C3214$@DOM1,4,1,0,0.0,False,0.1786706280930113,1.7867062809301129
C3217$@DOM1,4,1,0,0.0,False,0.1786706280930113,1.7867062809301129
C3223$@DOM1,4,1,0,0.0,False,0.1786706280930113,1.7867062809301129
C3226$@DOM1,4,1,0,0.0,False,0.1786706280930113,1.7867062809301129
C3174$@DOM1,4,1,0,0.0,False,0.1786706280930113,1.7867062809301129
C3193$@DOM1,4,1,0,0.0,False,0.1786706280930113,1.7867062809301129
C3196$@DOM1,4,1,0,0.0,False,0.1786706280930113,1.7867062809301129
C3150$@DOM1,4,1,0,0.0,False,0.1786706280930113,1.7867062809301129
C3151$@DOM1,4,1,0,0.0,False,0.1786706280930113,1.7867062809301129
C3153$@DOM1,4,1,0,0.0,False,0.1786706280930113,1.7867062809301129
C3156$@DOM1,4,1,0,0.0,False,0.1786706280930113,1.7867062809301129
C3163$@DOM1,4,1,0,0.0,False,0.1786706280930113,1.7867062809301129
C3165$@DOM1,4,1,0,0.0,False,0.1786706280930113,1.7867062809301129
C3167$@DOM1,4,1,0,0.0,False,0.1786706280930113,1.7867062809301129
U392@DOM1,4,1,0,0.0,False,0.1786706280930113,1.7867062809301129
C926$@DOM1,4,1,0,0.0,False,0.1786706280930113,1.7867062809301129
C93$@DOM1,4,1,0,0.0,False,0.1786706280930113,1.7867062809301129
C3128$@DOM1,4,1,0,0.0,False,0.1786706280930113,1.7867062809301129
C3132$@DOM1,4,1,0,0.0,False,0.1786706280930113,1.7867062809301129
C3137$@DOM1,4,1,0,0.0,False,0.1786706280930113,1.7867062809301129
C3141$@DOM1,4,1,0,0.0,False,0.1786706280930113,1.7867062809301129
C3145$@DOM1,4,1,0,0.0,False,0.1786706280930113,1.7867062809301129
C3105$@DOM1,4,1,0,0.0,False,0.1786706280930113,1.7867062809301129
C3110$@DOM1,4,1,0,0.0,False,0.1786706280930113,1.7867062809301129
C3120$@DOM1,4,1,0,0.0,False,0.1786706280930113,1.7867062809301129
C3122$@DOM1,4,1,0,0.0,False,0.1786706280930113,1.7867062809301129
C3075$@DOM1,4,1,0,0.0,False,0.1786706280930113,1.7867062809301129
C3078$@DOM1,4,1,0,0.0,False,0.1786706280930113,1.7867062809301129
C3091$@DOM1,4,1,0,0.0,False,0.1786706280930113,1.7867062809301129
C3094$@DOM1,4,1,0,0.0,False,0.1786706280930113,1.7867062809301129
C1317$@DOM1,4,1,0,0.0,False,0.1786706280930113,1.7867062809301129
C94$@DOM1,4,1,0,0.0,False,0.1786706280930113,1.7867062809301129
C3050$@DOM1,4,1,0,0.0,False,0.1786706280930113,1.7867062809301129
C3052$@DOM1,4,1,0,0.0,False,0.1786706280930113,1.7867062809301129
C3055$@DOM1,4,1,0,0.0,False,0.1786706280930113,1.7867062809301129
C3056$@DOM1,4,1,0,0.0,False,0.1786706280930113,1.7867062809301129
C3060$@DOM1,4,1,0,0.0,False,0.1786706280930113,1.7867062809301129
C3061$@DOM1,4,1,0,0.0,False,0.1786706280930113,1.7867062809301129
C3063$@DOM1,4,1,0,0.0,False,0.1786706280930113,1.7867062809301129
C3064$@DOM1,4,1,0,0.0,False,0.1786706280930113,1.7867062809301129
C3073$@DOM1,4,1,0,0.0,False,0.1786706280930113,1.7867062809301129
C3031$@DOM1,4,1,0,0.0,False,0.1786706280930113,1.7867062809301129
C135$@DOM1,4,1,0,0.0,False,0.1786706280930113,1.7867062809301129
C1351$@DOM1,4,1,0,0.0,False,0.1786706280930113,1.7867062809301129
C1352$@DOM1,4,1,0,0.0,False,0.1786706280930113,1.7867062809301129
C1355$@DOM1,4,1,0,0.0,False,0.1786706280930113,1.7867062809301129
C1326$@DOM1,4,1,0,0.0,False,0.1786706280930113,1.7867062809301129
C1334$@DOM1,4,1,0,0.0,False,0.1786706280930113,1.7867062809301129
C3046$@DOM1,4,1,0,0.0,False,0.1786706280930113,1.7867062809301129
C3013$@DOM1,4,1,0,0.0,False,0.1786706280930113,1.7867062809301129
C3024$@DOM1,4,1,0,0.0,False,0.1786706280930113,1.7867062809301129
C3026$@DOM1,4,1,0,0.0,False,0.1786706280930113,1.7867062809301129
C3027$@DOM1,4,1,0,0.0,False,0.1786706280930113,1.7867062809301129
C3029$@DOM1,4,1,0,0.0,False,0.1786706280930113,1.7867062809301129
C956$@DOM1,4,1,0,0.0,False,0.1786706280930113,1.7867062809301129
C2978$@DOM1,4,1,0,0.0,False,0.1786706280930113,1.7867062809301129
C2987$@DOM1,4,1,0,0.0,False,0.1786706280930113,1.7867062809301129
C2997$@DOM1,4,1,0,0.0,False,0.1786706280930113,1.7867062809301129
C2958$@DOM1,4,1,0,0.0,False,0.1786706280930113,1.7867062809301129
C2963$@DOM1,4,1,0,0.0,False,0.1786706280930113,1.7867062809301129
C2964$@DOM1,4,1,0,0.0,False,0.1786706280930113,1.7867062809301129
C2966$@DOM1,4,1,0,0.0,False,0.1786706280930113,1.7867062809301129
C2970$@DOM1,4,1,0,0.0,False,0.1786706280930113,1.7867062809301129
C2972$@DOM1,4,1,0,0.0,False,0.1786706280930113,1.7867062809301129
C1340$@DOM1,4,1,0,0.0,False,0.1786706280930113,1.7867062809301129
C2936$@DOM1,4,1,0,0.0,False,0.1786706280930113,1.7867062809301129
C2943$@DOM1,4,1,0,0.0,False,0.1786706280930113,1.7867062809301129
C2949$@DOM1,4,1,0,0.0,False,0.1786706280930113,1.7867062809301129
C98$@DOM1,4,1,0,0.0,False,0.1786706280930113,1.7867062809301129
C981$@DOM1,4,1,0,0.0,False,0.1786706280930113,1.7867062809301129
C2909$@DOM1,4,1,0,0.0,False,0.1786706280930113,1.7867062809301129
C2916$@DOM1,4,1,0,0.0,False,0.1786706280930113,1.7867062809301129
C2920$@DOM1,4,1,0,0.0,False,0.1786706280930113,1.7867062809301129
C2923$@DOM1,4,1,0,0.0,False,0.1786706280930113,1.7867062809301129
C2929$@DOM1,4,1,0,0.0,False,0.1786706280930113,1.7867062809301129
C2875$@DOM1,4,1,0,0.0,False,0.1786706280930113,1.7867062809301129
C2879$@DOM1,4,1,0,0.0,False,0.1786706280930113,1.7867062809301129
C2888$@DOM1,4,1,0,0.0,False,0.1786706280930113,1.7867062809301129
C2895$@DOM1,4,1,0,0.0,False,0.1786706280930113,1.7867062809301129
C2897$@DOM1,4,1,0,0.0,False,0.1786706280930113,1.7867062809301129
C136$@DOM1,4,1,0,0.0,False,0.1786706280930113,1.7867062809301129
C2901$@DOM1,4,1,0,0.0,False,0.1786706280930113,1.7867062809301129
C2902$@DOM1,4,1,0,0.0,False,0.1786706280930113,1.7867062809301129
C2857$@DOM1,4,1,0,0.0,False,0.1786706280930113,1.7867062809301129
C2859$@DOM1,4,1,0,0.0,False,0.1786706280930113,1.7867062809301129
C2869$@DOM1,4,1,0,0.0,False,0.1786706280930113,1.7867062809301129
C2836$@DOM1,4,1,0,0.0,False,0.1786706280930113,1.7867062809301129
C2839$@DOM1,4,1,0,0.0,False,0.1786706280930113,1.7867062809301129
C2798$@DOM1,4,1,0,0.0,False,0.1786706280930113,1.7867062809301129
C1400$@DOM1,4,1,0,0.0,False,0.1786706280930113,1.7867062809301129
U345@DOM1,4,1,0,0.0,False,0.1786706280930113,1.7867062809301129
U351@DOM1,4,1,0,0.0,False,0.1786706280930113,1.7867062809301129
C280$@DOM1,4,1,0,0.0,False,0.1786706280930113,1.7867062809301129
C2803$@DOM1,4,1,0,0.0,False,0.1786706280930113,1.7867062809301129
C2805$@DOM1,4,1,0,0.0,False,0.1786706280930113,1.7867062809301129
C2807$@DOM1,4,1,0,0.0,False,0.1786706280930113,1.7867062809301129
C2814$@DOM1,4,1,0,0.0,False,0.1786706280930113,1.7867062809301129
C2786$@DOM1,4,1,0,0.0,False,0.1786706280930113,1.7867062809301129
C2747$@DOM1,4,1,0,0.0,False,0.1786706280930113,1.7867062809301129
C2755$@DOM1,4,1,0,0.0,False,0.1786706280930113,1.7867062809301129
C2762$@DOM1,4,1,0,0.0,False,0.1786706280930113,1.7867062809301129
C2729$@DOM1,4,1,0,0.0,False,0.1786706280930113,1.7867062809301129
C2732$@DOM1,4,1,0,0.0,False,0.1786706280930113,1.7867062809301129
C2737$@DOM1,4,1,0,0.0,False,0.1786706280930113,1.7867062809301129
C2740$@DOM1,4,1,0,0.0,False,0.1786706280930113,1.7867062809301129
C2743$@DOM1,4,1,0,0.0,False,0.1786706280930113,1.7867062809301129
C2744$@DOM1,4,1,0,0.0,False,0.1786706280930113,1.7867062809301129
C2702$@DOM1,4,1,0,0.0,False,0.1786706280930113,1.7867062809301129
C2704$@DOM1,4,1,0,0.0,False,0.1786706280930113,1.7867062809301129
C2707$@DOM1,4,1,0,0.0,False,0.1786706280930113,1.7867062809301129
C2685$@DOM1,4,1,0,0.0,False,0.1786706280930113,1.7867062809301129
C2687$@DOM1,4,1,0,0.0,False,0.1786706280930113,1.7867062809301129
C2690$@DOM1,4,1,0,0.0,False,0.1786706280930113,1.7867062809301129
C2697$@DOM1,4,1,0,0.0,False,0.1786706280930113,1.7867062809301129
C27$@DOM1,4,1,0,0.0,False,0.1786706280930113,1.7867062809301129
C2658$@DOM1,4,1,0,0.0,False,0.1786706280930113,1.7867062809301129
C2663$@DOM1,4,1,0,0.0,False,0.1786706280930113,1.7867062809301129
C2668$@DOM1,4,1,0,0.0,False,0.1786706280930113,1.7867062809301129
C2669$@DOM1,4,1,0,0.0,False,0.1786706280930113,1.7867062809301129
C2677$@DOM1,4,1,0,0.0,False,0.1786706280930113,1.7867062809301129
LOCAL SERVICE@C2493,4,1,0,0.0,False,0.1786706280930113,1.7867062809301129
LOCAL SERVICE@C3021,4,1,0,0.0,False,0.1786706280930113,1.7867062809301129
C2635$@DOM1,4,1,0,0.0,False,0.1786706280930113,1.7867062809301129
C2638$@DOM1,4,1,0,0.0,False,0.1786706280930113,1.7867062809301129
C2641$@DOM1,4,1,0,0.0,False,0.1786706280930113,1.7867062809301129
C2646$@DOM1,4,1,0,0.0,False,0.1786706280930113,1.7867062809301129
C2647$@DOM1,4,1,0,0.0,False,0.1786706280930113,1.7867062809301129
C2651$@DOM1,4,1,0,0.0,False,0.1786706280930113,1.7867062809301129
C2610$@DOM1,4,1,0,0.0,False,0.1786706280930113,1.7867062809301129
C2612$@DOM1,4,1,0,0.0,False,0.1786706280930113,1.7867062809301129
C2616$@DOM1,4,1,0,0.0,False,0.1786706280930113,1.7867062809301129
C2619$@DOM1,4,1,0,0.0,False,0.1786706280930113,1.7867062809301129
C2629$@DOM1,4,1,0,0.0,False,0.1786706280930113,1.7867062809301129
C2606$@DOM1,4,1,0,0.0,False,0.1786706280930113,1.7867062809301129
C2554$@DOM1,4,1,0,0.0,False,0.1786706280930113,1.7867062809301129
C2562$@DOM1,4,1,0,0.0,False,0.1786706280930113,1.7867062809301129
C2570$@DOM1,4,1,0,0.0,False,0.1786706280930113,1.7867062809301129
C1444$@DOM1,4,1,0,0.0,False,0.1786706280930113,1.7867062809301129
C1448$@DOM1,4,1,0,0.0,False,0.1786706280930113,1.7867062809301129
C1419$@DOM1,4,1,0,0.0,False,0.1786706280930113,1.7867062809301129
C2579$@DOM1,4,1,0,0.0,False,0.1786706280930113,1.7867062809301129
C253$@DOM1,4,1,0,0.0,False,0.1786706280930113,1.7867062809301129
C2538$@DOM1,4,1,0,0.0,False,0.1786706280930113,1.7867062809301129
C2540$@DOM1,4,1,0,0.0,False,0.1786706280930113,1.7867062809301129
C2508$@DOM1,4,1,0,0.0,False,0.1786706280930113,1.7867062809301129
C2514$@DOM1,4,1,0,0.0,False,0.1786706280930113,1.7867062809301129
C2517$@DOM1,4,1,0,0.0,False,0.1786706280930113,1.7867062809301129
C2519$@DOM1,4,1,0,0.0,False,0.1786706280930113,1.7867062809301129
C2529$@DOM1,4,1,0,0.0,False,0.1786706280930113,1.7867062809301129
C2479$@DOM1,4,1,0,0.0,False,0.1786706280930113,1.7867062809301129
C2481$@DOM1,4,1,0,0.0,False,0.1786706280930113,1.7867062809301129
C2483$@DOM1,4,1,0,0.0,False,0.1786706280930113,1.7867062809301129
C2489$@DOM1,4,1,0,0.0,False,0.1786706280930113,1.7867062809301129
C2498$@DOM1,4,1,0,0.0,False,0.1786706280930113,1.7867062809301129
C246$@DOM1,4,1,0,0.0,False,0.1786706280930113,1.7867062809301129
U327@DOM1,4,1,0,0.0,False,0.1786706280930113,1.7867062809301129
U337@DOM1,4,1,0,0.0,False,0.1786706280930113,1.7867062809301129
U339@DOM1,4,1,0,0.0,False,0.1786706280930113,1.7867062809301129
C1438$@DOM1,4,1,0,0.0,False,0.1786706280930113,1.7867062809301129
C2470$@DOM1,4,1,0,0.0,False,0.1786706280930113,1.7867062809301129
C2431$@DOM1,4,1,0,0.0,False,0.1786706280930113,1.7867062809301129
C2438$@DOM1,4,1,0,0.0,False,0.1786706280930113,1.7867062809301129
C2447$@DOM1,4,1,0,0.0,False,0.1786706280930113,1.7867062809301129
C2399$@DOM1,4,1,0,0.0,False,0.1786706280930113,1.7867062809301129
C2418$@DOM1,4,1,0,0.0,False,0.1786706280930113,1.7867062809301129
C2389$@DOM1,4,1,0,0.0,False,0.1786706280930113,1.7867062809301129
C2356$@DOM1,4,1,0,0.0,False,0.1786706280930113,1.7867062809301129
C2359$@DOM1,4,1,0,0.0,False,0.1786706280930113,1.7867062809301129
C2361$@DOM1,4,1,0,0.0,False,0.1786706280930113,1.7867062809301129
C2363$@DOM1,4,1,0,0.0,False,0.1786706280930113,1.7867062809301129
C2370$@DOM1,4,1,0,0.0,False,0.1786706280930113,1.7867062809301129
C2373$@DOM1,4,1,0,0.0,False,0.1786706280930113,1.7867062809301129
C146$@DOM1,4,1,0,0.0,False,0.1786706280930113,1.7867062809301129
C2315$@DOM1,4,1,0,0.0,False,0.1786706280930113,1.7867062809301129
C2317$@DOM1,4,1,0,0.0,False,0.1786706280930113,1.7867062809301129
C2325$@DOM1,4,1,0,0.0,False,0.1786706280930113,1.7867062809301129
C233$@DOM1,4,1,0,0.0,False,0.1786706280930113,1.7867062809301129
C2339$@DOM1,4,1,0,0.0,False,0.1786706280930113,1.7867062809301129
C2342$@DOM1,4,1,0,0.0,False,0.1786706280930113,1.7867062809301129
C2267$@DOM1,4,1,0,0.0,False,0.1786706280930113,1.7867062809301129
C2278$@DOM1,4,1,0,0.0,False,0.1786706280930113,1.7867062809301129
C228$@DOM1,4,1,0,0.0,False,0.1786706280930113,1.7867062809301129
C2281$@DOM1,4,1,0,0.0,False,0.1786706280930113,1.7867062809301129
C2290$@DOM1,4,1,0,0.0,False,0.1786706280930113,1.7867062809301129
C2212$@DOM1,4,1,0,0.0,False,0.1786706280930113,1.7867062809301129
C2217$@DOM1,4,1,0,0.0,False,0.1786706280930113,1.7867062809301129
C1493$@DOM1,4,1,0,0.0,False,0.1786706280930113,1.7867062809301129
C2196$@DOM1,4,1,0,0.0,False,0.1786706280930113,1.7867062809301129
C2207$@DOM1,4,1,0,0.0,False,0.1786706280930113,1.7867062809301129
C2159$@DOM1,4,1,0,0.0,False,0.1786706280930113,1.7867062809301129
C2107$@DOM1,4,1,0,0.0,False,0.1786706280930113,1.7867062809301129
C2125$@DOM1,4,1,0,0.0,False,0.1786706280930113,1.7867062809301129
C2128$@DOM1,4,1,0,0.0,False,0.1786706280930113,1.7867062809301129
C2135$@DOM1,4,1,0,0.0,False,0.1786706280930113,1.7867062809301129
C2060$@DOM1,4,1,0,0.0,False,0.1786706280930113,1.7867062809301129
C2077$@DOM1,4,1,0,0.0,False,0.1786706280930113,1.7867062809301129
C2081$@DOM1,4,1,0,0.0,False,0.1786706280930113,1.7867062809301129
C2083$@DOM1,4,1,0,0.0,False,0.1786706280930113,1.7867062809301129
C2040$@DOM1,4,1,0,0.0,False,0.1786706280930113,1.7867062809301129
C2042$@DOM1,4,1,0,0.0,False,0.1786706280930113,1.7867062809301129
C2003$@DOM1,4,1,0,0.0,False,0.1786706280930113,1.7867062809301129
U28@DOM1,4,1,0,0.0,False,0.1786706280930113,1.7867062809301129
U303@DOM1,4,1,0,0.0,False,0.1786706280930113,1.7867062809301129
C2021$@DOM1,4,1,0,0.0,False,0.1786706280930113,1.7867062809301129
C1966$@DOM1,4,1,0,0.0,False,0.1786706280930113,1.7867062809301129
C1978$@DOM1,4,1,0,0.0,False,0.1786706280930113,1.7867062809301129
C198$@DOM1,4,1,0,0.0,False,0.1786706280930113,1.7867062809301129
C1944$@DOM1,4,1,0,0.0,False,0.1786706280930113,1.7867062809301129
C1953$@DOM1,4,1,0,0.0,False,0.1786706280930113,1.7867062809301129
U1011@DOM1,4,1,0,0.0,False,0.1786706280930113,1.7867062809301129
U1013@DOM1,4,1,0,0.0,False,0.1786706280930113,1.7867062809301129
U1019@DOM1,4,1,0,0.0,False,0.1786706280930113,1.7867062809301129
U1035@DOM1,4,1,0,0.0,False,0.1786706280930113,1.7867062809301129
U1075@DOM1,4,1,0,0.0,False,0.1786706280930113,1.7867062809301129
C1887$@DOM1,4,1,0,0.0,False,0.1786706280930113,1.7867062809301129
C1891$@DOM1,4,1,0,0.0,False,0.1786706280930113,1.7867062809301129
C1893$@DOM1,4,1,0,0.0,False,0.1786706280930113,1.7867062809301129
C19$@DOM1,4,1,0,0.0,False,0.1786706280930113,1.7867062809301129
U1103@DOM1,4,1,0,0.0,False,0.1786706280930113,1.7867062809301129
U1116@DOM1,4,1,0,0.0,False,0.1786706280930113,1.7867062809301129
C1875$@DOM1,4,1,0,0.0,False,0.1786706280930113,1.7867062809301129
U1163@DOM1,4,1,0,0.0,False,0.1786706280930113,1.7867062809301129
U1183@DOM1,4,1,0,0.0,False,0.1786706280930113,1.7867062809301129
C1849$@DOM1,4,1,0,0.0,False,0.1786706280930113,1.7867062809301129
U1233@DOM1,4,1,0,0.0,False,0.1786706280930113,1.7867062809301129
U125@DOM1,4,1,0,0.0,False,0.1786706280930113,1.7867062809301129
C1813$@DOM1,4,1,0,0.0,False,0.1786706280930113,1.7867062809301129
C1819$@DOM1,4,1,0,0.0,False,0.1786706280930113,1.7867062809301129
C1830$@DOM1,4,1,0,0.0,False,0.1786706280930113,1.7867062809301129
C1832$@DOM1,4,1,0,0.0,False,0.1786706280930113,1.7867062809301129
C1793$@DOM1,4,1,0,0.0,False,0.1786706280930113,1.7867062809301129
C1802$@DOM1,4,1,0,0.0,False,0.1786706280930113,1.7867062809301129
C1804$@DOM1,4,1,0,0.0,False,0.1786706280930113,1.7867062809301129
C1807$@DOM1,4,1,0,0.0,False,0.1786706280930113,1.7867062809301129
U273@DOM1,4,1,0,0.0,False,0.1786706280930113,1.7867062809301129
U283@DOM1,4,1,0,0.0,False,0.1786706280930113,1.7867062809301129
C1515$@DOM1,4,1,0,0.0,False,0.1786706280930113,1.7867062809301129
U132@DOM1,4,1,0,0.0,False,0.1786706280930113,1.7867062809301129
C1773$@DOM1,4,1,0,0.0,False,0.1786706280930113,1.7867062809301129
C1787$@DOM1,4,1,0,0.0,False,0.1786706280930113,1.7867062809301129
C1788$@DOM1,4,1,0,0.0,False,0.1786706280930113,1.7867062809301129
C1740$@DOM1,4,1,0,0.0,False,0.1786706280930113,1.7867062809301129
C1744$@DOM1,4,1,0,0.0,False,0.1786706280930113,1.7867062809301129
C1755$@DOM1,4,1,0,0.0,False,0.1786706280930113,1.7867062809301129
U152@DOM1,4,1,0,0.0,False,0.1786706280930113,1.7867062809301129
U1559@DOM1,4,1,0,0.0,False,0.1786706280930113,1.7867062809301129
C1724$@DOM1,4,1,0,0.0,False,0.1786706280930113,1.7867062809301129
C1729$@DOM1,4,1,0,0.0,False,0.1786706280930113,1.7867062809301129
C1733$@DOM1,4,1,0,0.0,False,0.1786706280930113,1.7867062809301129
U166@DOM1,4,1,0,0.0,False,0.1786706280930113,1.7867062809301129
C1705$@DOM1,4,1,0,0.0,False,0.1786706280930113,1.7867062809301129
C1529$@DOM1,4,1,0,0.0,False,0.1786706280930113,1.7867062809301129
C1715$@DOM1,4,1,0,0.0,False,0.1786706280930113,1.7867062809301129
C1717$@DOM1,4,1,0,0.0,False,0.1786706280930113,1.7867062809301129
C1718$@DOM1,4,1,0,0.0,False,0.1786706280930113,1.7867062809301129
C1682$@DOM1,4,1,0,0.0,False,0.1786706280930113,1.7867062809301129
C1684$@DOM1,4,1,0,0.0,False,0.1786706280930113,1.7867062809301129
C1685$@DOM1,4,1,0,0.0,False,0.1786706280930113,1.7867062809301129
C1691$@DOM1,4,1,0,0.0,False,0.1786706280930113,1.7867062809301129
C1692$@DOM1,4,1,0,0.0,False,0.1786706280930113,1.7867062809301129
C1694$@DOM1,4,1,0,0.0,False,0.1786706280930113,1.7867062809301129
C1697$@DOM1,4,1,0,0.0,False,0.1786706280930113,1.7867062809301129
C1700$@DOM1,4,1,0,0.0,False,0.1786706280930113,1.7867062809301129
C1661$@DOM1,4,1,0,0.0,False,0.1786706280930113,1.7867062809301129
C1673$@DOM1,4,1,0,0.0,False,0.1786706280930113,1.7867062809301129
C1553$@DOM1,4,1,0,0.0,False,0.1786706280930113,1.7867062809301129
C1679$@DOM1,4,1,0,0.0,False,0.1786706280930113,1.7867062809301129
C1647$@DOM1,4,1,0,0.0,False,0.1786706280930113,1.7867062809301129
C1655$@DOM1,4,1,0,0.0,False,0.1786706280930113,1.7867062809301129
U191@DOM1,4,1,0,0.0,False,0.1786706280930113,1.7867062809301129
C1622$@DOM1,4,1,0,0.0,False,0.1786706280930113,1.7867062809301129
C1623$@DOM1,4,1,0,0.0,False,0.1786706280930113,1.7867062809301129
C1624$@DOM1,4,1,0,0.0,False,0.1786706280930113,1.7867062809301129
C1625$@DOM1,4,1,0,0.0,False,0.1786706280930113,1.7867062809301129
C163$@DOM1,4,1,0,0.0,False,0.1786706280930113,1.7867062809301129
C1630$@DOM1,4,1,0,0.0,False,0.1786706280930113,1.7867062809301129
C1633$@DOM1,4,1,0,0.0,False,0.1786706280930113,1.7867062809301129
C1596$@DOM1,4,1,0,0.0,False,0.1786706280930113,1.7867062809301129
C1597$@DOM1,4,1,0,0.0,False,0.1786706280930113,1.7867062809301129
C1601$@DOM1,4,1,0,0.0,False,0.1786706280930113,1.7867062809301129
C1615$@DOM1,4,1,0,0.0,False,0.1786706280930113,1.7867062809301129
U209@DOM1,4,1,0,0.0,False,0.1786706280930113,1.7867062809301129
C1590$@DOM1,4,1,0,0.0,False,0.1786706280930113,1.7867062809301129
C1591$@DOM1,4,1,0,0.0,False,0.1786706280930113,1.7867062809301129
U252@DOM1,4,1,0,0.0,False,0.1786706280930113,1.7867062809301129
C1564$@DOM1,4,1,0,0.0,False,0.1786706280930113,1.7867062809301129
U972@DOM1,4,1,0,0.0,False,0.1786706280930113,1.7867062809301129
C657$@DOM1,4,1,0,0.0,False,0.1786706280930113,1.7867062809301129
C659$@DOM1,4,1,0,0.0,False,0.1786706280930113,1.7867062809301129
U898@DOM1,4,1,0,0.0,False,0.1786706280930113,1.7867062809301129
ANONYMOUS LOGON@C1208,4,1,0,0.0,False,0.1786706280930113,1.7867062809301129
ANONYMOUS LOGON@C1759,2,1,0,0.0,False,0.1641316363781049,1.641316363781049
U999@DOM1,2,1,0,0.0,False,0.1641316363781049,1.641316363781049
ANONYMOUS LOGON@C1767,2,1,0,0.0,False,0.1641316363781049,1.641316363781049
ANONYMOUS LOGON@C1624,2,1,0,0.0,False,0.1641316363781049,1.641316363781049
C629$@DOM1,2,1,0,0.0,False,0.1641316363781049,1.641316363781049
C1589$@DOM1,2,1,0,0.0,False,0.1641316363781049,1.641316363781049
U240@DOM1,2,1,0,0.0,False,0.1641316363781049,1.641316363781049
ANONYMOUS LOGON@C2149,2,1,0,0.0,False,0.1641316363781049,1.641316363781049
U941@DOM1,2,1,0,0.0,False,0.1641316363781049,1.641316363781049
ANONYMOUS LOGON@C2634,2,1,0,0.0,False,0.1641316363781049,1.641316363781049
ANONYMOUS LOGON@C2645,2,1,0,0.0,False,0.1641316363781049,1.641316363781049
ANONYMOUS LOGON@C2679,2,1,0,0.0,False,0.1641316363781049,1.641316363781049
ANONYMOUS LOGON@C2881,2,1,0,0.0,False,0.1641316363781049,1.641316363781049
C669$@DOM1,2,1,0,0.0,False,0.1641316363781049,1.641316363781049
C675$@DOM1,2,1,0,0.0,False,0.1641316363781049,1.641316363781049
C681$@DOM1,2,1,0,0.0,False,0.1641316363781049,1.641316363781049
C5839$@DOM1,2,1,0,0.0,False,0.1641316363781049,1.641316363781049
C5841$@DOM1,2,1,0,0.0,False,0.1641316363781049,1.641316363781049
C5563$@DOM1,2,1,0,0.0,False,0.1641316363781049,1.641316363781049
C5644$@DOM1,2,1,0,0.0,False,0.1641316363781049,1.641316363781049
C685$@DOM1,2,1,0,0.0,False,0.1641316363781049,1.641316363781049
C687$@DOM1,2,1,0,0.0,False,0.1641316363781049,1.641316363781049
U227@DOM1,2,1,0,0.0,False,0.1641316363781049,1.641316363781049
U228@DOM1,2,1,0,0.0,False,0.1641316363781049,1.641316363781049
C1585$@DOM1,2,1,0,0.0,False,0.1641316363781049,1.641316363781049
C1588$@DOM1,2,1,0,0.0,False,0.1641316363781049,1.641316363781049
C548$@DOM1,2,1,0,0.0,False,0.1641316363781049,1.641316363781049
C5398$@DOM1,2,1,0,0.0,False,0.1641316363781049,1.641316363781049
C5459$@DOM1,2,1,0,0.0,False,0.1641316363781049,1.641316363781049
C703$@DOM1,2,1,0,0.0,False,0.1641316363781049,1.641316363781049
C707$@DOM1,2,1,0,0.0,False,0.1641316363781049,1.641316363781049
C526$@DOM1,2,1,0,0.0,False,0.1641316363781049,1.641316363781049
C5185$@DOM7,2,1,0,0.0,False,0.1641316363781049,1.641316363781049
C5198$@DOM1,2,1,0,0.0,False,0.1641316363781049,1.641316363781049
U76@DOM1,2,1,0,0.0,False,0.1641316363781049,1.641316363781049
U813@DOM1,2,1,0,0.0,False,0.1641316363781049,1.641316363781049
U847@DOM1,2,1,0,0.0,False,0.1641316363781049,1.641316363781049
C520$@DOM1,2,1,0,0.0,False,0.1641316363781049,1.641316363781049
U194@C2356,2,1,0,0.0,False,0.1641316363781049,1.641316363781049
C1638$@DOM1,2,1,0,0.0,False,0.1641316363781049,1.641316363781049
C164$@DOM1,2,1,0,0.0,False,0.1641316363781049,1.641316363781049
C1593$@DOM1,2,1,0,0.0,False,0.1641316363781049,1.641316363781049
C1603$@DOM1,2,1,0,0.0,False,0.1641316363781049,1.641316363781049
C162$@DOM1,2,1,0,0.0,False,0.1641316363781049,1.641316363781049
C506$@DOM1,2,1,0,0.0,False,0.1641316363781049,1.641316363781049
C5090$@DOM1,2,1,0,0.0,False,0.1641316363781049,1.641316363781049
C719$@DOM1,2,1,0,0.0,False,0.1641316363781049,1.641316363781049
C721$@DOM1,2,1,0,0.0,False,0.1641316363781049,1.641316363781049
C495$@DOM1,2,1,0,0.0,False,0.1641316363781049,1.641316363781049
C4822$@DOM1,2,1,0,0.0,False,0.1641316363781049,1.641316363781049
C4925$@DOM1,2,1,0,0.0,False,0.1641316363781049,1.641316363781049
C4747$@DOM1,2,1,0,0.0,False,0.1641316363781049,1.641316363781049
C4776$@DOM1,2,1,0,0.0,False,0.1641316363781049,1.641316363781049
C479$@DOM1,2,1,0,0.0,False,0.1641316363781049,1.641316363781049
U180@DOM1,2,1,0,0.0,False,0.1641316363781049,1.641316363781049
U183@DOM5,2,1,0,0.0,False,0.1641316363781049,1.641316363781049
C1650$@DOM1,2,1,0,0.0,False,0.1641316363781049,1.641316363781049
C1656$@DOM1,2,1,0,0.0,False,0.1641316363781049,1.641316363781049
C1658$@DOM1,2,1,0,0.0,False,0.1641316363781049,1.641316363781049
C4681$@DOM1,2,1,0,0.0,False,0.1641316363781049,1.641316363781049
C452$@DOM1,2,1,0,0.0,False,0.1641316363781049,1.641316363781049
C454$@DOM1,2,1,0,0.0,False,0.1641316363781049,1.641316363781049
C4545$@DOM1,2,1,0,0.0,False,0.1641316363781049,1.641316363781049
C1000$@DOM1,2,1,0,0.0,False,0.1641316363781049,1.641316363781049
C451$@DOM1,2,1,0,0.0,False,0.1641316363781049,1.641316363781049
C4515$@DOM1,2,1,0,0.0,False,0.1641316363781049,1.641316363781049
C4453$@DOM1,2,1,0,0.0,False,0.1641316363781049,1.641316363781049
C4455$@DOM1,2,1,0,0.0,False,0.1641316363781049,1.641316363781049
C4457$@DOM1,2,1,0,0.0,False,0.1641316363781049,1.641316363781049
C4460$@DOM1,2,1,0,0.0,False,0.1641316363781049,1.641316363781049
C1572$@DOM1,2,1,0,0.0,False,0.1641316363781049,1.641316363781049
C4466$@DOM1,2,1,0,0.0,False,0.1641316363781049,1.641316363781049
C4468$@DOM1,2,1,0,0.0,False,0.1641316363781049,1.641316363781049
C4474$@DOM1,2,1,0,0.0,False,0.1641316363781049,1.641316363781049
C4479$@DOM1,2,1,0,0.0,False,0.1641316363781049,1.641316363781049
C448$@DOM1,2,1,0,0.0,False,0.1641316363781049,1.641316363781049
C752$@DOM1,2,1,0,0.0,False,0.1641316363781049,1.641316363781049
C4429$@DOM1,2,1,0,0.0,False,0.1641316363781049,1.641316363781049
C443$@DOM1,2,1,0,0.0,False,0.1641316363781049,1.641316363781049
C4431$@DOM1,2,1,0,0.0,False,0.1641316363781049,1.641316363781049
C4438$@DOM1,2,1,0,0.0,False,0.1641316363781049,1.641316363781049
C44$@DOM1,2,1,0,0.0,False,0.1641316363781049,1.641316363781049
C4400$@DOM1,2,1,0,0.0,False,0.1641316363781049,1.641316363781049
C4401$@DOM1,2,1,0,0.0,False,0.1641316363781049,1.641316363781049
C4405$@DOM1,2,1,0,0.0,False,0.1641316363781049,1.641316363781049
C4408$@DOM1,2,1,0,0.0,False,0.1641316363781049,1.641316363781049
C4414$@DOM1,2,1,0,0.0,False,0.1641316363781049,1.641316363781049
C442$@DOM1,2,1,0,0.0,False,0.1641316363781049,1.641316363781049
C4370$@DOM1,2,1,0,0.0,False,0.1641316363781049,1.641316363781049
C4377$@DOM1,2,1,0,0.0,False,0.1641316363781049,1.641316363781049
C168$@DOM1,2,1,0,0.0,False,0.1641316363781049,1.641316363781049
C170$@DOM1,2,1,0,0.0,False,0.1641316363781049,1.641316363781049
C1663$@DOM1,2,1,0,0.0,False,0.1641316363781049,1.641316363781049
C1668$@DOM1,2,1,0,0.0,False,0.1641316363781049,1.641316363781049
C1670$@DOM1,2,1,0,0.0,False,0.1641316363781049,1.641316363781049
C4382$@DOM1,2,1,0,0.0,False,0.1641316363781049,1.641316363781049
C4384$@DOM1,2,1,0,0.0,False,0.1641316363781049,1.641316363781049
C4353$@DOM1,2,1,0,0.0,False,0.1641316363781049,1.641316363781049
C4359$@DOM1,2,1,0,0.0,False,0.1641316363781049,1.641316363781049
U686@DOM1,2,1,0,0.0,False,0.1641316363781049,1.641316363781049
C4311$@DOM1,2,1,0,0.0,False,0.1641316363781049,1.641316363781049
C4316$@DOM1,2,1,0,0.0,False,0.1641316363781049,1.641316363781049
C4321$@DOM1,2,1,0,0.0,False,0.1641316363781049,1.641316363781049
C1544$@DOM1,2,1,0,0.0,False,0.1641316363781049,1.641316363781049
C1711$@DOM1,2,1,0,0.0,False,0.1641316363781049,1.641316363781049
C1712$@DOM1,2,1,0,0.0,False,0.1641316363781049,1.641316363781049
C1719$@DOM1,2,1,0,0.0,False,0.1641316363781049,1.641316363781049
C4280$@DOM1,2,1,0,0.0,False,0.1641316363781049,1.641316363781049
C1058$@DOM1,2,1,0,0.0,False,0.1641316363781049,1.641316363781049
C4200$@DOM1,2,1,0,0.0,False,0.1641316363781049,1.641316363781049
C4202$@DOM1,2,1,0,0.0,False,0.1641316363781049,1.641316363781049
C779$@DOM1,2,1,0,0.0,False,0.1641316363781049,1.641316363781049
C4159$@DOM1,2,1,0,0.0,False,0.1641316363781049,1.641316363781049
C417$@DOM1,2,1,0,0.0,False,0.1641316363781049,1.641316363781049
C1093$@DOM1,2,1,0,0.0,False,0.1641316363781049,1.641316363781049
C4174$@DOM1,2,1,0,0.0,False,0.1641316363781049,1.641316363781049
C4183$@DOM1,2,1,0,0.0,False,0.1641316363781049,1.641316363781049
C4133$@DOM1,2,1,0,0.0,False,0.1641316363781049,1.641316363781049
C4148$@DOM1,2,1,0,0.0,False,0.1641316363781049,1.641316363781049
C4150$@DOM1,2,1,0,0.0,False,0.1641316363781049,1.641316363781049
C4123$@DOM1,2,1,0,0.0,False,0.1641316363781049,1.641316363781049
C1730$@DOM1,2,1,0,0.0,False,0.1641316363781049,1.641316363781049
C1701$@DOM1,2,1,0,0.0,False,0.1641316363781049,1.641316363781049
C1528$@DOM1,2,1,0,0.0,False,0.1641316363781049,1.641316363781049
C4073$@DOM1,2,1,0,0.0,False,0.1641316363781049,1.641316363781049
U626@DOM1,2,1,0,0.0,False,0.1641316363781049,1.641316363781049
U633@C3227,2,1,0,0.0,False,0.1641316363781049,1.641316363781049
C1090$@DOM1,2,1,0,0.0,False,0.1641316363781049,1.641316363781049
C1091$@DOM1,2,1,0,0.0,False,0.1641316363781049,1.641316363781049
C796$@DOM1,2,1,0,0.0,False,0.1641316363781049,1.641316363781049
C8$@DOM1,2,1,0,0.0,False,0.1641316363781049,1.641316363781049
C4018$@DOM1,2,1,0,0.0,False,0.1641316363781049,1.641316363781049
C4025$@DOM1,2,1,0,0.0,False,0.1641316363781049,1.641316363781049
C1102$@DOM1,2,1,0,0.0,False,0.1641316363781049,1.641316363781049
C1745$@DOM1,2,1,0,0.0,False,0.1641316363781049,1.641316363781049
C175$@DOM1,2,1,0,0.0,False,0.1641316363781049,1.641316363781049
C1757$@DOM1,2,1,0,0.0,False,0.1641316363781049,1.641316363781049
U1539@?,2,1,0,0.0,False,0.1641316363781049,1.641316363781049
C1106$@DOM1,2,1,0,0.0,False,0.1641316363781049,1.641316363781049
C1110$@DOM1,2,1,0,0.0,False,0.1641316363781049,1.641316363781049
C404$@DOM1,2,1,0,0.0,False,0.1641316363781049,1.641316363781049
C40$@DOM1,2,1,0,0.0,False,0.1641316363781049,1.641316363781049
C400$@DOM1,2,1,0,0.0,False,0.1641316363781049,1.641316363781049
C4011$@DOM1,2,1,0,0.0,False,0.1641316363781049,1.641316363781049
C4016$@DOM1,2,1,0,0.0,False,0.1641316363781049,1.641316363781049
C3963$@DOM1,2,1,0,0.0,False,0.1641316363781049,1.641316363781049
C3976$@DOM7,2,1,0,0.0,False,0.1641316363781049,1.641316363781049
C814$@DOM1,2,1,0,0.0,False,0.1641316363781049,1.641316363781049
C819$@DOM1,2,1,0,0.0,False,0.1641316363781049,1.641316363781049
U1379@DOM1,2,1,0,0.0,False,0.1641316363781049,1.641316363781049
U1398@DOM1,2,1,0,0.0,False,0.1641316363781049,1.641316363781049
C1789$@DOM1,2,1,0,0.0,False,0.1641316363781049,1.641316363781049
U1433@DOM1,2,1,0,0.0,False,0.1641316363781049,1.641316363781049
C3942$@DOM1,2,1,0,0.0,False,0.1641316363781049,1.641316363781049
C3959$@DOM1,2,1,0,0.0,False,0.1641316363781049,1.641316363781049
C396$@DOM1,2,1,0,0.0,False,0.1641316363781049,1.641316363781049
C3961$@DOM1,2,1,0,0.0,False,0.1641316363781049,1.641316363781049
C3916$@DOM1,2,1,0,0.0,False,0.1641316363781049,1.641316363781049
C3917$@DOM1,2,1,0,0.0,False,0.1641316363781049,1.641316363781049
C1164$@DOM1,2,1,0,0.0,False,0.1641316363781049,1.641316363781049
C1166$@DOM1,2,1,0,0.0,False,0.1641316363781049,1.641316363781049
U542@DOM1,2,1,0,0.0,False,0.1641316363781049,1.641316363781049
U54@DOM1,2,1,0,0.0,False,0.1641316363781049,1.641316363781049
U563@DOM1,2,1,0,0.0,False,0.1641316363781049,1.641316363781049
C3929$@DOM1,2,1,0,0.0,False,0.1641316363781049,1.641316363781049
C393$@DOM1,2,1,0,0.0,False,0.1641316363781049,1.641316363781049
C3873$@DOM1,2,1,0,0.0,False,0.1641316363781049,1.641316363781049
C1811$@DOM1,2,1,0,0.0,False,0.1641316363781049,1.641316363781049
U134@DOM1,2,1,0,0.0,False,0.1641316363781049,1.641316363781049
C3890$@DOM1,2,1,0,0.0,False,0.1641316363781049,1.641316363781049
C3852$@DOM1,2,1,0,0.0,False,0.1641316363781049,1.641316363781049
C3866$@DOM1,2,1,0,0.0,False,0.1641316363781049,1.641316363781049
C3820$@DOM1,2,1,0,0.0,False,0.1641316363781049,1.641316363781049
C3839$@DOM1,2,1,0,0.0,False,0.1641316363781049,1.641316363781049
U500@DOM1,2,1,0,0.0,False,0.1641316363781049,1.641316363781049
C1156$@DOM1,2,1,0,0.0,False,0.1641316363781049,1.641316363781049
C1158$@DOM1,2,1,0,0.0,False,0.1641316363781049,1.641316363781049
C837$@DOM1,2,1,0,0.0,False,0.1641316363781049,1.641316363781049
C3797$@DOM1,2,1,0,0.0,False,0.1641316363781049,1.641316363781049
C1194$@DOM1,2,1,0,0.0,False,0.1641316363781049,1.641316363781049
C3790$@DOM1,2,1,0,0.0,False,0.1641316363781049,1.641316363781049
C1818$@DOM1,2,1,0,0.0,False,0.1641316363781049,1.641316363781049
C1822$@DOM1,2,1,0,0.0,False,0.1641316363781049,1.641316363781049
C1799$@DOM1,2,1,0,0.0,False,0.1641316363781049,1.641316363781049
C1803$@DOM1,2,1,0,0.0,False,0.1641316363781049,1.641316363781049
C1806$@DOM1,2,1,0,0.0,False,0.1641316363781049,1.641316363781049
C3713$@DOM1,2,1,0,0.0,False,0.1641316363781049,1.641316363781049
C3725$@DOM1,2,1,0,0.0,False,0.1641316363781049,1.641316363781049
U45@C2115,2,1,0,0.0,False,0.1641316363781049,1.641316363781049
C3732$@DOM1,2,1,0,0.0,False,0.1641316363781049,1.641316363781049
C3680$@DOM1,2,1,0,0.0,False,0.1641316363781049,1.641316363781049
C3699$@DOM1,2,1,0,0.0,False,0.1641316363781049,1.641316363781049
C3660$@DOM1,2,1,0,0.0,False,0.1641316363781049,1.641316363781049
C3665$@DOM1,2,1,0,0.0,False,0.1641316363781049,1.641316363781049
C3678$@DOM1,2,1,0,0.0,False,0.1641316363781049,1.641316363781049
C3623$@DOM1,2,1,0,0.0,False,0.1641316363781049,1.641316363781049
C3625$@DOM1,2,1,0,0.0,False,0.1641316363781049,1.641316363781049
C1836$@DOM1,2,1,0,0.0,False,0.1641316363781049,1.641316363781049
C1856$@DOM1,2,1,0,0.0,False,0.1641316363781049,1.641316363781049
U1253@DOM1,2,1,0,0.0,False,0.1641316363781049,1.641316363781049
U1255@DOM1,2,1,0,0.0,False,0.1641316363781049,1.641316363781049
C86$@DOM1,2,1,0,0.0,False,0.1641316363781049,1.641316363781049
C358$@DOM1,2,1,0,0.0,False,0.1641316363781049,1.641316363781049
C3582$@DOM1,2,1,0,0.0,False,0.1641316363781049,1.641316363781049
C3592$@DOM1,2,1,0,0.0,False,0.1641316363781049,1.641316363781049
C3595$@DOM1,2,1,0,0.0,False,0.1641316363781049,1.641316363781049
C875$@DOM1,2,1,0,0.0,False,0.1641316363781049,1.641316363781049
C876$@DOM1,2,1,0,0.0,False,0.1641316363781049,1.641316363781049
C3570$@DOM1,2,1,0,0.0,False,0.1641316363781049,1.641316363781049
C1241$@DOM1,2,1,0,0.0,False,0.1641316363781049,1.641316363781049
C1243$@DOM1,2,1,0,0.0,False,0.1641316363781049,1.641316363781049
C1219$@DOM1,2,1,0,0.0,False,0.1641316363781049,1.641316363781049
C1222$@DOM1,2,1,0,0.0,False,0.1641316363781049,1.641316363781049
C1224$@DOM1,2,1,0,0.0,False,0.1641316363781049,1.641316363781049
C1861$@DOM1,2,1,0,0.0,False,0.1641316363781049,1.641316363781049
C1863$@DOM1,2,1,0,0.0,False,0.1641316363781049,1.641316363781049
U1166@DOM1,2,1,0,0.0,False,0.1641316363781049,1.641316363781049
C3518$@DOM1,2,1,0,0.0,False,0.1641316363781049,1.641316363781049
C3471$@DOM1,2,1,0,0.0,False,0.1641316363781049,1.641316363781049
C3480$@DOM1,2,1,0,0.0,False,0.1641316363781049,1.641316363781049
C3488$@DOM1,2,1,0,0.0,False,0.1641316363781049,1.641316363781049
C1252$@DOM1,2,1,0,0.0,False,0.1641316363781049,1.641316363781049
C1234$@DOM1,2,1,0,0.0,False,0.1641316363781049,1.641316363781049
C3424$@DOM1,2,1,0,0.0,False,0.1641316363781049,1.641316363781049
C3425$@DOM1,2,1,0,0.0,False,0.1641316363781049,1.641316363781049
C3427$@DOM1,2,1,0,0.0,False,0.1641316363781049,1.641316363781049
C3395$@DOM1,2,1,0,0.0,False,0.1641316363781049,1.641316363781049
C3402$@DOM1,2,1,0,0.0,False,0.1641316363781049,1.641316363781049
C3410$@DOM1,2,1,0,0.0,False,0.1641316363781049,1.641316363781049
C3390$@DOM1,2,1,0,0.0,False,0.1641316363781049,1.641316363781049
C1525$@DOM1,2,1,0,0.0,False,0.1641316363781049,1.641316363781049
C1498$@DOM1,2,1,0,0.0,False,0.1641316363781049,1.641316363781049
C1502$@DOM1,2,1,0,0.0,False,0.1641316363781049,1.641316363781049
C1504$@DOM1,2,1,0,0.0,False,0.1641316363781049,1.641316363781049
C1505$@DOM1,2,1,0,0.0,False,0.1641316363781049,1.641316363781049
C190$@DOM1,2,1,0,0.0,False,0.1641316363781049,1.641316363781049
U413@C1644,2,1,0,0.0,False,0.1641316363781049,1.641316363781049
U418@DOM1,2,1,0,0.0,False,0.1641316363781049,1.641316363781049
C1244$@DOM1,2,1,0,0.0,False,0.1641316363781049,1.641316363781049
C1246$@DOM1,2,1,0,0.0,False,0.1641316363781049,1.641316363781049
C3338$@DOM1,2,1,0,0.0,False,0.1641316363781049,1.641316363781049
C3343$@DOM1,2,1,0,0.0,False,0.1641316363781049,1.641316363781049
C3352$@DOM1,2,1,0,0.0,False,0.1641316363781049,1.641316363781049
C3311$@DOM1,2,1,0,0.0,False,0.1641316363781049,1.641316363781049
C3313$@DOM1,2,1,0,0.0,False,0.1641316363781049,1.641316363781049
C3317$@DOM1,2,1,0,0.0,False,0.1641316363781049,1.641316363781049
C3327$@DOM1,2,1,0,0.0,False,0.1641316363781049,1.641316363781049
C904$@DOM1,2,1,0,0.0,False,0.1641316363781049,1.641316363781049
C907$@DOM1,2,1,0,0.0,False,0.1641316363781049,1.641316363781049
C908$@DOM1,2,1,0,0.0,False,0.1641316363781049,1.641316363781049
C1895$@DOM1,2,1,0,0.0,False,0.1641316363781049,1.641316363781049
C1896$@DOM1,2,1,0,0.0,False,0.1641316363781049,1.641316363781049
C914$@DOM1,2,1,0,0.0,False,0.1641316363781049,1.641316363781049
C918$@DOM1,2,1,0,0.0,False,0.1641316363781049,1.641316363781049
C3269$@DOM1,2,1,0,0.0,False,0.1641316363781049,1.641316363781049
C3271$@DOM1,2,1,0,0.0,False,0.1641316363781049,1.641316363781049
C3273$@DOM1,2,1,0,0.0,False,0.1641316363781049,1.641316363781049
C3239$@DOM1,2,1,0,0.0,False,0.1641316363781049,1.641316363781049
C324$@DOM1,2,1,0,0.0,False,0.1641316363781049,1.641316363781049
C3250$@DOM1,2,1,0,0.0,False,0.1641316363781049,1.641316363781049
C3256$@DOM1,2,1,0,0.0,False,0.1641316363781049,1.641316363781049
C194$@DOM1,2,1,0,0.0,False,0.1641316363781049,1.641316363781049
C1945$@DOM1,2,1,0,0.0,False,0.1641316363781049,1.641316363781049
U103@DOM1,2,1,0,0.0,False,0.1641316363781049,1.641316363781049
C3173$@DOM1,2,1,0,0.0,False,0.1641316363781049,1.641316363781049
C3176$@DOM1,2,1,0,0.0,False,0.1641316363781049,1.641316363781049
C3179$@DOM1,2,1,0,0.0,False,0.1641316363781049,1.641316363781049
C3183$@DOM1,2,1,0,0.0,False,0.1641316363781049,1.641316363781049
C3194$@DOM1,2,1,0,0.0,False,0.1641316363781049,1.641316363781049
C3199$@DOM1,2,1,0,0.0,False,0.1641316363781049,1.641316363781049
C3149$@DOM1,2,1,0,0.0,False,0.1641316363781049,1.641316363781049
C3161$@DOM1,2,1,0,0.0,False,0.1641316363781049,1.641316363781049
C3171$@DOM1,2,1,0,0.0,False,0.1641316363781049,1.641316363781049
U379@DOM1,2,1,0,0.0,False,0.1641316363781049,1.641316363781049
U381@DOM1,2,1,0,0.0,False,0.1641316363781049,1.641316363781049
U397@DOM1,2,1,0,0.0,False,0.1641316363781049,1.641316363781049
C921$@DOM1,2,1,0,0.0,False,0.1641316363781049,1.641316363781049
C925$@DOM1,2,1,0,0.0,False,0.1641316363781049,1.641316363781049
C930$@DOM1,2,1,0,0.0,False,0.1641316363781049,1.641316363781049
SYSTEM@C1500,2,1,0,0.0,False,0.1641316363781049,1.641316363781049
SYSTEM@C2768,2,1,0,0.0,False,0.1641316363781049,1.641316363781049
C1979$@DOM1,2,1,0,0.0,False,0.1641316363781049,1.641316363781049
C1934$@DOM1,2,1,0,0.0,False,0.1641316363781049,1.641316363781049
C3114$@DOM1,2,1,0,0.0,False,0.1641316363781049,1.641316363781049
C3117$@DOM1,2,1,0,0.0,False,0.1641316363781049,1.641316363781049
C3090$@DOM1,2,1,0,0.0,False,0.1641316363781049,1.641316363781049
C3096$@DOM1,2,1,0,0.0,False,0.1641316363781049,1.641316363781049
C938$@DOM1,2,1,0,0.0,False,0.1641316363781049,1.641316363781049
C945$@DOM1,2,1,0,0.0,False,0.1641316363781049,1.641316363781049
C949$@DOM1,2,1,0,0.0,False,0.1641316363781049,1.641316363781049
C950$@DOM1,2,1,0,0.0,False,0.1641316363781049,1.641316363781049
C3059$@DOM1,2,1,0,0.0,False,0.1641316363781049,1.641316363781049
C303$@DOM1,2,1,0,0.0,False,0.1641316363781049,1.641316363781049
C3035$@DOM1,2,1,0,0.0,False,0.1641316363781049,1.641316363781049
C3036$@DOM1,2,1,0,0.0,False,0.1641316363781049,1.641316363781049
C3039$@DOM1,2,1,0,0.0,False,0.1641316363781049,1.641316363781049
C3049$@DOM1,2,1,0,0.0,False,0.1641316363781049,1.641316363781049
C3001$@DOM1,2,1,0,0.0,False,0.1641316363781049,1.641316363781049
C3008$@DOM1,2,1,0,0.0,False,0.1641316363781049,1.641316363781049
C958$@DOM1,2,1,0,0.0,False,0.1641316363781049,1.641316363781049
C2981$@DOM1,2,1,0,0.0,False,0.1641316363781049,1.641316363781049
C2971$@DOM1,2,1,0,0.0,False,0.1641316363781049,1.641316363781049
C2933$@DOM1,2,1,0,0.0,False,0.1641316363781049,1.641316363781049
C2947$@DOM1,2,1,0,0.0,False,0.1641316363781049,1.641316363781049
C97$@DOM1,2,1,0,0.0,False,0.1641316363781049,1.641316363781049
C973$@DOM1,2,1,0,0.0,False,0.1641316363781049,1.641316363781049
C2913$@DOM1,2,1,0,0.0,False,0.1641316363781049,1.641316363781049
C292$@DOM1,2,1,0,0.0,False,0.1641316363781049,1.641316363781049
C2877$@DOM1,2,1,0,0.0,False,0.1641316363781049,1.641316363781049
C2890$@DOM1,2,1,0,0.0,False,0.1641316363781049,1.641316363781049
C29$@DOM1,2,1,0,0.0,False,0.1641316363781049,1.641316363781049
C1380$@DOM1,2,1,0,0.0,False,0.1641316363781049,1.641316363781049
C1383$@DOM1,2,1,0,0.0,False,0.1641316363781049,1.641316363781049
U298@DOM1,2,1,0,0.0,False,0.1641316363781049,1.641316363781049
U302@DOM3,2,1,0,0.0,False,0.1641316363781049,1.641316363781049
U309@DOM1,2,1,0,0.0,False,0.1641316363781049,1.641316363781049
C2022$@DOM1,2,1,0,0.0,False,0.1641316363781049,1.641316363781049
C2848$@DOM1,2,1,0,0.0,False,0.1641316363781049,1.641316363781049
C2829$@DOM1,2,1,0,0.0,False,0.1641316363781049,1.641316363781049
C2846$@DOM1,2,1,0,0.0,False,0.1641316363781049,1.641316363781049
U340@DOM1,2,1,0,0.0,False,0.1641316363781049,1.641316363781049
U347@DOM1,2,1,0,0.0,False,0.1641316363781049,1.641316363781049
C2804$@DOM1,2,1,0,0.0,False,0.1641316363781049,1.641316363781049
C99$@DOM1,2,1,0,0.0,False,0.1641316363781049,1.641316363781049
C2777$@DOM1,2,1,0,0.0,False,0.1641316363781049,1.641316363781049
C2790$@DOM1,2,1,0,0.0,False,0.1641316363781049,1.641316363781049
C2749$@DOM1,2,1,0,0.0,False,0.1641316363781049,1.641316363781049
C2754$@DOM1,2,1,0,0.0,False,0.1641316363781049,1.641316363781049
C276$@DOM1,2,1,0,0.0,False,0.1641316363781049,1.641316363781049
C2766$@DOM1,2,1,0,0.0,False,0.1641316363781049,1.641316363781049
C2738$@DOM1,2,1,0,0.0,False,0.1641316363781049,1.641316363781049
C2700$@DOM1,2,1,0,0.0,False,0.1641316363781049,1.641316363781049
C2712$@DOM1,2,1,0,0.0,False,0.1641316363781049,1.641316363781049
C2721$@DOM1,2,1,0,0.0,False,0.1641316363781049,1.641316363781049
C1391$@DOM1,2,1,0,0.0,False,0.1641316363781049,1.641316363781049
C2656$@DOM1,2,1,0,0.0,False,0.1641316363781049,1.641316363781049
C2676$@DOM1,2,1,0,0.0,False,0.1641316363781049,1.641316363781049
LOCAL SERVICE@C3022,2,1,0,0.0,False,0.1641316363781049,1.641316363781049
C1429$@DOM1,2,1,0,0.0,False,0.1641316363781049,1.641316363781049
C1430$@DOM1,2,1,0,0.0,False,0.1641316363781049,1.641316363781049
C1405$@DOM1,2,1,0,0.0,False,0.1641316363781049,1.641316363781049
C2608$@DOM1,2,1,0,0.0,False,0.1641316363781049,1.641316363781049
C2046$@DOM1,2,1,0,0.0,False,0.1641316363781049,1.641316363781049
C2048$@DOM1,2,1,0,0.0,False,0.1641316363781049,1.641316363781049
C2600$@DOM1,2,1,0,0.0,False,0.1641316363781049,1.641316363781049
C2558$@DOM1,2,1,0,0.0,False,0.1641316363781049,1.641316363781049
C2568$@DOM1,2,1,0,0.0,False,0.1641316363781049,1.641316363781049
C1443$@DOM1,2,1,0,0.0,False,0.1641316363781049,1.641316363781049
C1420$@DOM1,2,1,0,0.0,False,0.1641316363781049,1.641316363781049
C1424$@DOM1,2,1,0,0.0,False,0.1641316363781049,1.641316363781049
C2542$@DOM1,2,1,0,0.0,False,0.1641316363781049,1.641316363781049
C2510$@DOM1,2,1,0,0.0,False,0.1641316363781049,1.641316363781049
C2496$@DOM1,2,1,0,0.0,False,0.1641316363781049,1.641316363781049
C2501$@DOM1,2,1,0,0.0,False,0.1641316363781049,1.641316363781049
C2459$@DOM1,2,1,0,0.0,False,0.1641316363781049,1.641316363781049
U30@DOM3,2,1,0,0.0,False,0.1641316363781049,1.641316363781049
U325@DOM1,2,1,0,0.0,False,0.1641316363781049,1.641316363781049
C210$@DOM1,2,1,0,0.0,False,0.1641316363781049,1.641316363781049
C2105$@DOM1,2,1,0,0.0,False,0.1641316363781049,1.641316363781049
C208$@DOM1,2,1,0,0.0,False,0.1641316363781049,1.641316363781049
C1436$@DOM1,2,1,0,0.0,False,0.1641316363781049,1.641316363781049
NETWORK SERVICE@C2413,2,1,0,0.0,False,0.1641316363781049,1.641316363781049
C240$@DOM1,2,1,0,0.0,False,0.1641316363781049,1.641316363781049
C2415$@DOM1,2,1,0,0.0,False,0.1641316363781049,1.641316363781049
C2420$@DOM1,2,1,0,0.0,False,0.1641316363781049,1.641316363781049
C238$@DOM1,2,1,0,0.0,False,0.1641316363781049,1.641316363781049
C2348$@DOM1,2,1,0,0.0,False,0.1641316363781049,1.641316363781049
C2352$@DOM1,2,1,0,0.0,False,0.1641316363781049,1.641316363781049
C2354$@DOM1,2,1,0,0.0,False,0.1641316363781049,1.641316363781049
C236$@DOM1,2,1,0,0.0,False,0.1641316363781049,1.641316363781049
NETWORK SERVICE@C2893,2,1,0,0.0,False,0.1641316363781049,1.641316363781049
C1449$@DOM1,2,1,0,0.0,False,0.1641316363781049,1.641316363781049
C1458$@DOM1,2,1,0,0.0,False,0.1641316363781049,1.641316363781049
NETWORK SERVICE@C3022,2,1,0,0.0,False,0.1641316363781049,1.641316363781049
NETWORK SERVICE@C4210,2,1,0,0.0,False,0.1641316363781049,1.641316363781049
NETWORK SERVICE@C4347,2,1,0,0.0,False,0.1641316363781049,1.641316363781049
C234$@DOM1,2,1,0,0.0,False,0.1641316363781049,1.641316363781049
C2300$@DOM1,2,1,0,0.0,False,0.1641316363781049,1.641316363781049
C2301$@DOM1,2,1,0,0.0,False,0.1641316363781049,1.641316363781049
C231$@DOM1,2,1,0,0.0,False,0.1641316363781049,1.641316363781049
C2286$@DOM1,2,1,0,0.0,False,0.1641316363781049,1.641316363781049
C2238$@DOM1,2,1,0,0.0,False,0.1641316363781049,1.641316363781049
C2242$@DOM1,2,1,0,0.0,False,0.1641316363781049,1.641316363781049
C2209$@DOM1,2,1,0,0.0,False,0.1641316363781049,1.641316363781049
C2226$@DOM1,2,1,0,0.0,False,0.1641316363781049,1.641316363781049
C147$@DOM1,2,1,0,0.0,False,0.1641316363781049,1.641316363781049
C218$@DOM1,2,1,0,0.0,False,0.1641316363781049,1.641316363781049
C2140$@DOM1,2,1,0,0.0,False,0.1641316363781049,1.641316363781049
C2153$@DOM1,2,1,0,0.0,False,0.1641316363781049,1.641316363781049
C2155$@DOM1,2,1,0,0.0,False,0.1641316363781049,1.641316363781049
C2162$@DOM1,2,1,0,0.0,False,0.1641316363781049,1.641316363781049
C2166$@DOM1,2,1,0,0.0,False,0.1641316363781049,1.641316363781049
C2170$@DOM1,2,1,0,0.0,False,0.1641316363781049,1.641316363781049
C667$@DOM1,2,1,0,0.0,False,0.1641316363781049,1.641316363781049
C636$@DOM1,2,1,0,0.0,False,0.1641316363781049,1.641316363781049
C64$@DOM1,2,1,0,0.0,False,0.1641316363781049,1.641316363781049
C643$@DOM1,2,1,0,0.0,False,0.1641316363781049,1.641316363781049
C653$@DOM1,2,1,0,0.0,False,0.1641316363781049,1.641316363781049
ANONYMOUS LOGON@C3244,2,1,0,0.0,False,0.1641316363781049,1.641316363781049
U903@DOM1,2,1,0,0.0,False,0.1641316363781049,1.641316363781049
U93@DOM1,2,1,0,0.0,False,0.1641316363781049,1.641316363781049
U93@DOM3,2,1,0,0.0,False,0.1641316363781049,1.641316363781049
ANONYMOUS LOGON@C1719,1,1,0,0.0,False,0.1599738668733292,1.5997386687332922
ANONYMOUS LOGON@C1641,1,1,0,0.0,False,0.1599738668733292,1.5997386687332922
ANONYMOUS LOGON@C1672,1,1,0,0.0,False,0.1599738668733292,1.5997386687332922
U883@C1681,1,1,0,0.0,False,0.1599738668733292,1.5997386687332922
ANONYMOUS LOGON@C3072,1,1,0,0.0,False,0.1599738668733292,1.5997386687332922
ANONYMOUS LOGON@C3007,1,1,0,0.0,False,0.1599738668733292,1.5997386687332922
ANONYMOUS LOGON@C2925,1,1,0,0.0,False,0.1599738668733292,1.5997386687332922
C661$@DOM1,1,1,0,0.0,False,0.1599738668733292,1.5997386687332922
ANONYMOUS LOGON@C1529,1,1,0,0.0,False,0.1599738668733292,1.5997386687332922
C66$@DOM1,1,1,0,0.0,False,0.1599738668733292,1.5997386687332922
C658$@DOM1,1,1,0,0.0,False,0.1599738668733292,1.5997386687332922
C627$@DOM1,1,1,0,0.0,False,0.1599738668733292,1.5997386687332922
C63$@DOM1,1,1,0,0.0,False,0.1599738668733292,1.5997386687332922
C634$@DOM1,1,1,0,0.0,False,0.1599738668733292,1.5997386687332922
C635$@DOM1,1,1,0,0.0,False,0.1599738668733292,1.5997386687332922
ANONYMOUS LOGON@C3300,1,1,0,0.0,False,0.1599738668733292,1.5997386687332922
ANONYMOUS LOGON@C3741,1,1,0,0.0,False,0.1599738668733292,1.5997386687332922
U239@DOM1,1,1,0,0.0,False,0.1599738668733292,1.5997386687332922
C1566$@DOM1,1,1,0,0.0,False,0.1599738668733292,1.5997386687332922
ANONYMOUS LOGON@C2021,1,1,0,0.0,False,0.1599738668733292,1.5997386687332922
NETWORK SERVICE@C3982,1,1,0,0.0,False,0.1599738668733292,1.5997386687332922
C220$@DOM1,1,1,0,0.0,False,0.1599738668733292,1.5997386687332922
C2202$@DOM1,1,1,0,0.0,False,0.1599738668733292,1.5997386687332922
C2161$@DOM1,1,1,0,0.0,False,0.1599738668733292,1.5997386687332922
C2164$@DOM1,1,1,0,0.0,False,0.1599738668733292,1.5997386687332922
C211$@DOM1,1,1,0,0.0,False,0.1599738668733292,1.5997386687332922
ANONYMOUS LOGON@C2043,1,1,0,0.0,False,0.1599738668733292,1.5997386687332922
ANONYMOUS LOGON@C2148,1,1,0,0.0,False,0.1599738668733292,1.5997386687332922
ANONYMOUS LOGON@C3894,1,1,0,0.0,False,0.1599738668733292,1.5997386687332922
ANONYMOUS LOGON@C4096,1,1,0,0.0,False,0.1599738668733292,1.5997386687332922
ANONYMOUS LOGON@C4289,1,1,0,0.0,False,0.1599738668733292,1.5997386687332922
ANONYMOUS LOGON@C466,1,1,0,0.0,False,0.1599738668733292,1.5997386687332922
ANONYMOUS LOGON@C585,1,1,0,0.0,False,0.1599738668733292,1.5997386687332922
ANONYMOUS LOGON@C2463,1,1,0,0.0,False,0.1599738668733292,1.5997386687332922
ANONYMOUS LOGON@C2626,1,1,0,0.0,False,0.1599738668733292,1.5997386687332922
ANONYMOUS LOGON@C2719,1,1,0,0.0,False,0.1599738668733292,1.5997386687332922
ANONYMOUS LOGON@C2918,1,1,0,0.0,False,0.1599738668733292,1.5997386687332922
C602$@DOM1,1,1,0,0.0,False,0.1599738668733292,1.5997386687332922
C1474$@DOM1,1,1,0,0.0,False,0.1599738668733292,1.5997386687332922
NETWORK SERVICE@C3670,1,1,0,0.0,False,0.1599738668733292,1.5997386687332922
NETWORK SERVICE@C3682,1,1,0,0.0,False,0.1599738668733292,1.5997386687332922
NETWORK SERVICE@C3840,1,1,0,0.0,False,0.1599738668733292,1.5997386687332922
NETWORK SERVICE@C3841,1,1,0,0.0,False,0.1599738668733292,1.5997386687332922
NETWORK SERVICE@C3897,1,1,0,0.0,False,0.1599738668733292,1.5997386687332922
NETWORK SERVICE@C3906,1,1,0,0.0,False,0.1599738668733292,1.5997386687332922
NETWORK SERVICE@C3919,1,1,0,0.0,False,0.1599738668733292,1.5997386687332922
NETWORK SERVICE@C3923,1,1,0,0.0,False,0.1599738668733292,1.5997386687332922
NETWORK SERVICE@C3935,1,1,0,0.0,False,0.1599738668733292,1.5997386687332922
C223$@DOM1,1,1,0,0.0,False,0.1599738668733292,1.5997386687332922
NETWORK SERVICE@C3539,1,1,0,0.0,False,0.1599738668733292,1.5997386687332922
NETWORK SERVICE@C3583,1,1,0,0.0,False,0.1599738668733292,1.5997386687332922
NETWORK SERVICE@C3605,1,1,0,0.0,False,0.1599738668733292,1.5997386687332922
NETWORK SERVICE@C3632,1,1,0,0.0,False,0.1599738668733292,1.5997386687332922
NETWORK SERVICE@C3653,1,1,0,0.0,False,0.1599738668733292,1.5997386687332922
NETWORK SERVICE@C3662,1,1,0,0.0,False,0.1599738668733292,1.5997386687332922
C1490$@DOM1,1,1,0,0.0,False,0.1599738668733292,1.5997386687332922
C1491$@DOM1,1,1,0,0.0,False,0.1599738668733292,1.5997386687332922
C1494$@DOM1,1,1,0,0.0,False,0.1599738668733292,1.5997386687332922
C1496$@DOM1,1,1,0,0.0,False,0.1599738668733292,1.5997386687332922
C605$@DOM1,1,1,0,0.0,False,0.1599738668733292,1.5997386687332922
C609$@DOM1,1,1,0,0.0,False,0.1599738668733292,1.5997386687332922
C614$@DOM1,1,1,0,0.0,False,0.1599738668733292,1.5997386687332922
C617$@DOM1,1,1,0,0.0,False,0.1599738668733292,1.5997386687332922
C59$@DOM1,1,1,0,0.0,False,0.1599738668733292,1.5997386687332922
C5905$@DOM1,1,1,0,0.0,False,0.1599738668733292,1.5997386687332922
NETWORK SERVICE@C3454,1,1,0,0.0,False,0.1599738668733292,1.5997386687332922
NETWORK SERVICE@C3500,1,1,0,0.0,False,0.1599738668733292,1.5997386687332922
NETWORK SERVICE@C3504,1,1,0,0.0,False,0.1599738668733292,1.5997386687332922
NETWORK SERVICE@C3513,1,1,0,0.0,False,0.1599738668733292,1.5997386687332922
C2269$@DOM1,1,1,0,0.0,False,0.1599738668733292,1.5997386687332922
C2237$@DOM1,1,1,0,0.0,False,0.1599738668733292,1.5997386687332922
C224$@DOM1,1,1,0,0.0,False,0.1599738668733292,1.5997386687332922
C226$@DOM1,1,1,0,0.0,False,0.1599738668733292,1.5997386687332922
C2263$@DOM1,1,1,0,0.0,False,0.1599738668733292,1.5997386687332922
C2211$@DOM1,1,1,0,0.0,False,0.1599738668733292,1.5997386687332922
C6$@DOM1,1,1,0,0.0,False,0.1599738668733292,1.5997386687332922
C677$@DOM1,1,1,0,0.0,False,0.1599738668733292,1.5997386687332922
C682$@DOM1,1,1,0,0.0,False,0.1599738668733292,1.5997386687332922
C2299$@DOM1,1,1,0,0.0,False,0.1599738668733292,1.5997386687332922
NETWORK SERVICE@C3084,1,1,0,0.0,False,0.1599738668733292,1.5997386687332922
NETWORK SERVICE@C3093,1,1,0,0.0,False,0.1599738668733292,1.5997386687332922
NETWORK SERVICE@C3103,1,1,0,0.0,False,0.1599738668733292,1.5997386687332922
NETWORK SERVICE@C3124,1,1,0,0.0,False,0.1599738668733292,1.5997386687332922
NETWORK SERVICE@C3137,1,1,0,0.0,False,0.1599738668733292,1.5997386687332922
NETWORK SERVICE@C3159,1,1,0,0.0,False,0.1599738668733292,1.5997386687332922
NETWORK SERVICE@C3273,1,1,0,0.0,False,0.1599738668733292,1.5997386687332922
NETWORK SERVICE@C3332,1,1,0,0.0,False,0.1599738668733292,1.5997386687332922
NETWORK SERVICE@C3336,1,1,0,0.0,False,0.1599738668733292,1.5997386687332922
NETWORK SERVICE@C3363,1,1,0,0.0,False,0.1599738668733292,1.5997386687332922
NETWORK SERVICE@C3365,1,1,0,0.0,False,0.1599738668733292,1.5997386687332922
NETWORK SERVICE@C3399,1,1,0,0.0,False,0.1599738668733292,1.5997386687332922
C582$@DOM1,1,1,0,0.0,False,0.1599738668733292,1.5997386687332922
C5837$@DOM1,1,1,0,0.0,False,0.1599738668733292,1.5997386687332922
C584$@DOM1,1,1,0,0.0,False,0.1599738668733292,1.5997386687332922
C5847$@DOM1,1,1,0,0.0,False,0.1599738668733292,1.5997386687332922
C570$@DOM1,1,1,0,0.0,False,0.1599738668733292,1.5997386687332922
C577$@DOM1,1,1,0,0.0,False,0.1599738668733292,1.5997386687332922
C578$@DOM1,1,1,0,0.0,False,0.1599738668733292,1.5997386687332922
NETWORK SERVICE@C4305,1,1,0,0.0,False,0.1599738668733292,1.5997386687332922
NETWORK SERVICE@C4314,1,1,0,0.0,False,0.1599738668733292,1.5997386687332922
NETWORK SERVICE@C4379,1,1,0,0.0,False,0.1599738668733292,1.5997386687332922
NETWORK SERVICE@C3042,1,1,0,0.0,False,0.1599738668733292,1.5997386687332922
NETWORK SERVICE@C3049,1,1,0,0.0,False,0.1599738668733292,1.5997386687332922
NETWORK SERVICE@C3054,1,1,0,0.0,False,0.1599738668733292,1.5997386687332922
NETWORK SERVICE@C3068,1,1,0,0.0,False,0.1599738668733292,1.5997386687332922
C2347$@DOM1,1,1,0,0.0,False,0.1599738668733292,1.5997386687332922
C2291$@DOM1,1,1,0,0.0,False,0.1599738668733292,1.5997386687332922
C2292$@DOM1,1,1,0,0.0,False,0.1599738668733292,1.5997386687332922
C2293$@DOM1,1,1,0,0.0,False,0.1599738668733292,1.5997386687332922
C1462$@DOM1,1,1,0,0.0,False,0.1599738668733292,1.5997386687332922
NETWORK SERVICE@C2956,1,1,0,0.0,False,0.1599738668733292,1.5997386687332922
NETWORK SERVICE@C2989,1,1,0,0.0,False,0.1599738668733292,1.5997386687332922
NETWORK SERVICE@C2992,1,1,0,0.0,False,0.1599738668733292,1.5997386687332922
NETWORK SERVICE@C2993,1,1,0,0.0,False,0.1599738668733292,1.5997386687332922
NETWORK SERVICE@C3030,1,1,0,0.0,False,0.1599738668733292,1.5997386687332922
NETWORK SERVICE@C4023,1,1,0,0.0,False,0.1599738668733292,1.5997386687332922
NETWORK SERVICE@C4031,1,1,0,0.0,False,0.1599738668733292,1.5997386687332922
NETWORK SERVICE@C4038,1,1,0,0.0,False,0.1599738668733292,1.5997386687332922
NETWORK SERVICE@C4051,1,1,0,0.0,False,0.1599738668733292,1.5997386687332922
NETWORK SERVICE@C4061,1,1,0,0.0,False,0.1599738668733292,1.5997386687332922
NETWORK SERVICE@C4143,1,1,0,0.0,False,0.1599738668733292,1.5997386687332922
NETWORK SERVICE@C4178,1,1,0,0.0,False,0.1599738668733292,1.5997386687332922
NETWORK SERVICE@C4271,1,1,0,0.0,False,0.1599738668733292,1.5997386687332922
NETWORK SERVICE@C4273,1,1,0,0.0,False,0.1599738668733292,1.5997386687332922
NETWORK SERVICE@C2625,1,1,0,0.0,False,0.1599738668733292,1.5997386687332922
NETWORK SERVICE@C2770,1,1,0,0.0,False,0.1599738668733292,1.5997386687332922
NETWORK SERVICE@C2780,1,1,0,0.0,False,0.1599738668733292,1.5997386687332922
NETWORK SERVICE@C2911,1,1,0,0.0,False,0.1599738668733292,1.5997386687332922
C1451$@DOM1,1,1,0,0.0,False,0.1599738668733292,1.5997386687332922
C1454$@DOM1,1,1,0,0.0,False,0.1599738668733292,1.5997386687332922
C1459$@DOM1,1,1,0,0.0,False,0.1599738668733292,1.5997386687332922
C1461$@DOM1,1,1,0,0.0,False,0.1599738668733292,1.5997386687332922
C557$@DOM1,1,1,0,0.0,False,0.1599738668733292,1.5997386687332922
C569$@DOM1,1,1,0,0.0,False,0.1599738668733292,1.5997386687332922
C57$@DOM1,1,1,0,0.0,False,0.1599738668733292,1.5997386687332922
C689$@DOM1,1,1,0,0.0,False,0.1599738668733292,1.5997386687332922
C694$@DOM1,1,1,0,0.0,False,0.1599738668733292,1.5997386687332922
C1578$@DOM1,1,1,0,0.0,False,0.1599738668733292,1.5997386687332922
C546$@DOM1,1,1,0,0.0,False,0.1599738668733292,1.5997386687332922
C547$@DOM1,1,1,0,0.0,False,0.1599738668733292,1.5997386687332922
C550$@DOM1,1,1,0,0.0,False,0.1599738668733292,1.5997386687332922
C535$@DOM1,1,1,0,0.0,False,0.1599738668733292,1.5997386687332922
C537$@DOM1,1,1,0,0.0,False,0.1599738668733292,1.5997386687332922
C54$@DOM1,1,1,0,0.0,False,0.1599738668733292,1.5997386687332922
NETWORK SERVICE@C2551,1,1,0,0.0,False,0.1599738668733292,1.5997386687332922
C2406$@DOM1,1,1,0,0.0,False,0.1599738668733292,1.5997386687332922
C239$@DOM1,1,1,0,0.0,False,0.1599738668733292,1.5997386687332922
C701$@DOM1,1,1,0,0.0,False,0.1599738668733292,1.5997386687332922
C702$@DOM1,1,1,0,0.0,False,0.1599738668733292,1.5997386687332922
C709$@DOM1,1,1,0,0.0,False,0.1599738668733292,1.5997386687332922
C71$@DOM1,1,1,0,0.0,False,0.1599738668733292,1.5997386687332922
C714$@DOM1,1,1,0,0.0,False,0.1599738668733292,1.5997386687332922
C716$@DOM1,1,1,0,0.0,False,0.1599738668733292,1.5997386687332922
C5299$@DOM1,1,1,0,0.0,False,0.1599738668733292,1.5997386687332922
C533$@DOM1,1,1,0,0.0,False,0.1599738668733292,1.5997386687332922
C519$@DOM1,1,1,0,0.0,False,0.1599738668733292,1.5997386687332922
C1014$@DOM1,1,1,0,0.0,False,0.1599738668733292,1.5997386687332922
C1016$@DOM1,1,1,0,0.0,False,0.1599738668733292,1.5997386687332922
U790@DOM1,1,1,0,0.0,False,0.1599738668733292,1.5997386687332922
U798@DOM1,1,1,0,0.0,False,0.1599738668733292,1.5997386687332922
C2448$@DOM1,1,1,0,0.0,False,0.1599738668733292,1.5997386687332922
C245$@DOM1,1,1,0,0.0,False,0.1599738668733292,1.5997386687332922
NETWORK SERVICE@C2005,1,1,0,0.0,False,0.1599738668733292,1.5997386687332922
NETWORK SERVICE@C2027,1,1,0,0.0,False,0.1599738668733292,1.5997386687332922
NETWORK SERVICE@C2029,1,1,0,0.0,False,0.1599738668733292,1.5997386687332922
NETWORK SERVICE@C2053,1,1,0,0.0,False,0.1599738668733292,1.5997386687332922
NETWORK SERVICE@C2060,1,1,0,0.0,False,0.1599738668733292,1.5997386687332922
NETWORK SERVICE@C2098,1,1,0,0.0,False,0.1599738668733292,1.5997386687332922
NETWORK SERVICE@C2183,1,1,0,0.0,False,0.1599738668733292,1.5997386687332922
NETWORK SERVICE@C2261,1,1,0,0.0,False,0.1599738668733292,1.5997386687332922
NETWORK SERVICE@C2288,1,1,0,0.0,False,0.1599738668733292,1.5997386687332922
NETWORK SERVICE@C2395,1,1,0,0.0,False,0.1599738668733292,1.5997386687332922
NETWORK SERVICE@C2424,1,1,0,0.0,False,0.1599738668733292,1.5997386687332922
NETWORK SERVICE@C2451,1,1,0,0.0,False,0.1599738668733292,1.5997386687332922
NETWORK SERVICE@C2464,1,1,0,0.0,False,0.1599738668733292,1.5997386687332922
NETWORK SERVICE@C2475,1,1,0,0.0,False,0.1599738668733292,1.5997386687332922
C2069$@DOM1,1,1,0,0.0,False,0.1599738668733292,1.5997386687332922
C2035$@DOM1,1,1,0,0.0,False,0.1599738668733292,1.5997386687332922
C1433$@DOM1,1,1,0,0.0,False,0.1599738668733292,1.5997386687332922
C521$@DOM1,1,1,0,0.0,False,0.1599738668733292,1.5997386687332922
C522$@DOM1,1,1,0,0.0,False,0.1599738668733292,1.5997386687332922
U188@DOM1,1,1,0,0.0,False,0.1599738668733292,1.5997386687332922
C1599$@DOM1,1,1,0,0.0,False,0.1599738668733292,1.5997386687332922
C503$@DOM1,1,1,0,0.0,False,0.1599738668733292,1.5997386687332922
C508$@DOM1,1,1,0,0.0,False,0.1599738668733292,1.5997386687332922
C512$@DOM1,1,1,0,0.0,False,0.1599738668733292,1.5997386687332922
C717$@DOM1,1,1,0,0.0,False,0.1599738668733292,1.5997386687332922
C72$@DOM1,1,1,0,0.0,False,0.1599738668733292,1.5997386687332922
C724$@DOM1,1,1,0,0.0,False,0.1599738668733292,1.5997386687332922
C727$@DOM1,1,1,0,0.0,False,0.1599738668733292,1.5997386687332922
C729$@DOM1,1,1,0,0.0,False,0.1599738668733292,1.5997386687332922
C73$@DOM1,1,1,0,0.0,False,0.1599738668733292,1.5997386687332922
C730$@DOM1,1,1,0,0.0,False,0.1599738668733292,1.5997386687332922
C2461$@DOM1,1,1,0,0.0,False,0.1599738668733292,1.5997386687332922
C2462$@DOM1,1,1,0,0.0,False,0.1599738668733292,1.5997386687332922
C1464$@DOM1,1,1,0,0.0,False,0.1599738668733292,1.5997386687332922
C2064$@DOM1,1,1,0,0.0,False,0.1599738668733292,1.5997386687332922
C496$@DOM1,1,1,0,0.0,False,0.1599738668733292,1.5997386687332922
C4984$@DOM1,1,1,0,0.0,False,0.1599738668733292,1.5997386687332922
C50$@DOM1,1,1,0,0.0,False,0.1599738668733292,1.5997386687332922
C4812$@DOM1,1,1,0,0.0,False,0.1599738668733292,1.5997386687332922
C483$@DOM1,1,1,0,0.0,False,0.1599738668733292,1.5997386687332922
C487$@DOM1,1,1,0,0.0,False,0.1599738668733292,1.5997386687332922
C489$@DOM1,1,1,0,0.0,False,0.1599738668733292,1.5997386687332922
LOCAL SERVICE@C4515,1,1,0,0.0,False,0.1599738668733292,1.5997386687332922
LOCAL SERVICE@C4585,1,1,0,0.0,False,0.1599738668733292,1.5997386687332922
LOCAL SERVICE@C4891,1,1,0,0.0,False,0.1599738668733292,1.5997386687332922
LOCAL SERVICE@C5141,1,1,0,0.0,False,0.1599738668733292,1.5997386687332922
LOCAL SERVICE@C5220,1,1,0,0.0,False,0.1599738668733292,1.5997386687332922
LOCAL SERVICE@C5853,1,1,0,0.0,False,0.1599738668733292,1.5997386687332922
NETWORK SERVICE@C1808,1,1,0,0.0,False,0.1599738668733292,1.5997386687332922
NETWORK SERVICE@C1878,1,1,0,0.0,False,0.1599738668733292,1.5997386687332922
NETWORK SERVICE@C1969,1,1,0,0.0,False,0.1599738668733292,1.5997386687332922
C249$@DOM1,1,1,0,0.0,False,0.1599738668733292,1.5997386687332922
C2503$@DOM1,1,1,0,0.0,False,0.1599738668733292,1.5997386687332922
C471$@DOM1,1,1,0,0.0,False,0.1599738668733292,1.5997386687332922
C474$@DOM1,1,1,0,0.0,False,0.1599738668733292,1.5997386687332922
C475$@DOM1,1,1,0,0.0,False,0.1599738668733292,1.5997386687332922
U1841@DOM1,1,1,0,0.0,False,0.1599738668733292,1.5997386687332922
U1846@DOM1,1,1,0,0.0,False,0.1599738668733292,1.5997386687332922
C255$@DOM1,1,1,0,0.0,False,0.1599738668733292,1.5997386687332922
C2504$@DOM1,1,1,0,0.0,False,0.1599738668733292,1.5997386687332922
C2507$@DOM1,1,1,0,0.0,False,0.1599738668733292,1.5997386687332922
C251$@DOM1,1,1,0,0.0,False,0.1599738668733292,1.5997386687332922
C2526$@DOM1,1,1,0,0.0,False,0.1599738668733292,1.5997386687332922
LOCAL SERVICE@C3670,1,1,0,0.0,False,0.1599738668733292,1.5997386687332922
LOCAL SERVICE@C4031,1,1,0,0.0,False,0.1599738668733292,1.5997386687332922
LOCAL SERVICE@C4271,1,1,0,0.0,False,0.1599738668733292,1.5997386687332922
LOCAL SERVICE@C4388,1,1,0,0.0,False,0.1599738668733292,1.5997386687332922
LOCAL SERVICE@C4448,1,1,0,0.0,False,0.1599738668733292,1.5997386687332922
LOCAL SERVICE@C4466,1,1,0,0.0,False,0.1599738668733292,1.5997386687332922
C166$@DOM1,1,1,0,0.0,False,0.1599738668733292,1.5997386687332922
C738$@DOM1,1,1,0,0.0,False,0.1599738668733292,1.5997386687332922
C74$@DOM1,1,1,0,0.0,False,0.1599738668733292,1.5997386687332922
C741$@DOM1,1,1,0,0.0,False,0.1599738668733292,1.5997386687332922
C745$@DOM1,1,1,0,0.0,False,0.1599738668733292,1.5997386687332922
C746$@DOM1,1,1,0,0.0,False,0.1599738668733292,1.5997386687332922
C1416$@DOM1,1,1,0,0.0,False,0.1599738668733292,1.5997386687332922
C1418$@DOM1,1,1,0,0.0,False,0.1599738668733292,1.5997386687332922
C1423$@DOM1,1,1,0,0.0,False,0.1599738668733292,1.5997386687332922
C1425$@DOM1,1,1,0,0.0,False,0.1599738668733292,1.5997386687332922
C2536$@DOM1,1,1,0,0.0,False,0.1599738668733292,1.5997386687332922
C2537$@DOM1,1,1,0,0.0,False,0.1599738668733292,1.5997386687332922
C254$@DOM1,1,1,0,0.0,False,0.1599738668733292,1.5997386687332922
C4523$@DOM1,1,1,0,0.0,False,0.1599738668733292,1.5997386687332922
C4525$@DOM1,1,1,0,0.0,False,0.1599738668733292,1.5997386687332922
C1023$@DOM1,1,1,0,0.0,False,0.1599738668733292,1.5997386687332922
C1024$@DOM1,1,1,0,0.0,False,0.1599738668733292,1.5997386687332922
C1027$@DOM1,1,1,0,0.0,False,0.1599738668733292,1.5997386687332922
C1028$@DOM1,1,1,0,0.0,False,0.1599738668733292,1.5997386687332922
C1011$@DOM1,1,1,0,0.0,False,0.1599738668733292,1.5997386687332922
C4487$@DOM1,1,1,0,0.0,False,0.1599738668733292,1.5997386687332922
C449$@DOM1,1,1,0,0.0,False,0.1599738668733292,1.5997386687332922
C4495$@DOM1,1,1,0,0.0,False,0.1599738668733292,1.5997386687332922
C4499$@DOM1,1,1,0,0.0,False,0.1599738668733292,1.5997386687332922
C450$@DOM1,1,1,0,0.0,False,0.1599738668733292,1.5997386687332922
C4501$@DOM1,1,1,0,0.0,False,0.1599738668733292,1.5997386687332922
C2596$@DOM1,1,1,0,0.0,False,0.1599738668733292,1.5997386687332922
C260$@DOM1,1,1,0,0.0,False,0.1599738668733292,1.5997386687332922
C2556$@DOM1,1,1,0,0.0,False,0.1599738668733292,1.5997386687332922
C256$@DOM1,1,1,0,0.0,False,0.1599738668733292,1.5997386687332922
C2564$@DOM1,1,1,0,0.0,False,0.1599738668733292,1.5997386687332922
C257$@DOM1,1,1,0,0.0,False,0.1599738668733292,1.5997386687332922
C2578$@DOM1,1,1,0,0.0,False,0.1599738668733292,1.5997386687332922
C4503$@DOM1,1,1,0,0.0,False,0.1599738668733292,1.5997386687332922
C1574$@DOM1,1,1,0,0.0,False,0.1599738668733292,1.5997386687332922
C1575$@DOM1,1,1,0,0.0,False,0.1599738668733292,1.5997386687332922
C1545$@DOM1,1,1,0,0.0,False,0.1599738668733292,1.5997386687332922
C1550$@DOM1,1,1,0,0.0,False,0.1599738668733292,1.5997386687332922
C1552$@DOM1,1,1,0,0.0,False,0.1599738668733292,1.5997386687332922
NETWORK SERVICE@C4515,1,1,0,0.0,False,0.1599738668733292,1.5997386687332922
NETWORK SERVICE@C4563,1,1,0,0.0,False,0.1599738668733292,1.5997386687332922
NETWORK SERVICE@C4585,1,1,0,0.0,False,0.1599738668733292,1.5997386687332922
NETWORK SERVICE@C4589,1,1,0,0.0,False,0.1599738668733292,1.5997386687332922
NETWORK SERVICE@C4618,1,1,0,0.0,False,0.1599738668733292,1.5997386687332922
C262$@DOM1,1,1,0,0.0,False,0.1599738668733292,1.5997386687332922
C2623$@DOM1,1,1,0,0.0,False,0.1599738668733292,1.5997386687332922
C2633$@DOM1,1,1,0,0.0,False,0.1599738668733292,1.5997386687332922
C4476$@DOM1,1,1,0,0.0,False,0.1599738668733292,1.5997386687332922
C75$@DOM1,1,1,0,0.0,False,0.1599738668733292,1.5997386687332922
C760$@DOM1,1,1,0,0.0,False,0.1599738668733292,1.5997386687332922
C4425$@DOM1,1,1,0,0.0,False,0.1599738668733292,1.5997386687332922
C1693$@DOM1,1,1,0,0.0,False,0.1599738668733292,1.5997386687332922
C1660$@DOM1,1,1,0,0.0,False,0.1599738668733292,1.5997386687332922
C157$@DOM1,1,1,0,0.0,False,0.1599738668733292,1.5997386687332922
C1571$@DOM1,1,1,0,0.0,False,0.1599738668733292,1.5997386687332922
C141$@DOM1,1,1,0,0.0,False,0.1599738668733292,1.5997386687332922
C1411$@DOM1,1,1,0,0.0,False,0.1599738668733292,1.5997386687332922
C2643$@DOM1,1,1,0,0.0,False,0.1599738668733292,1.5997386687332922
C2648$@DOM1,1,1,0,0.0,False,0.1599738668733292,1.5997386687332922
C204$@DOM1,1,1,0,0.0,False,0.1599738668733292,1.5997386687332922
C2044$@DOM1,1,1,0,0.0,False,0.1599738668733292,1.5997386687332922
C2047$@DOM1,1,1,0,0.0,False,0.1599738668733292,1.5997386687332922
NETWORK SERVICE@C4388,1,1,0,0.0,False,0.1599738668733292,1.5997386687332922
NETWORK SERVICE@C4448,1,1,0,0.0,False,0.1599738668733292,1.5997386687332922
NETWORK SERVICE@C4493,1,1,0,0.0,False,0.1599738668733292,1.5997386687332922
C434$@DOM1,1,1,0,0.0,False,0.1599738668733292,1.5997386687332922
C4352$@DOM1,1,1,0,0.0,False,0.1599738668733292,1.5997386687332922
U69@C1679,1,1,0,0.0,False,0.1599738668733292,1.5997386687332922
U724@DOM1,1,1,0,0.0,False,0.1599738668733292,1.5997386687332922
U725@DOM1,1,1,0,0.0,False,0.1599738668733292,1.5997386687332922
U728@DOM1,1,1,0,0.0,False,0.1599738668733292,1.5997386687332922
C1018$@DOM1,1,1,0,0.0,False,0.1599738668733292,1.5997386687332922
LOCAL SERVICE@C3374,1,1,0,0.0,False,0.1599738668733292,1.5997386687332922
LOCAL SERVICE@C3504,1,1,0,0.0,False,0.1599738668733292,1.5997386687332922
C1428$@DOM1,1,1,0,0.0,False,0.1599738668733292,1.5997386687332922
C1404$@DOM1,1,1,0,0.0,False,0.1599738668733292,1.5997386687332922
C1406$@DOM1,1,1,0,0.0,False,0.1599738668733292,1.5997386687332922
C1407$@DOM1,1,1,0,0.0,False,0.1599738668733292,1.5997386687332922
C1409$@DOM1,1,1,0,0.0,False,0.1599738668733292,1.5997386687332922
C1538$@DOM1,1,1,0,0.0,False,0.1599738668733292,1.5997386687332922
C1539$@DOM1,1,1,0,0.0,False,0.1599738668733292,1.5997386687332922
C154$@DOM1,1,1,0,0.0,False,0.1599738668733292,1.5997386687332922
C1540$@DOM1,1,1,0,0.0,False,0.1599738668733292,1.5997386687332922
C1542$@DOM1,1,1,0,0.0,False,0.1599738668733292,1.5997386687332922
C766$@DOM1,1,1,0,0.0,False,0.1599738668733292,1.5997386687332922
C77$@DOM1,1,1,0,0.0,False,0.1599738668733292,1.5997386687332922
C770$@DOM1,1,1,0,0.0,False,0.1599738668733292,1.5997386687332922
C773$@DOM1,1,1,0,0.0,False,0.1599738668733292,1.5997386687332922
C778$@DOM1,1,1,0,0.0,False,0.1599738668733292,1.5997386687332922
C2661$@DOM1,1,1,0,0.0,False,0.1599738668733292,1.5997386687332922
C2670$@DOM1,1,1,0,0.0,False,0.1599738668733292,1.5997386687332922
LOCAL SERVICE@C1864,1,1,0,0.0,False,0.1599738668733292,1.5997386687332922
LOCAL SERVICE@C2029,1,1,0,0.0,False,0.1599738668733292,1.5997386687332922
LOCAL SERVICE@C2288,1,1,0,0.0,False,0.1599738668733292,1.5997386687332922
LOCAL SERVICE@C2708,1,1,0,0.0,False,0.1599738668733292,1.5997386687332922
LOCAL SERVICE@C2716,1,1,0,0.0,False,0.1599738668733292,1.5997386687332922
LOCAL SERVICE@C2893,1,1,0,0.0,False,0.1599738668733292,1.5997386687332922
LOCAL SERVICE@C3103,1,1,0,0.0,False,0.1599738668733292,1.5997386687332922
C1054$@DOM1,1,1,0,0.0,False,0.1599738668733292,1.5997386687332922
C1055$@DOM1,1,1,0,0.0,False,0.1599738668733292,1.5997386687332922
C106$@DOM1,1,1,0,0.0,False,0.1599738668733292,1.5997386687332922
C1064$@DOM1,1,1,0,0.0,False,0.1599738668733292,1.5997386687332922
C1040$@DOM1,1,1,0,0.0,False,0.1599738668733292,1.5997386687332922
C431$@DOM1,1,1,0,0.0,False,0.1599738668733292,1.5997386687332922
C1390$@DOM1,1,1,0,0.0,False,0.1599738668733292,1.5997386687332922
C1392$@DOM1,1,1,0,0.0,False,0.1599738668733292,1.5997386687332922
C1395$@DOM1,1,1,0,0.0,False,0.1599738668733292,1.5997386687332922
C427$@DOM1,1,1,0,0.0,False,0.1599738668733292,1.5997386687332922
C4192$@DOM1,1,1,0,0.0,False,0.1599738668733292,1.5997386687332922
C1079$@DOM1,1,1,0,0.0,False,0.1599738668733292,1.5997386687332922
U637@DOM1,1,1,0,0.0,False,0.1599738668733292,1.5997386687332922
U64@C1666,1,1,0,0.0,False,0.1599738668733292,1.5997386687332922
U683@C2032,1,1,0,0.0,False,0.1599738668733292,1.5997386687332922
C1049$@DOM1,1,1,0,0.0,False,0.1599738668733292,1.5997386687332922
C1051$@DOM1,1,1,0,0.0,False,0.1599738668733292,1.5997386687332922
C1052$@DOM1,1,1,0,0.0,False,0.1599738668733292,1.5997386687332922
C421$@DOM1,1,1,0,0.0,False,0.1599738668733292,1.5997386687332922
C780$@DOM1,1,1,0,0.0,False,0.1599738668733292,1.5997386687332922
C781$@DOM1,1,1,0,0.0,False,0.1599738668733292,1.5997386687332922
C786$@DOM1,1,1,0,0.0,False,0.1599738668733292,1.5997386687332922
C787$@DOM1,1,1,0,0.0,False,0.1599738668733292,1.5997386687332922
C2701$@DOM1,1,1,0,0.0,False,0.1599738668733292,1.5997386687332922
C1412$@DOM1,1,1,0,0.0,False,0.1599738668733292,1.5997386687332922
C1415$@DOM1,1,1,0,0.0,False,0.1599738668733292,1.5997386687332922
C1389$@DOM1,1,1,0,0.0,False,0.1599738668733292,1.5997386687332922
C139$@DOM1,1,1,0,0.0,False,0.1599738668733292,1.5997386687332922
C789$@DOM1,1,1,0,0.0,False,0.1599738668733292,1.5997386687332922
C790$@DOM1,1,1,0,0.0,False,0.1599738668733292,1.5997386687332922
C1097$@DOM1,1,1,0,0.0,False,0.1599738668733292,1.5997386687332922
C107$@DOM1,1,1,0,0.0,False,0.1599738668733292,1.5997386687332922
C1072$@DOM1,1,1,0,0.0,False,0.1599738668733292,1.5997386687332922
C1078$@DOM1,1,1,0,0.0,False,0.1599738668733292,1.5997386687332922
C418$@DOM1,1,1,0,0.0,False,0.1599738668733292,1.5997386687332922
C413$@DOM1,1,1,0,0.0,False,0.1599738668733292,1.5997386687332922
C410$@DOM1,1,1,0,0.0,False,0.1599738668733292,1.5997386687332922
C201$@DOM1,1,1,0,0.0,False,0.1599738668733292,1.5997386687332922
C2011$@DOM1,1,1,0,0.0,False,0.1599738668733292,1.5997386687332922
C2016$@DOM1,1,1,0,0.0,False,0.1599738668733292,1.5997386687332922
C2758$@DOM1,1,1,0,0.0,False,0.1599738668733292,1.5997386687332922
C273$@DOM1,1,1,0,0.0,False,0.1599738668733292,1.5997386687332922
C412$@DOM1,1,1,0,0.0,False,0.1599738668733292,1.5997386687332922
U1702@DOM1,1,1,0,0.0,False,0.1599738668733292,1.5997386687332922
U1718@?,1,1,0,0.0,False,0.1599738668733292,1.5997386687332922
C1560$@DOM1,1,1,0,0.0,False,0.1599738668733292,1.5997386687332922
C408$@DOM1,1,1,0,0.0,False,0.1599738668733292,1.5997386687332922
C4096$@DOM1,1,1,0,0.0,False,0.1599738668733292,1.5997386687332922
C1113$@DOM1,1,1,0,0.0,False,0.1599738668733292,1.5997386687332922
U616@DOM1,1,1,0,0.0,False,0.1599738668733292,1.5997386687332922
U620@DOM1,1,1,0,0.0,False,0.1599738668733292,1.5997386687332922
C1087$@DOM1,1,1,0,0.0,False,0.1599738668733292,1.5997386687332922
C275$@DOM1,1,1,0,0.0,False,0.1599738668733292,1.5997386687332922
C2751$@DOM1,1,1,0,0.0,False,0.1599738668733292,1.5997386687332922
NETWORK SERVICE@C4798,1,1,0,0.0,False,0.1599738668733292,1.5997386687332922
NETWORK SERVICE@C4835,1,1,0,0.0,False,0.1599738668733292,1.5997386687332922
NETWORK SERVICE@C4837,1,1,0,0.0,False,0.1599738668733292,1.5997386687332922
NETWORK SERVICE@C4891,1,1,0,0.0,False,0.1599738668733292,1.5997386687332922
NETWORK SERVICE@C4893,1,1,0,0.0,False,0.1599738668733292,1.5997386687332922
NETWORK SERVICE@C4992,1,1,0,0.0,False,0.1599738668733292,1.5997386687332922
NETWORK SERVICE@C5010,1,1,0,0.0,False,0.1599738668733292,1.5997386687332922
NETWORK SERVICE@C5084,1,1,0,0.0,False,0.1599738668733292,1.5997386687332922
C200$@DOM1,1,1,0,0.0,False,0.1599738668733292,1.5997386687332922
C406$@DOM1,1,1,0,0.0,False,0.1599738668733292,1.5997386687332922
C800$@DOM1,1,1,0,0.0,False,0.1599738668733292,1.5997386687332922
C803$@DOM1,1,1,0,0.0,False,0.1599738668733292,1.5997386687332922
C804$@DOM1,1,1,0,0.0,False,0.1599738668733292,1.5997386687332922
C81$@DOM1,1,1,0,0.0,False,0.1599738668733292,1.5997386687332922
C993$@DOM1,1,1,0,0.0,False,0.1599738668733292,1.5997386687332922
C999$@DOM1,1,1,0,0.0,False,0.1599738668733292,1.5997386687332922
LOCAL SERVICE@C1808,1,1,0,0.0,False,0.1599738668733292,1.5997386687332922
C278$@DOM1,1,1,0,0.0,False,0.1599738668733292,1.5997386687332922
C2782$@DOM1,1,1,0,0.0,False,0.1599738668733292,1.5997386687332922
C1128$@DOM1,1,1,0,0.0,False,0.1599738668733292,1.5997386687332922
C1129$@DOM1,1,1,0,0.0,False,0.1599738668733292,1.5997386687332922
C110$@DOM1,1,1,0,0.0,False,0.1599738668733292,1.5997386687332922
C1101$@DOM1,1,1,0,0.0,False,0.1599738668733292,1.5997386687332922
U1540@C3740,1,1,0,0.0,False,0.1599738668733292,1.5997386687332922
C1104$@DOM1,1,1,0,0.0,False,0.1599738668733292,1.5997386687332922
C1107$@DOM1,1,1,0,0.0,False,0.1599738668733292,1.5997386687332922
C111$@DOM1,1,1,0,0.0,False,0.1599738668733292,1.5997386687332922
C1112$@DOM1,1,1,0,0.0,False,0.1599738668733292,1.5997386687332922
C4$@DOM1,1,1,0,0.0,False,0.1599738668733292,1.5997386687332922
C4007$@DOM1,1,1,0,0.0,False,0.1599738668733292,1.5997386687332922
C1374$@DOM1,1,1,0,0.0,False,0.1599738668733292,1.5997386687332922
C1377$@DOM1,1,1,0,0.0,False,0.1599738668733292,1.5997386687332922
C1378$@DOM1,1,1,0,0.0,False,0.1599738668733292,1.5997386687332922
C2819$@DOM1,1,1,0,0.0,False,0.1599738668733292,1.5997386687332922
C3976$@DOM8,1,1,0,0.0,False,0.1599738668733292,1.5997386687332922
C813$@DOM1,1,1,0,0.0,False,0.1599738668733292,1.5997386687332922
C1138$@DOM1,1,1,0,0.0,False,0.1599738668733292,1.5997386687332922
C1140$@DOM1,1,1,0,0.0,False,0.1599738668733292,1.5997386687332922
C1142$@DOM1,1,1,0,0.0,False,0.1599738668733292,1.5997386687332922
C1149$@DOM1,1,1,0,0.0,False,0.1599738668733292,1.5997386687332922
C1118$@DOM1,1,1,0,0.0,False,0.1599738668733292,1.5997386687332922
C1119$@DOM1,1,1,0,0.0,False,0.1599738668733292,1.5997386687332922
C1120$@DOM1,1,1,0,0.0,False,0.1599738668733292,1.5997386687332922
C82$@DOM1,1,1,0,0.0,False,0.1599738668733292,1.5997386687332922
C823$@DOM1,1,1,0,0.0,False,0.1599738668733292,1.5997386687332922
C1772$@DOM1,1,1,0,0.0,False,0.1599738668733292,1.5997386687332922
C2827$@DOM1,1,1,0,0.0,False,0.1599738668733292,1.5997386687332922
C140$@DOM1,1,1,0,0.0,False,0.1599738668733292,1.5997386687332922
U358@C466,1,1,0,0.0,False,0.1599738668733292,1.5997386687332922
U359@DOM1,1,1,0,0.0,False,0.1599738668733292,1.5997386687332922
C827$@DOM1,1,1,0,0.0,False,0.1599738668733292,1.5997386687332922
C3960$@DOM1,1,1,0,0.0,False,0.1599738668733292,1.5997386687332922
C1161$@DOM1,1,1,0,0.0,False,0.1599738668733292,1.5997386687332922
U591@DOM10,1,1,0,0.0,False,0.1599738668733292,1.5997386687332922
C1132$@DOM1,1,1,0,0.0,False,0.1599738668733292,1.5997386687332922
C1133$@DOM1,1,1,0,0.0,False,0.1599738668733292,1.5997386687332922
C388$@DOM1,1,1,0,0.0,False,0.1599738668733292,1.5997386687332922
U266@DOM1,1,1,0,0.0,False,0.1599738668733292,1.5997386687332922
U286@DOM1,1,1,0,0.0,False,0.1599738668733292,1.5997386687332922
C1517$@DOM1,1,1,0,0.0,False,0.1599738668733292,1.5997386687332922
C389$@DOM1,1,1,0,0.0,False,0.1599738668733292,1.5997386687332922
C3893$@DOM1,1,1,0,0.0,False,0.1599738668733292,1.5997386687332922
C3854$@DOM1,1,1,0,0.0,False,0.1599738668733292,1.5997386687332922
C3859$@DOM1,1,1,0,0.0,False,0.1599738668733292,1.5997386687332922
C386$@DOM1,1,1,0,0.0,False,0.1599738668733292,1.5997386687332922
C3862$@DOM1,1,1,0,0.0,False,0.1599738668733292,1.5997386687332922
C3865$@DOM1,1,1,0,0.0,False,0.1599738668733292,1.5997386687332922
C1358$@DOM1,1,1,0,0.0,False,0.1599738668733292,1.5997386687332922
C1359$@DOM1,1,1,0,0.0,False,0.1599738668733292,1.5997386687332922
C1361$@DOM1,1,1,0,0.0,False,0.1599738668733292,1.5997386687332922
C1364$@DOM1,1,1,0,0.0,False,0.1599738668733292,1.5997386687332922
C285$@DOM1,1,1,0,0.0,False,0.1599738668733292,1.5997386687332922
C2851$@DOM1,1,1,0,0.0,False,0.1599738668733292,1.5997386687332922
C2870$@DOM1,1,1,0,0.0,False,0.1599738668733292,1.5997386687332922
C3827$@DOM1,1,1,0,0.0,False,0.1599738668733292,1.5997386687332922
C383$@DOM1,1,1,0,0.0,False,0.1599738668733292,1.5997386687332922
C3844$@DOM1,1,1,0,0.0,False,0.1599738668733292,1.5997386687332922
C1184$@DOM1,1,1,0,0.0,False,0.1599738668733292,1.5997386687332922
U490@DOM1,1,1,0,0.0,False,0.1599738668733292,1.5997386687332922
C1356$@DOM1,1,1,0,0.0,False,0.1599738668733292,1.5997386687332922
U305@DOM1,1,1,0,0.0,False,0.1599738668733292,1.5997386687332922
U307@DOM1,1,1,0,0.0,False,0.1599738668733292,1.5997386687332922
C1482$@DOM1,1,1,0,0.0,False,0.1599738668733292,1.5997386687332922
C1488$@DOM1,1,1,0,0.0,False,0.1599738668733292,1.5997386687332922
C2024$@DOM1,1,1,0,0.0,False,0.1599738668733292,1.5997386687332922
C203$@DOM1,1,1,0,0.0,False,0.1599738668733292,1.5997386687332922
C1153$@DOM1,1,1,0,0.0,False,0.1599738668733292,1.5997386687332922
C839$@DOM1,1,1,0,0.0,False,0.1599738668733292,1.5997386687332922
C840$@DOM1,1,1,0,0.0,False,0.1599738668733292,1.5997386687332922
C1198$@DOM1,1,1,0,0.0,False,0.1599738668733292,1.5997386687332922
C1199$@DOM1,1,1,0,0.0,False,0.1599738668733292,1.5997386687332922
C1172$@DOM1,1,1,0,0.0,False,0.1599738668733292,1.5997386687332922
C1177$@DOM1,1,1,0,0.0,False,0.1599738668733292,1.5997386687332922
C1179$@DOM1,1,1,0,0.0,False,0.1599738668733292,1.5997386687332922
C982$@DOM1,1,1,0,0.0,False,0.1599738668733292,1.5997386687332922
C984$@DOM1,1,1,0,0.0,False,0.1599738668733292,1.5997386687332922
C2914$@DOM1,1,1,0,0.0,False,0.1599738668733292,1.5997386687332922
C138$@DOM1,1,1,0,0.0,False,0.1599738668733292,1.5997386687332922
C1180$@DOM1,1,1,0,0.0,False,0.1599738668733292,1.5997386687332922
C3784$@DOM1,1,1,0,0.0,False,0.1599738668733292,1.5997386687332922
C379$@DOM1,1,1,0,0.0,False,0.1599738668733292,1.5997386687332922
C3738$@DOM1,1,1,0,0.0,False,0.1599738668733292,1.5997386687332922
C3745$@DOM1,1,1,0,0.0,False,0.1599738668733292,1.5997386687332922
C180$@DOM1,1,1,0,0.0,False,0.1599738668733292,1.5997386687332922
C1800$@DOM1,1,1,0,0.0,False,0.1599738668733292,1.5997386687332922
U25@DOM3,1,1,0,0.0,False,0.1599738668733292,1.5997386687332922
C3760$@DOM1,1,1,0,0.0,False,0.1599738668733292,1.5997386687332922
C3762$@DOM1,1,1,0,0.0,False,0.1599738668733292,1.5997386687332922
C1214$@DOM1,1,1,0,0.0,False,0.1599738668733292,1.5997386687332922
U445@DOM1,1,1,0,0.0,False,0.1599738668733292,1.5997386687332922
C1348$@DOM1,1,1,0,0.0,False,0.1599738668733292,1.5997386687332922
C2935$@DOM1,1,1,0,0.0,False,0.1599738668733292,1.5997386687332922
C2938$@DOM1,1,1,0,0.0,False,0.1599738668733292,1.5997386687332922
C2940$@DOM1,1,1,0,0.0,False,0.1599738668733292,1.5997386687332922
C295$@DOM1,1,1,0,0.0,False,0.1599738668733292,1.5997386687332922
C971$@DOM1,1,1,0,0.0,False,0.1599738668733292,1.5997386687332922
U481@DOM1,1,1,0,0.0,False,0.1599738668733292,1.5997386687332922
C1188$@DOM1,1,1,0,0.0,False,0.1599738668733292,1.5997386687332922
C1190$@DOM1,1,1,0,0.0,False,0.1599738668733292,1.5997386687332922
C368$@DOM1,1,1,0,0.0,False,0.1599738668733292,1.5997386687332922
C37$@DOM1,1,1,0,0.0,False,0.1599738668733292,1.5997386687332922
C371$@DOM1,1,1,0,0.0,False,0.1599738668733292,1.5997386687332922
C843$@DOM1,1,1,0,0.0,False,0.1599738668733292,1.5997386687332922
C848$@DOM1,1,1,0,0.0,False,0.1599738668733292,1.5997386687332922
C852$@DOM1,1,1,0,0.0,False,0.1599738668733292,1.5997386687332922
C853$@DOM1,1,1,0,0.0,False,0.1599738668733292,1.5997386687332922
C3659$@DOM1,1,1,0,0.0,False,0.1599738668733292,1.5997386687332922
C3668$@DOM1,1,1,0,0.0,False,0.1599738668733292,1.5997386687332922
C296$@DOM1,1,1,0,0.0,False,0.1599738668733292,1.5997386687332922
C297$@DOM1,1,1,0,0.0,False,0.1599738668733292,1.5997386687332922
C1341$@DOM1,1,1,0,0.0,False,0.1599738668733292,1.5997386687332922
C363$@DOM1,1,1,0,0.0,False,0.1599738668733292,1.5997386687332922
C3634$@DOM1,1,1,0,0.0,False,0.1599738668733292,1.5997386687332922
C1227$@DOM1,1,1,0,0.0,False,0.1599738668733292,1.5997386687332922
C1229$@DOM1,1,1,0,0.0,False,0.1599738668733292,1.5997386687332922
U12154@DOM9,1,1,0,0.0,False,0.1599738668733292,1.5997386687332922
C1814$@DOM1,1,1,0,0.0,False,0.1599738668733292,1.5997386687332922
C12$@DOM1,1,1,0,0.0,False,0.1599738668733292,1.5997386687332922
C121$@DOM1,1,1,0,0.0,False,0.1599738668733292,1.5997386687332922
C1211$@DOM1,1,1,0,0.0,False,0.1599738668733292,1.5997386687332922
C1212$@DOM1,1,1,0,0.0,False,0.1599738668733292,1.5997386687332922
C364$@DOM1,1,1,0,0.0,False,0.1599738668733292,1.5997386687332922
C955$@DOM1,1,1,0,0.0,False,0.1599738668733292,1.5997386687332922
C959$@DOM1,1,1,0,0.0,False,0.1599738668733292,1.5997386687332922
C963$@DOM1,1,1,0,0.0,False,0.1599738668733292,1.5997386687332922
C964$@DOM1,1,1,0,0.0,False,0.1599738668733292,1.5997386687332922
C968$@DOM1,1,1,0,0.0,False,0.1599738668733292,1.5997386687332922
C969$@DOM1,1,1,0,0.0,False,0.1599738668733292,1.5997386687332922
C299$@DOM1,1,1,0,0.0,False,0.1599738668733292,1.5997386687332922
C859$@DOM1,1,1,0,0.0,False,0.1599738668733292,1.5997386687332922
C863$@DOM1,1,1,0,0.0,False,0.1599738668733292,1.5997386687332922
C864$@DOM1,1,1,0,0.0,False,0.1599738668733292,1.5997386687332922
C865$@DOM1,1,1,0,0.0,False,0.1599738668733292,1.5997386687332922
C868$@DOM1,1,1,0,0.0,False,0.1599738668733292,1.5997386687332922
C869$@DOM1,1,1,0,0.0,False,0.1599738668733292,1.5997386687332922
C361$@DOM1,1,1,0,0.0,False,0.1599738668733292,1.5997386687332922
C3611$@DOM1,1,1,0,0.0,False,0.1599738668733292,1.5997386687332922
NETWORK SERVICE@C5190,1,1,0,0.0,False,0.1599738668733292,1.5997386687332922
NETWORK SERVICE@C5220,1,1,0,0.0,False,0.1599738668733292,1.5997386687332922
NETWORK SERVICE@C5483,1,1,0,0.0,False,0.1599738668733292,1.5997386687332922
NETWORK SERVICE@C5502,1,1,0,0.0,False,0.1599738668733292,1.5997386687332922
NETWORK SERVICE@C5853,1,1,0,0.0,False,0.1599738668733292,1.5997386687332922
C1328$@DOM1,1,1,0,0.0,False,0.1599738668733292,1.5997386687332922
C1330$@DOM1,1,1,0,0.0,False,0.1599738668733292,1.5997386687332922
C1335$@DOM1,1,1,0,0.0,False,0.1599738668733292,1.5997386687332922
C301$@DOM1,1,1,0,0.0,False,0.1599738668733292,1.5997386687332922
C3572$@DOM1,1,1,0,0.0,False,0.1599738668733292,1.5997386687332922
C879$@DOM1,1,1,0,0.0,False,0.1599738668733292,1.5997386687332922
C880$@DOM1,1,1,0,0.0,False,0.1599738668733292,1.5997386687332922
C886$@DOM1,1,1,0,0.0,False,0.1599738668733292,1.5997386687332922
C355$@DOM1,1,1,0,0.0,False,0.1599738668733292,1.5997386687332922
C3558$@DOM1,1,1,0,0.0,False,0.1599738668733292,1.5997386687332922
C3535$@DOM1,1,1,0,0.0,False,0.1599738668733292,1.5997386687332922
C1239$@DOM1,1,1,0,0.0,False,0.1599738668733292,1.5997386687332922
C1242$@DOM1,1,1,0,0.0,False,0.1599738668733292,1.5997386687332922
C1225$@DOM1,1,1,0,0.0,False,0.1599738668733292,1.5997386687332922
C3546$@DOM1,1,1,0,0.0,False,0.1599738668733292,1.5997386687332922
C1350$@DOM1,1,1,0,0.0,False,0.1599738668733292,1.5997386687332922
C2$@DOM1,1,1,0,0.0,False,0.1599738668733292,1.5997386687332922
NETWORK SERVICE@C5115,1,1,0,0.0,False,0.1599738668733292,1.5997386687332922
NETWORK SERVICE@C5139,1,1,0,0.0,False,0.1599738668733292,1.5997386687332922
NETWORK SERVICE@C5141,1,1,0,0.0,False,0.1599738668733292,1.5997386687332922
NETWORK SERVICE@C5181,1,1,0,0.0,False,0.1599738668733292,1.5997386687332922
C889$@DOM1,1,1,0,0.0,False,0.1599738668733292,1.5997386687332922
C891$@DOM1,1,1,0,0.0,False,0.1599738668733292,1.5997386687332922
C1862$@DOM1,1,1,0,0.0,False,0.1599738668733292,1.5997386687332922
C188$@DOM1,1,1,0,0.0,False,0.1599738668733292,1.5997386687332922
C901$@DOM1,1,1,0,0.0,False,0.1599738668733292,1.5997386687332922
C3509$@DOM1,1,1,0,0.0,False,0.1599738668733292,1.5997386687332922
C347$@DOM1,1,1,0,0.0,False,0.1599738668733292,1.5997386687332922
C1323$@DOM1,1,1,0,0.0,False,0.1599738668733292,1.5997386687332922
C944$@DOM1,1,1,0,0.0,False,0.1599738668733292,1.5997386687332922
C948$@DOM1,1,1,0,0.0,False,0.1599738668733292,1.5997386687332922
C952$@DOM1,1,1,0,0.0,False,0.1599738668733292,1.5997386687332922
C3062$@DOM1,1,1,0,0.0,False,0.1599738668733292,1.5997386687332922
C3483$@DOM1,1,1,0,0.0,False,0.1599738668733292,1.5997386687332922
C3446$@DOM1,1,1,0,0.0,False,0.1599738668733292,1.5997386687332922
C345$@DOM1,1,1,0,0.0,False,0.1599738668733292,1.5997386687332922
C1251$@DOM1,1,1,0,0.0,False,0.1599738668733292,1.5997386687332922
C1253$@DOM1,1,1,0,0.0,False,0.1599738668733292,1.5997386687332922
C1257$@DOM1,1,1,0,0.0,False,0.1599738668733292,1.5997386687332922
C1258$@DOM1,1,1,0,0.0,False,0.1599738668733292,1.5997386687332922
C1233$@DOM1,1,1,0,0.0,False,0.1599738668733292,1.5997386687332922
C342$@DOM1,1,1,0,0.0,False,0.1599738668733292,1.5997386687332922
C3420$@DOM1,1,1,0,0.0,False,0.1599738668733292,1.5997386687332922
C3430$@DOM1,1,1,0,0.0,False,0.1599738668733292,1.5997386687332922
C1339$@DOM1,1,1,0,0.0,False,0.1599738668733292,1.5997386687332922
C1311$@DOM1,1,1,0,0.0,False,0.1599738668733292,1.5997386687332922
C1312$@DOM1,1,1,0,0.0,False,0.1599738668733292,1.5997386687332922
C1313$@DOM1,1,1,0,0.0,False,0.1599738668733292,1.5997386687332922
C3436$@DOM1,1,1,0,0.0,False,0.1599738668733292,1.5997386687332922
C344$@DOM1,1,1,0,0.0,False,0.1599738668733292,1.5997386687332922
C3442$@DOM1,1,1,0,0.0,False,0.1599738668733292,1.5997386687332922
C340$@DOM1,1,1,0,0.0,False,0.1599738668733292,1.5997386687332922
C341$@DOM1,1,1,0,0.0,False,0.1599738668733292,1.5997386687332922
C336$@DOM1,1,1,0,0.0,False,0.1599738668733292,1.5997386687332922
C3387$@DOM1,1,1,0,0.0,False,0.1599738668733292,1.5997386687332922
C3332$@DOM1,1,1,0,0.0,False,0.1599738668733292,1.5997386687332922
C1275$@DOM1,1,1,0,0.0,False,0.1599738668733292,1.5997386687332922
U402@DOM1,1,1,0,0.0,False,0.1599738668733292,1.5997386687332922
C1524$@DOM1,1,1,0,0.0,False,0.1599738668733292,1.5997386687332922
C1499$@DOM1,1,1,0,0.0,False,0.1599738668733292,1.5997386687332922
C15$@DOM1,1,1,0,0.0,False,0.1599738668733292,1.5997386687332922
C1501$@DOM1,1,1,0,0.0,False,0.1599738668733292,1.5997386687332922
C932$@DOM1,1,1,0,0.0,False,0.1599738668733292,1.5997386687332922
C3126$@DOM1,1,1,0,0.0,False,0.1599738668733292,1.5997386687332922
C314$@DOM1,1,1,0,0.0,False,0.1599738668733292,1.5997386687332922
C3143$@DOM1,1,1,0,0.0,False,0.1599738668733292,1.5997386687332922
C31$@DOM1,1,1,0,0.0,False,0.1599738668733292,1.5997386687332922
U422@DOM1,1,1,0,0.0,False,0.1599738668733292,1.5997386687332922
U43@DOM1,1,1,0,0.0,False,0.1599738668733292,1.5997386687332922
C3312$@DOM1,1,1,0,0.0,False,0.1599738668733292,1.5997386687332922
C3318$@DOM1,1,1,0,0.0,False,0.1599738668733292,1.5997386687332922
C3319$@DOM1,1,1,0,0.0,False,0.1599738668733292,1.5997386687332922
C902$@DOM1,1,1,0,0.0,False,0.1599738668733292,1.5997386687332922
C192$@DOM1,1,1,0,0.0,False,0.1599738668733292,1.5997386687332922
C152$@DOM1,1,1,0,0.0,False,0.1599738668733292,1.5997386687332922
C922$@DOM1,1,1,0,0.0,False,0.1599738668733292,1.5997386687332922
C928$@DOM1,1,1,0,0.0,False,0.1599738668733292,1.5997386687332922
C929$@DOM1,1,1,0,0.0,False,0.1599738668733292,1.5997386687332922
C931$@DOM1,1,1,0,0.0,False,0.1599738668733292,1.5997386687332922
SYSTEM@C1599,1,1,0,0.0,False,0.1599738668733292,1.5997386687332922
SYSTEM@C1641,1,1,0,0.0,False,0.1599738668733292,1.5997386687332922
SYSTEM@C185,1,1,0,0.0,False,0.1599738668733292,1.5997386687332922
SYSTEM@C310,1,1,0,0.0,False,0.1599738668733292,1.5997386687332922
SYSTEM@C395,1,1,0,0.0,False,0.1599738668733292,1.5997386687332922
C196$@DOM1,1,1,0,0.0,False,0.1599738668733292,1.5997386687332922
C1520$@DOM1,1,1,0,0.0,False,0.1599738668733292,1.5997386687332922
C911$@DOM1,1,1,0,0.0,False,0.1599738668733292,1.5997386687332922
C912$@DOM1,1,1,0,0.0,False,0.1599738668733292,1.5997386687332922
C913$@DOM1,1,1,0,0.0,False,0.1599738668733292,1.5997386687332922
C915$@DOM1,1,1,0,0.0,False,0.1599738668733292,1.5997386687332922
C329$@DOM1,1,1,0,0.0,False,0.1599738668733292,1.5997386687332922
C3297$@DOM1,1,1,0,0.0,False,0.1599738668733292,1.5997386687332922
C1289$@DOM1,1,1,0,0.0,False,0.1599738668733292,1.5997386687332922
C1292$@DOM1,1,1,0,0.0,False,0.1599738668733292,1.5997386687332922
C1293$@DOM1,1,1,0,0.0,False,0.1599738668733292,1.5997386687332922
C1260$@DOM1,1,1,0,0.0,False,0.1599738668733292,1.5997386687332922
C3170$@DOM1,1,1,0,0.0,False,0.1599738668733292,1.5997386687332922
U377@DOM1,1,1,0,0.0,False,0.1599738668733292,1.5997386687332922
U388@DOM1,1,1,0,0.0,False,0.1599738668733292,1.5997386687332922
U395@DOM1,1,1,0,0.0,False,0.1599738668733292,1.5997386687332922
U39@DOM1,1,1,0,0.0,False,0.1599738668733292,1.5997386687332922
C1298$@DOM1,1,1,0,0.0,False,0.1599738668733292,1.5997386687332922
C1299$@DOM1,1,1,0,0.0,False,0.1599738668733292,1.5997386687332922
C130$@DOM1,1,1,0,0.0,False,0.1599738668733292,1.5997386687332922
C1263$@DOM1,1,1,0,0.0,False,0.1599738668733292,1.5997386687332922
C1266$@DOM1,1,1,0,0.0,False,0.1599738668733292,1.5997386687332922
C127$@DOM1,1,1,0,0.0,False,0.1599738668733292,1.5997386687332922
C1271$@DOM1,1,1,0,0.0,False,0.1599738668733292,1.5997386687332922
C1274$@DOM1,1,1,0,0.0,False,0.1599738668733292,1.5997386687332922
C331$@DOM1,1,1,0,0.0,False,0.1599738668733292,1.5997386687332922
C326$@DOM1,1,1,0,0.0,False,0.1599738668733292,1.5997386687332922
SYSTEM@C793,1,1,0,0.0,False,0.1599738668733292,1.5997386687332922
U10023@C14736,1,1,0,0.0,False,0.1599738668733292,1.5997386687332922
C322$@DOM1,1,1,0,0.0,False,0.1599738668733292,1.5997386687332922
C319$@DOM1,1,1,0,0.0,False,0.1599738668733292,1.5997386687332922
C328$@DOM1,1,1,0,0.0,False,0.1599738668733292,1.5997386687332922
C323$@DOM1,1,1,0,0.0,False,0.1599738668733292,1.5997386687332922
C1303$@DOM1,1,1,0,0.0,False,0.1599738668733292,1.5997386687332922
C1304$@DOM1,1,1,0,0.0,False,0.1599738668733292,1.5997386687332922
C1305$@DOM1,1,1,0,0.0,False,0.1599738668733292,1.5997386687332922
C1276$@DOM1,1,1,0,0.0,False,0.1599738668733292,1.5997386687332922
C1279$@DOM1,1,1,0,0.0,False,0.1599738668733292,1.5997386687332922
C128$@DOM1,1,1,0,0.0,False,0.1599738668733292,1.5997386687332922
C1286$@DOM1,1,1,0,0.0,False,0.1599738668733292,1.5997386687332922
C321$@DOM1,1,1,0,0.0,False,0.1599738668733292,1.5997386687332922
C3210$@DOM1,1,1,0,0.0,False,0.1599738668733292,1.5997386687332922
C1942$@DOM1,1,1,0,0.0,False,0.1599738668733292,1.5997386687332922
C1946$@DOM1,1,1,0,0.0,False,0.1599738668733292,1.5997386687332922
C1951$@DOM1,1,1,0,0.0,False,0.1599738668733292,1.5997386687332922
SYSTEM@C4169,1,1,0,0.0,False,0.1599738668733292,1.5997386687332922
ANONYMOUS LOGON@C1763,1,1,0,0.0,False,0.1599738668733292,1.5997386687332922
ANONYMOUS LOGON@C1628,1,1,0,0.0,False,0.1599738668733292,1.5997386687332922
ANONYMOUS LOGON@C1770,1,1,0,0.0,False,0.1599738668733292,1.5997386687332922
ANONYMOUS LOGON@C1786,1,1,0,0.0,False,0.1599738668733292,1.5997386687332922
ANONYMOUS LOGON@C1928,1,1,0,0.0,False,0.1599738668733292,1.5997386687332922
C662$@DOM1,1,1,0,0.0,False,0.1599738668733292,1.5997386687332922
C652$@DOM1,1,1,0,0.0,False,0.1599738668733292,1.5997386687332922
C622$@DOM1,1,1,0,0.0,False,0.1599738668733292,1.5997386687332922
C2115$@DOM1,1,1,0,0.0,False,0.1599738668733292,1.5997386687332922
C214$@DOM1,1,1,0,0.0,False,0.1599738668733292,1.5997386687332922
NETWORK SERVICE@C4009,1,1,0,0.0,False,0.1599738668733292,1.5997386687332922
NETWORK SERVICE@C4015,1,1,0,0.0,False,0.1599738668733292,1.5997386687332922
C644$@DOM1,1,1,0,0.0,False,0.1599738668733292,1.5997386687332922
C649$@DOM1,1,1,0,0.0,False,0.1599738668733292,1.5997386687332922
C65$@DOM1,1,1,0,0.0,False,0.1599738668733292,1.5997386687332922
C630$@DOM1,5,2,0,0.0,False,0.1586382495406968,1.586382495406968
C159$@DOM1,5,2,0,0.0,False,0.1586382495406968,1.586382495406968
C1472$@DOM1,5,2,0,0.0,False,0.1586382495406968,1.586382495406968
C1475$@DOM1,5,2,0,0.0,False,0.1586382495406968,1.586382495406968
C1476$@DOM1,5,2,0,0.0,False,0.1586382495406968,1.586382495406968
C607$@DOM1,5,2,0,0.0,False,0.1586382495406968,1.586382495406968
C615$@DOM1,5,2,0,0.0,False,0.1586382495406968,1.586382495406968
C589$@DOM1,5,2,0,0.0,False,0.1586382495406968,1.586382495406968
C3236$@DOM1,5,2,0,0.0,False,0.1586382495406968,1.586382495406968
C1285$@DOM1,5,2,0,0.0,False,0.1586382495406968,1.586382495406968
C1287$@DOM1,5,2,0,0.0,False,0.1586382495406968,1.586382495406968
C3202$@DOM1,5,2,0,0.0,False,0.1586382495406968,1.586382495406968
C195$@DOM1,5,2,0,0.0,False,0.1586382495406968,1.586382495406968
C592$@DOM1,5,2,0,0.0,False,0.1586382495406968,1.586382495406968
C595$@DOM1,5,2,0,0.0,False,0.1586382495406968,1.586382495406968
C67$@DOM1,5,2,0,0.0,False,0.1586382495406968,1.586382495406968
C680$@DOM1,5,2,0,0.0,False,0.1586382495406968,1.586382495406968
C683$@DOM1,5,2,0,0.0,False,0.1586382495406968,1.586382495406968
C684$@DOM1,5,2,0,0.0,False,0.1586382495406968,1.586382495406968
C230$@DOM1,5,2,0,0.0,False,0.1586382495406968,1.586382495406968
C2306$@DOM1,5,2,0,0.0,False,0.1586382495406968,1.586382495406968
C581$@DOM1,5,2,0,0.0,False,0.1586382495406968,1.586382495406968
C5845$@DOM1,5,2,0,0.0,False,0.1586382495406968,1.586382495406968
C5850$@DOM1,5,2,0,0.0,False,0.1586382495406968,1.586382495406968
C571$@DOM1,5,2,0,0.0,False,0.1586382495406968,1.586382495406968
C575$@DOM1,5,2,0,0.0,False,0.1586382495406968,1.586382495406968
C33$@DOM1,5,2,0,0.0,False,0.1586382495406968,1.586382495406968
C3224$@DOM1,5,2,0,0.0,False,0.1586382495406968,1.586382495406968
C3181$@DOM1,5,2,0,0.0,False,0.1586382495406968,1.586382495406968
C32$@DOM1,5,2,0,0.0,False,0.1586382495406968,1.586382495406968
C320$@DOM1,5,2,0,0.0,False,0.1586382495406968,1.586382495406968
C315$@DOM1,5,2,0,0.0,False,0.1586382495406968,1.586382495406968
C576$@DOM1,5,2,0,0.0,False,0.1586382495406968,1.586382495406968
C2324$@DOM1,5,2,0,0.0,False,0.1586382495406968,1.586382495406968
C1477$@DOM1,5,2,0,0.0,False,0.1586382495406968,1.586382495406968
C1480$@DOM1,5,2,0,0.0,False,0.1586382495406968,1.586382495406968
C1450$@DOM1,5,2,0,0.0,False,0.1586382495406968,1.586382495406968
C1453$@DOM1,5,2,0,0.0,False,0.1586382495406968,1.586382495406968
C1455$@DOM1,5,2,0,0.0,False,0.1586382495406968,1.586382495406968
C1460$@DOM1,5,2,0,0.0,False,0.1586382495406968,1.586382495406968
C126$@DOM1,5,2,0,0.0,False,0.1586382495406968,1.586382495406968
C317$@DOM1,5,2,0,0.0,False,0.1586382495406968,1.586382495406968
C1297$@DOM1,5,2,0,0.0,False,0.1586382495406968,1.586382495406968
C1262$@DOM1,5,2,0,0.0,False,0.1586382495406968,1.586382495406968
C1265$@DOM1,5,2,0,0.0,False,0.1586382495406968,1.586382495406968
C1272$@DOM1,5,2,0,0.0,False,0.1586382495406968,1.586382495406968
C5783$@DOM1,5,2,0,0.0,False,0.1586382495406968,1.586382495406968
C579$@DOM1,5,2,0,0.0,False,0.1586382495406968,1.586382495406968
C5796$@DOM1,5,2,0,0.0,False,0.1586382495406968,1.586382495406968
C5799$@DOM1,5,2,0,0.0,False,0.1586382495406968,1.586382495406968
C558$@DOM1,5,2,0,0.0,False,0.1586382495406968,1.586382495406968
C559$@DOM1,5,2,0,0.0,False,0.1586382495406968,1.586382495406968
C69$@DOM1,5,2,0,0.0,False,0.1586382495406968,1.586382495406968
C692$@DOM1,5,2,0,0.0,False,0.1586382495406968,1.586382495406968
C1921$@DOM1,5,2,0,0.0,False,0.1586382495406968,1.586382495406968
C189$@DOM1,5,2,0,0.0,False,0.1586382495406968,1.586382495406968
C927$@DOM1,5,2,0,0.0,False,0.1586382495406968,1.586382495406968
C197$@DOM1,5,2,0,0.0,False,0.1586382495406968,1.586382495406968
C91$@DOM1,5,2,0,0.0,False,0.1586382495406968,1.586382495406968
C695$@DOM1,5,2,0,0.0,False,0.1586382495406968,1.586382495406968
U208@DOM1,5,2,0,0.0,False,0.1586382495406968,1.586382495406968
C1581$@DOM1,5,2,0,0.0,False,0.1586382495406968,1.586382495406968
C1582$@DOM1,5,2,0,0.0,False,0.1586382495406968,1.586382495406968
C1583$@DOM1,5,2,0,0.0,False,0.1586382495406968,1.586382495406968
C1584$@DOM1,5,2,0,0.0,False,0.1586382495406968,1.586382495406968
C1587$@DOM1,5,2,0,0.0,False,0.1586382495406968,1.586382495406968
C2410$@DOM1,5,2,0,0.0,False,0.1586382495406968,1.586382495406968
C242$@DOM1,5,2,0,0.0,False,0.1586382495406968,1.586382495406968
C1248$@DOM1,5,2,0,0.0,False,0.1586382495406968,1.586382495406968
C711$@DOM1,5,2,0,0.0,False,0.1586382495406968,1.586382495406968
C524$@DOM1,5,2,0,0.0,False,0.1586382495406968,1.586382495406968
C525$@DOM1,5,2,0,0.0,False,0.1586382495406968,1.586382495406968
C53$@DOM1,5,2,0,0.0,False,0.1586382495406968,1.586382495406968
C2067$@DOM1,5,2,0,0.0,False,0.1586382495406968,1.586382495406968
C2038$@DOM1,5,2,0,0.0,False,0.1586382495406968,1.586382495406968
C1434$@DOM1,5,2,0,0.0,False,0.1586382495406968,1.586382495406968
C1439$@DOM1,5,2,0,0.0,False,0.1586382495406968,1.586382495406968
C1440$@DOM1,5,2,0,0.0,False,0.1586382495406968,1.586382495406968
C2473$@DOM1,5,2,0,0.0,False,0.1586382495406968,1.586382495406968
C2434$@DOM1,5,2,0,0.0,False,0.1586382495406968,1.586382495406968
U825@DOM1,5,2,0,0.0,False,0.1586382495406968,1.586382495406968
C5202$@DOM1,5,2,0,0.0,False,0.1586382495406968,1.586382495406968
C16$@DOM1,5,2,0,0.0,False,0.1586382495406968,1.586382495406968
C505$@DOM1,5,2,0,0.0,False,0.1586382495406968,1.586382495406968
C1975$@DOM1,5,2,0,0.0,False,0.1586382495406968,1.586382495406968
C933$@DOM1,5,2,0,0.0,False,0.1586382495406968,1.586382495406968
C3134$@DOM1,5,2,0,0.0,False,0.1586382495406968,1.586382495406968
C3139$@DOM1,5,2,0,0.0,False,0.1586382495406968,1.586382495406968
C3112$@DOM1,5,2,0,0.0,False,0.1586382495406968,1.586382495406968
C511$@DOM1,5,2,0,0.0,False,0.1586382495406968,1.586382495406968
C731$@DOM1,5,2,0,0.0,False,0.1586382495406968,1.586382495406968
C2465$@DOM1,5,2,0,0.0,False,0.1586382495406968,1.586382495406968
C2466$@DOM1,5,2,0,0.0,False,0.1586382495406968,1.586382495406968
C494$@DOM1,5,2,0,0.0,False,0.1586382495406968,1.586382495406968
C499$@DOM1,5,2,0,0.0,False,0.1586382495406968,1.586382495406968
C5$@DOM1,5,2,0,0.0,False,0.1586382495406968,1.586382495406968
C491$@DOM1,5,2,0,0.0,False,0.1586382495406968,1.586382495406968
C2482$@DOM1,5,2,0,0.0,False,0.1586382495406968,1.586382495406968
C2484$@DOM1,5,2,0,0.0,False,0.1586382495406968,1.586382495406968
C3412$@DOM1,5,2,0,0.0,False,0.1586382495406968,1.586382495406968
C3333$@DOM1,5,2,0,0.0,False,0.1586382495406968,1.586382495406968
C1654$@DOM1,5,2,0,0.0,False,0.1586382495406968,1.586382495406968
C2551$@DOM1,5,2,0,0.0,False,0.1586382495406968,1.586382495406968
C732$@DOM1,5,2,0,0.0,False,0.1586382495406968,1.586382495406968
C736$@DOM1,5,2,0,0.0,False,0.1586382495406968,1.586382495406968
C1442$@DOM1,5,2,0,0.0,False,0.1586382495406968,1.586382495406968
C1422$@DOM1,5,2,0,0.0,False,0.1586382495406968,1.586382495406968
C2535$@DOM1,5,2,0,0.0,False,0.1586382495406968,1.586382495406968
C468$@DOM1,5,2,0,0.0,False,0.1586382495406968,1.586382495406968
C469$@DOM1,5,2,0,0.0,False,0.1586382495406968,1.586382495406968
C47$@DOM1,5,2,0,0.0,False,0.1586382495406968,1.586382495406968
C1029$@DOM1,5,2,0,0.0,False,0.1586382495406968,1.586382495406968
C1030$@DOM1,5,2,0,0.0,False,0.1586382495406968,1.586382495406968
C1001$@DOM1,5,2,0,0.0,False,0.1586382495406968,1.586382495406968
C1002$@DOM1,5,2,0,0.0,False,0.1586382495406968,1.586382495406968
C1231$@DOM1,5,2,0,0.0,False,0.1586382495406968,1.586382495406968
C1236$@DOM1,5,2,0,0.0,False,0.1586382495406968,1.586382495406968
C3465$@DOM1,5,2,0,0.0,False,0.1586382495406968,1.586382495406968
C3081$@DOM1,5,2,0,0.0,False,0.1586382495406968,1.586382495406968
C2584$@DOM1,5,2,0,0.0,False,0.1586382495406968,1.586382495406968
C2598$@DOM1,5,2,0,0.0,False,0.1586382495406968,1.586382495406968
C4505$@DOM1,5,2,0,0.0,False,0.1586382495406968,1.586382495406968
C1557$@DOM1,5,2,0,0.0,False,0.1586382495406968,1.586382495406968
C750$@DOM1,5,2,0,0.0,False,0.1586382495406968,1.586382495406968
C756$@DOM1,5,2,0,0.0,False,0.1586382495406968,1.586382495406968
C757$@DOM1,5,2,0,0.0,False,0.1586382495406968,1.586382495406968
C444$@DOM1,5,2,0,0.0,False,0.1586382495406968,1.586382495406968
C169$@DOM1,5,2,0,0.0,False,0.1586382495406968,1.586382495406968
C1667$@DOM1,5,2,0,0.0,False,0.1586382495406968,1.586382495406968
C167$@DOM1,5,2,0,0.0,False,0.1586382495406968,1.586382495406968
C265$@DOM1,5,2,0,0.0,False,0.1586382495406968,1.586382495406968
C1044$@DOM1,5,2,0,0.0,False,0.1586382495406968,1.586382495406968
C3038$@DOM1,5,2,0,0.0,False,0.1586382495406968,1.586382495406968
C3484$@DOM1,5,2,0,0.0,False,0.1586382495406968,1.586382495406968
C349$@DOM1,5,2,0,0.0,False,0.1586382495406968,1.586382495406968
C3495$@DOM1,5,2,0,0.0,False,0.1586382495406968,1.586382495406968
C3459$@DOM1,5,2,0,0.0,False,0.1586382495406968,1.586382495406968
C3460$@DOM1,5,2,0,0.0,False,0.1586382495406968,1.586382495406968
C1254$@DOM1,5,2,0,0.0,False,0.1586382495406968,1.586382495406968
C1256$@DOM1,5,2,0,0.0,False,0.1586382495406968,1.586382495406968
C1259$@DOM1,5,2,0,0.0,False,0.1586382495406968,1.586382495406968
C1230$@DOM1,5,2,0,0.0,False,0.1586382495406968,1.586382495406968
C1017$@DOM1,5,2,0,0.0,False,0.1586382495406968,1.586382495406968
C1426$@DOM1,5,2,0,0.0,False,0.1586382495406968,1.586382495406968
C143$@DOM1,5,2,0,0.0,False,0.1586382495406968,1.586382495406968
C1402$@DOM1,5,2,0,0.0,False,0.1586382495406968,1.586382495406968
C1408$@DOM1,5,2,0,0.0,False,0.1586382495406968,1.586382495406968
C1020$@DOM1,5,2,0,0.0,False,0.1586382495406968,1.586382495406968
C90$@DOM1,5,2,0,0.0,False,0.1586382495406968,1.586382495406968
C1320$@DOM1,5,2,0,0.0,False,0.1586382495406968,1.586382495406968
C935$@DOM1,5,2,0,0.0,False,0.1586382495406968,1.586382495406968
C3072$@DOM1,5,2,0,0.0,False,0.1586382495406968,1.586382495406968
C1021$@DOM1,5,2,0,0.0,False,0.1586382495406968,1.586382495406968
C432$@DOM1,5,2,0,0.0,False,0.1586382495406968,1.586382495406968
C433$@DOM1,5,2,0,0.0,False,0.1586382495406968,1.586382495406968
C1536$@DOM1,5,2,0,0.0,False,0.1586382495406968,1.586382495406968
C1537$@DOM1,5,2,0,0.0,False,0.1586382495406968,1.586382495406968
C1541$@DOM1,5,2,0,0.0,False,0.1586382495406968,1.586382495406968
C1716$@DOM1,5,2,0,0.0,False,0.1586382495406968,1.586382495406968
C775$@DOM1,5,2,0,0.0,False,0.1586382495406968,1.586382495406968
C1053$@DOM1,5,2,0,0.0,False,0.1586382495406968,1.586382495406968
C2671$@DOM1,5,2,0,0.0,False,0.1586382495406968,1.586382495406968
C1060$@DOM1,5,2,0,0.0,False,0.1586382495406968,1.586382495406968
C1034$@DOM1,5,2,0,0.0,False,0.1586382495406968,1.586382495406968
C896$@DOM1,5,2,0,0.0,False,0.1586382495406968,1.586382495406968
C897$@DOM1,5,2,0,0.0,False,0.1586382495406968,1.586382495406968
C1868$@DOM1,5,2,0,0.0,False,0.1586382495406968,1.586382495406968
C9$@DOM1,5,2,0,0.0,False,0.1586382495406968,1.586382495406968
C1037$@DOM1,5,2,0,0.0,False,0.1586382495406968,1.586382495406968
C1394$@DOM1,5,2,0,0.0,False,0.1586382495406968,1.586382495406968
C1399$@DOM1,5,2,0,0.0,False,0.1586382495406968,1.586382495406968
C268$@DOM1,5,2,0,0.0,False,0.1586382495406968,1.586382495406968
C2686$@DOM1,5,2,0,0.0,False,0.1586382495406968,1.586382495406968
C4239$@DOM1,5,2,0,0.0,False,0.1586382495406968,1.586382495406968
C1082$@DOM1,5,2,0,0.0,False,0.1586382495406968,1.586382495406968
C2734$@DOM1,5,2,0,0.0,False,0.1586382495406968,1.586382495406968
C274$@DOM1,5,2,0,0.0,False,0.1586382495406968,1.586382495406968
C272$@DOM1,5,2,0,0.0,False,0.1586382495406968,1.586382495406968
C1413$@DOM1,5,2,0,0.0,False,0.1586382495406968,1.586382495406968
C1414$@DOM1,5,2,0,0.0,False,0.1586382495406968,1.586382495406968
C1387$@DOM1,5,2,0,0.0,False,0.1586382495406968,1.586382495406968
C1217$@DOM1,5,2,0,0.0,False,0.1586382495406968,1.586382495406968
C3040$@DOM1,5,2,0,0.0,False,0.1586382495406968,1.586382495406968
C1353$@DOM1,5,2,0,0.0,False,0.1586382495406968,1.586382495406968
C1980$@DOM1,5,2,0,0.0,False,0.1586382495406968,1.586382495406968
C1984$@DOM1,5,2,0,0.0,False,0.1586382495406968,1.586382495406968
C890$@DOM1,5,2,0,0.0,False,0.1586382495406968,1.586382495406968
C895$@DOM1,5,2,0,0.0,False,0.1586382495406968,1.586382495406968
C792$@DOM1,5,2,0,0.0,False,0.1586382495406968,1.586382495406968
C416$@DOM1,5,2,0,0.0,False,0.1586382495406968,1.586382495406968
C1096$@DOM1,5,2,0,0.0,False,0.1586382495406968,1.586382495406968
C1071$@DOM1,5,2,0,0.0,False,0.1586382495406968,1.586382495406968
C1073$@DOM1,5,2,0,0.0,False,0.1586382495406968,1.586382495406968
C1074$@DOM1,5,2,0,0.0,False,0.1586382495406968,1.586382495406968
C415$@DOM1,5,2,0,0.0,False,0.1586382495406968,1.586382495406968
C4154$@DOM1,5,2,0,0.0,False,0.1586382495406968,1.586382495406968
C4156$@DOM1,5,2,0,0.0,False,0.1586382495406968,1.586382495406968
C2759$@DOM1,5,2,0,0.0,False,0.1586382495406968,1.586382495406968
C2767$@DOM1,5,2,0,0.0,False,0.1586382495406968,1.586382495406968
C2724$@DOM1,5,2,0,0.0,False,0.1586382495406968,1.586382495406968
C3520$@DOM1,5,2,0,0.0,False,0.1586382495406968,1.586382495406968
C174$@DOM1,5,2,0,0.0,False,0.1586382495406968,1.586382495406968
C1704$@DOM1,5,2,0,0.0,False,0.1586382495406968,1.586382495406968
C171$@DOM1,5,2,0,0.0,False,0.1586382495406968,1.586382495406968
C1531$@DOM1,5,2,0,0.0,False,0.1586382495406968,1.586382495406968
C409$@DOM1,5,2,0,0.0,False,0.1586382495406968,1.586382495406968
U628@DOM1,5,2,0,0.0,False,0.1586382495406968,1.586382495406968
U629@DOM1,5,2,0,0.0,False,0.1586382495406968,1.586382495406968
U633@DOM1,5,2,0,0.0,False,0.1586382495406968,1.586382495406968
C2792$@DOM1,5,2,0,0.0,False,0.1586382495406968,1.586382495406968
C407$@DOM1,5,2,0,0.0,False,0.1586382495406968,1.586382495406968
C797$@DOM1,5,2,0,0.0,False,0.1586382495406968,1.586382495406968
C991$@DOM1,5,2,0,0.0,False,0.1586382495406968,1.586382495406968
C995$@DOM1,5,2,0,0.0,False,0.1586382495406968,1.586382495406968
C997$@DOM1,5,2,0,0.0,False,0.1586382495406968,1.586382495406968
C870$@DOM1,5,2,0,0.0,False,0.1586382495406968,1.586382495406968
C133$@DOM1,5,2,0,0.0,False,0.1586382495406968,1.586382495406968
C402$@DOM1,5,2,0,0.0,False,0.1586382495406968,1.586382495406968
C403$@DOM1,5,2,0,0.0,False,0.1586382495406968,1.586382495406968
C1130$@DOM1,5,2,0,0.0,False,0.1586382495406968,1.586382495406968
C172$@DOM1,5,2,0,0.0,False,0.1586382495406968,1.586382495406968
C1721$@DOM1,5,2,0,0.0,False,0.1586382495406968,1.586382495406968
C1108$@DOM1,5,2,0,0.0,False,0.1586382495406968,1.586382495406968
C3999$@DOM1,5,2,0,0.0,False,0.1586382495406968,1.586382495406968
C987$@DOM1,5,2,0,0.0,False,0.1586382495406968,1.586382495406968
C1143$@DOM1,5,2,0,0.0,False,0.1586382495406968,1.586382495406968
C1116$@DOM1,5,2,0,0.0,False,0.1586382495406968,1.586382495406968
C112$@DOM1,5,2,0,0.0,False,0.1586382495406968,1.586382495406968
C1122$@DOM1,5,2,0,0.0,False,0.1586382495406968,1.586382495406968
C816$@DOM1,5,2,0,0.0,False,0.1586382495406968,1.586382495406968
C1202$@DOM1,5,2,0,0.0,False,0.1586382495406968,1.586382495406968
C1205$@DOM1,5,2,0,0.0,False,0.1586382495406968,1.586382495406968
C1206$@DOM1,5,2,0,0.0,False,0.1586382495406968,1.586382495406968
C1207$@DOM1,5,2,0,0.0,False,0.1586382495406968,1.586382495406968
C1213$@DOM1,5,2,0,0.0,False,0.1586382495406968,1.586382495406968
C302$@DOM1,5,2,0,0.0,False,0.1586382495406968,1.586382495406968
C961$@DOM1,5,2,0,0.0,False,0.1586382495406968,1.586382495406968
C966$@DOM1,5,2,0,0.0,False,0.1586382495406968,1.586382495406968
C178$@DOM1,5,2,0,0.0,False,0.1586382495406968,1.586382495406968
C2820$@DOM1,5,2,0,0.0,False,0.1586382495406968,1.586382495406968
C2826$@DOM1,5,2,0,0.0,False,0.1586382495406968,1.586382495406968
C826$@DOM1,5,2,0,0.0,False,0.1586382495406968,1.586382495406968
C3875$@DOM1,5,2,0,0.0,False,0.1586382495406968,1.586382495406968
C1518$@DOM1,5,2,0,0.0,False,0.1586382495406968,1.586382495406968
C3900$@DOM1,5,2,0,0.0,False,0.1586382495406968,1.586382495406968
C1342$@DOM1,5,2,0,0.0,False,0.1586382495406968,1.586382495406968
C1846$@DOM1,5,2,0,0.0,False,0.1586382495406968,1.586382495406968
C2850$@DOM1,5,2,0,0.0,False,0.1586382495406968,1.586382495406968
C2855$@DOM1,5,2,0,0.0,False,0.1586382495406968,1.586382495406968
C286$@DOM1,5,2,0,0.0,False,0.1586382495406968,1.586382495406968
C828$@DOM1,5,2,0,0.0,False,0.1586382495406968,1.586382495406968
C1357$@DOM1,5,2,0,0.0,False,0.1586382495406968,1.586382495406968
C1486$@DOM1,5,2,0,0.0,False,0.1586382495406968,1.586382495406968
C1159$@DOM1,5,2,0,0.0,False,0.1586382495406968,1.586382495406968
C838$@DOM1,5,2,0,0.0,False,0.1586382495406968,1.586382495406968
C84$@DOM1,5,2,0,0.0,False,0.1586382495406968,1.586382495406968
C381$@DOM1,5,2,0,0.0,False,0.1586382495406968,1.586382495406968
C1195$@DOM1,5,2,0,0.0,False,0.1586382495406968,1.586382495406968
C1168$@DOM1,5,2,0,0.0,False,0.1586382495406968,1.586382495406968
C1170$@DOM1,5,2,0,0.0,False,0.1586382495406968,1.586382495406968
C1174$@DOM1,5,2,0,0.0,False,0.1586382495406968,1.586382495406968
C1175$@DOM1,5,2,0,0.0,False,0.1586382495406968,1.586382495406968
C979$@DOM1,5,2,0,0.0,False,0.1586382495406968,1.586382495406968
C985$@DOM1,5,2,0,0.0,False,0.1586382495406968,1.586382495406968
C2927$@DOM1,5,2,0,0.0,False,0.1586382495406968,1.586382495406968
C858$@DOM1,5,2,0,0.0,False,0.1586382495406968,1.586382495406968
C1367$@DOM1,5,2,0,0.0,False,0.1586382495406968,1.586382495406968
C1368$@DOM1,5,2,0,0.0,False,0.1586382495406968,1.586382495406968
C1370$@DOM1,5,2,0,0.0,False,0.1586382495406968,1.586382495406968
C1379$@DOM1,5,2,0,0.0,False,0.1586382495406968,1.586382495406968
C1829$@DOM1,5,2,0,0.0,False,0.1586382495406968,1.586382495406968
C1834$@DOM1,5,2,0,0.0,False,0.1586382495406968,1.586382495406968
C1796$@DOM1,5,2,0,0.0,False,0.1586382495406968,1.586382495406968
C3718$@DOM1,5,2,0,0.0,False,0.1586382495406968,1.586382495406968
C1344$@DOM1,5,2,0,0.0,False,0.1586382495406968,1.586382495406968
C1345$@DOM1,5,2,0,0.0,False,0.1586382495406968,1.586382495406968
C1349$@DOM1,5,2,0,0.0,False,0.1586382495406968,1.586382495406968
C293$@DOM1,5,2,0,0.0,False,0.1586382495406968,1.586382495406968
C975$@DOM1,5,2,0,0.0,False,0.1586382495406968,1.586382495406968
C845$@DOM1,5,2,0,0.0,False,0.1586382495406968,1.586382495406968
C85$@DOM1,5,2,0,0.0,False,0.1586382495406968,1.586382495406968
C851$@DOM1,5,2,0,0.0,False,0.1586382495406968,1.586382495406968
C854$@DOM1,5,2,0,0.0,False,0.1586382495406968,1.586382495406968
C2181$@DOM1,5,2,0,0.0,False,0.1586382495406968,1.586382495406968
C22$@DOM1,5,2,0,0.0,False,0.1586382495406968,1.586382495406968
C2204$@DOM1,5,2,0,0.0,False,0.1586382495406968,1.586382495406968
C2151$@DOM1,5,2,0,0.0,False,0.1586382495406968,1.586382495406968
C216$@DOM1,5,2,0,0.0,False,0.1586382495406968,1.586382495406968
C1467$@DOM1,5,2,0,0.0,False,0.1586382495406968,1.586382495406968
C650$@DOM1,5,2,0,0.0,False,0.1586382495406968,1.586382495406968
C623$@DOM1,5,2,0,0.0,False,0.1586382495406968,1.586382495406968
C626$@DOM1,5,2,0,0.0,False,0.1586382495406968,1.586382495406968
C664$@DOM1,5,2,0,0.0,False,0.1586382495406968,1.586382495406968
ANONYMOUS LOGON@C1971,3,1,0,0.0,False,0.1436284581816701,1.4362845818167012
ANONYMOUS LOGON@C1715,3,1,0,0.0,False,0.1436284581816701,1.4362845818167012
C2580$@DOM1,3,1,0,0.0,False,0.1436284581816701,1.4362845818167012
C4464$@DOM1,3,1,0,0.0,False,0.1436284581816701,1.4362845818167012
C2609$@DOM1,3,1,0,0.0,False,0.1436284581816701,1.4362845818167012
C2186$@DOM1,3,1,0,0.0,False,0.1436284581816701,1.4362845818167012
C3758$@DOM1,3,1,0,0.0,False,0.1436284581816701,1.4362845818167012
C4462$@DOM1,3,1,0,0.0,False,0.1436284581816701,1.4362845818167012
C4444$@DOM1,3,1,0,0.0,False,0.1436284581816701,1.4362845818167012
C4440$@DOM1,3,1,0,0.0,False,0.1436284581816701,1.4362845818167012
C2266$@DOM1,3,1,0,0.0,False,0.1436284581816701,1.4362845818167012
C3728$@DOM1,3,1,0,0.0,False,0.1436284581816701,1.4362845818167012
C3711$@DOM1,3,1,0,0.0,False,0.1436284581816701,1.4362845818167012
C849$@DOM1,3,1,0,0.0,False,0.1436284581816701,1.4362845818167012
C596$@DOM1,3,1,0,0.0,False,0.1436284581816701,1.4362845818167012
C2219$@DOM1,3,1,0,0.0,False,0.1436284581816701,1.4362845818167012
C4427$@DOM1,3,1,0,0.0,False,0.1436284581816701,1.4362845818167012
C759$@DOM1,3,1,0,0.0,False,0.1436284581816701,1.4362845818167012
C2308$@DOM1,3,1,0,0.0,False,0.1436284581816701,1.4362845818167012
C3300$@DOM1,3,1,0,0.0,False,0.1436284581816701,1.4362845818167012
C3705$@DOM1,3,1,0,0.0,False,0.1436284581816701,1.4362845818167012
C3189$@DOM1,3,1,0,0.0,False,0.1436284581816701,1.4362845818167012
C3200$@DOM1,3,1,0,0.0,False,0.1436284581816701,1.4362845818167012
C459$@DOM1,3,1,0,0.0,False,0.1436284581816701,1.4362845818167012
C4483$@DOM1,3,1,0,0.0,False,0.1436284581816701,1.4362845818167012
C2586$@DOM1,3,1,0,0.0,False,0.1436284581816701,1.4362845818167012
C2591$@DOM1,3,1,0,0.0,False,0.1436284581816701,1.4362845818167012
C4459$@DOM1,3,1,0,0.0,False,0.1436284581816701,1.4362845818167012
C68$@DOM1,3,1,0,0.0,False,0.1436284581816701,1.4362845818167012
C3810$@DOM1,3,1,0,0.0,False,0.1436284581816701,1.4362845818167012
C4470$@DOM1,3,1,0,0.0,False,0.1436284581816701,1.4362845818167012
C1533$@DOM1,3,1,0,0.0,False,0.1436284581816701,1.4362845818167012
C1920$@DOM1,3,1,0,0.0,False,0.1436284581816701,1.4362845818167012
U599@DOM1,3,1,0,0.0,False,0.1436284581816701,1.4362845818167012
C4567$@DOM1,3,1,0,0.0,False,0.1436284581816701,1.4362845818167012
C3295$@DOM1,3,1,0,0.0,False,0.1436284581816701,1.4362845818167012
C4341$@DOM1,3,1,0,0.0,False,0.1436284581816701,1.4362845818167012
U128@DOM1,3,1,0,0.0,False,0.1436284581816701,1.4362845818167012
C1261$@DOM1,3,1,0,0.0,False,0.1436284581816701,1.4362845818167012
C919$@DOM1,3,1,0,0.0,False,0.1436284581816701,1.4362845818167012
C92$@DOM1,3,1,0,0.0,False,0.1436284581816701,1.4362845818167012
C4363$@DOM1,3,1,0,0.0,False,0.1436284581816701,1.4362845818167012
C4355$@DOM1,3,1,0,0.0,False,0.1436284581816701,1.4362845818167012
C4446$@DOM1,3,1,0,0.0,False,0.1436284581816701,1.4362845818167012
C3469$@DOM1,3,1,0,0.0,False,0.1436284581816701,1.4362845818167012
C2652$@DOM1,3,1,0,0.0,False,0.1436284581816701,1.4362845818167012
C4390$@DOM1,3,1,0,0.0,False,0.1436284581816701,1.4362845818167012
C4372$@DOM1,3,1,0,0.0,False,0.1436284581816701,1.4362845818167012
C4410$@DOM1,3,1,0,0.0,False,0.1436284581816701,1.4362845818167012
C3074$@DOM1,3,1,0,0.0,False,0.1436284581816701,1.4362845818167012
C2023$@DOM1,3,1,0,0.0,False,0.1436284581816701,1.4362845818167012
NETWORK SERVICE@C2931,3,1,0,0.0,False,0.1436284581816701,1.4362845818167012
C1905$@DOM1,3,1,0,0.0,False,0.1436284581816701,1.4362845818167012
LOCAL SERVICE@C3500,3,1,0,0.0,False,0.1436284581816701,1.4362845818167012
C3058$@DOM1,3,1,0,0.0,False,0.1436284581816701,1.4362845818167012
C2640$@DOM1,3,1,0,0.0,False,0.1436284581816701,1.4362845818167012
C3500$@DOM1,3,1,0,0.0,False,0.1436284581816701,1.4362845818167012
C1226$@DOM1,3,1,0,0.0,False,0.1436284581816701,1.4362845818167012
C3891$@DOM1,3,1,0,0.0,False,0.1436284581816701,1.4362845818167012
C2634$@DOM1,3,1,0,0.0,False,0.1436284581816701,1.4362845818167012
C2637$@DOM1,3,1,0,0.0,False,0.1436284581816701,1.4362845818167012
C3830$@DOM1,3,1,0,0.0,False,0.1436284581816701,1.4362845818167012
C3828$@DOM1,3,1,0,0.0,False,0.1436284581816701,1.4362845818167012
C1843$@DOM1,3,1,0,0.0,False,0.1436284581816701,1.4362845818167012
C3478$@DOM1,3,1,0,0.0,False,0.1436284581816701,1.4362845818167012
C2468$@DOM1,3,1,0,0.0,False,0.1436284581816701,1.4362845818167012
C501$@DOM1,3,1,0,0.0,False,0.1436284581816701,1.4362845818167012
C209$@DOM1,3,1,0,0.0,False,0.1436284581816701,1.4362845818167012
C3528$@DOM1,3,1,0,0.0,False,0.1436284581816701,1.4362845818167012
C4104$@DOM1,3,1,0,0.0,False,0.1436284581816701,1.4362845818167012
ANONYMOUS LOGON@C1697,3,1,0,0.0,False,0.1436284581816701,1.4362845818167012
C2143$@DOM1,3,1,0,0.0,False,0.1436284581816701,1.4362845818167012
C2113$@DOM1,3,1,0,0.0,False,0.1436284581816701,1.4362845818167012
C1489$@DOM1,3,1,0,0.0,False,0.1436284581816701,1.4362845818167012
C2221$@DOM1,3,1,0,0.0,False,0.1436284581816701,1.4362845818167012
C2264$@DOM1,3,1,0,0.0,False,0.1436284581816701,1.4362845818167012
C1465$@DOM1,3,1,0,0.0,False,0.1436284581816701,1.4362845818167012
C2731$@DOM1,3,1,0,0.0,False,0.1436284581816701,1.4362845818167012
C3100$@DOM1,3,1,0,0.0,False,0.1436284581816701,1.4362845818167012
C1500$@DOM1,3,1,0,0.0,False,0.1436284581816701,1.4362845818167012
C1728$@DOM1,3,1,0,0.0,False,0.1436284581816701,1.4362845818167012
C3408$@DOM1,3,1,0,0.0,False,0.1436284581816701,1.4362845818167012
C34$@DOM1,3,1,0,0.0,False,0.1436284581816701,1.4362845818167012
C3432$@DOM1,3,1,0,0.0,False,0.1436284581816701,1.4362845818167012
C1748$@DOM1,3,1,0,0.0,False,0.1436284581816701,1.4362845818167012
C4303$@DOM1,3,1,0,0.0,False,0.1436284581816701,1.4362845818167012
C2735$@DOM1,3,1,0,0.0,False,0.1436284581816701,1.4362845818167012
C532$@DOM1,3,1,0,0.0,False,0.1436284581816701,1.4362845818167012
C397$@DOM1,3,1,0,0.0,False,0.1436284581816701,1.4362845818167012
C545$@DOM1,3,1,0,0.0,False,0.1436284581816701,1.4362845818167012
C3417$@DOM1,3,1,0,0.0,False,0.1436284581816701,1.4362845818167012
C3413$@DOM1,3,1,0,0.0,False,0.1436284581816701,1.4362845818167012
C4722$@DOM1,3,1,0,0.0,False,0.1436284581816701,1.4362845818167012
C3614$@DOM1,3,1,0,0.0,False,0.1436284581816701,1.4362845818167012
C2817$@DOM1,3,1,0,0.0,False,0.1436284581816701,1.4362845818167012
C1742$@DOM1,3,1,0,0.0,False,0.1436284581816701,1.4362845818167012
C2784$@DOM1,3,1,0,0.0,False,0.1436284581816701,1.4362845818167012
C1901$@DOM1,3,1,0,0.0,False,0.1436284581816701,1.4362845818167012
C3344$@DOM1,3,1,0,0.0,False,0.1436284581816701,1.4362845818167012
C3361$@DOM1,3,1,0,0.0,False,0.1436284581816701,1.4362845818167012
C338$@DOM1,3,1,0,0.0,False,0.1436284581816701,1.4362845818167012
C2549$@DOM1,3,1,0,0.0,False,0.1436284581816701,1.4362845818167012
U184@DOM1,3,1,0,0.0,False,0.1436284581816701,1.4362845818167012
C962$@DOM1,3,1,0,0.0,False,0.1436284581816701,1.4362845818167012
C1768$@DOM1,3,1,0,0.0,False,0.1436284581816701,1.4362845818167012
C2395$@DOM1,3,1,0,0.0,False,0.1436284581816701,1.4362845818167012
C3384$@DOM1,3,1,0,0.0,False,0.1436284581816701,1.4362845818167012
C2513$@DOM1,3,1,0,0.0,False,0.1436284581816701,1.4362845818167012
LOCAL SERVICE@C1878,3,1,0,0.0,False,0.1436284581816701,1.4362845818167012
C7$@DOM1,3,1,0,0.0,False,0.1436284581816701,1.4362845818167012
U110@C1665,3,1,0,0.0,False,0.1436284581816701,1.4362845818167012
LOCAL SERVICE@C2464,3,1,0,0.0,False,0.1436284581816701,1.4362845818167012
LOCAL SERVICE@C3025,3,1,0,0.0,False,0.1436284581816701,1.4362845818167012
C2408$@DOM1,3,1,0,0.0,False,0.1436284581816701,1.4362845818167012
C2844$@DOM1,3,1,0,0.0,False,0.1436284581816701,1.4362845818167012
C2378$@DOM1,3,1,0,0.0,False,0.1436284581816701,1.4362845818167012
C1883$@DOM1,3,1,0,0.0,False,0.1436284581816701,1.4362845818167012
C882$@DOM1,3,1,0,0.0,False,0.1436284581816701,1.4362845818167012
C881$@DOM1,3,1,0,0.0,False,0.1436284581816701,1.4362845818167012
C4034$@DOM1,3,1,0,0.0,False,0.1436284581816701,1.4362845818167012
C2769$@DOM1,3,1,0,0.0,False,0.1436284581816701,1.4362845818167012
C2004$@DOM1,3,1,0,0.0,False,0.1436284581816701,1.4362845818167012
U81@C2547,3,1,0,0.0,False,0.1436284581816701,1.4362845818167012
C4053$@DOM1,3,1,0,0.0,False,0.1436284581816701,1.4362845818167012
C1634$@DOM1,3,1,0,0.0,False,0.1436284581816701,1.4362845818167012
C861$@DOM1,3,1,0,0.0,False,0.1436284581816701,1.4362845818167012
C305$@DOM1,3,1,0,0.0,False,0.1436284581816701,1.4362845818167012
C3044$@DOM1,3,1,0,0.0,False,0.1436284581816701,1.4362845818167012
C4165$@DOM1,3,1,0,0.0,False,0.1436284581816701,1.4362845818167012
C2761$@DOM1,3,1,0,0.0,False,0.1436284581816701,1.4362845818167012
C2714$@DOM1,3,1,0,0.0,False,0.1436284581816701,1.4362845818167012
C737$@DOM1,6,2,0,0.0,False,0.1410052412851024,1.410052412851024
C740$@DOM1,6,2,0,0.0,False,0.1410052412851024,1.410052412851024
C351$@DOM1,6,2,0,0.0,False,0.1410052412851024,1.410052412851024
C100$@DOM1,6,2,0,0.0,False,0.1410052412851024,1.410052412851024
C1362$@DOM1,6,2,0,0.0,False,0.1410052412851024,1.410052412851024
C830$@DOM1,6,2,0,0.0,False,0.1410052412851024,1.410052412851024
C142$@DOM1,6,2,0,0.0,False,0.1410052412851024,1.410052412851024
C1845$@DOM1,6,2,0,0.0,False,0.1410052412851024,1.410052412851024
C825$@DOM1,6,2,0,0.0,False,0.1410052412851024,1.410052412851024
C394$@DOM1,6,2,0,0.0,False,0.1410052412851024,1.410052412851024
C1512$@DOM1,6,2,0,0.0,False,0.1410052412851024,1.410052412851024
U263@DOM1,6,2,0,0.0,False,0.1410052412851024,1.410052412851024
C769$@DOM1,6,2,0,0.0,False,0.1410052412851024,1.410052412851024
C184$@DOM1,6,2,0,0.0,False,0.1410052412851024,1.410052412851024
U130@DOM1,6,2,0,0.0,False,0.1410052412851024,1.410052412851024
C3616$@DOM1,6,2,0,0.0,False,0.1410052412851024,1.410052412851024
C3504$@DOM1,6,2,0,0.0,False,0.1410052412851024,1.410052412851024
C2852$@DOM1,6,2,0,0.0,False,0.1410052412851024,1.410052412851024
C182$@DOM1,6,2,0,0.0,False,0.1410052412851024,1.410052412851024
C754$@DOM1,6,2,0,0.0,False,0.1410052412851024,1.410052412851024
C670$@DOM1,6,2,0,0.0,False,0.1410052412851024,1.410052412851024
C369$@DOM1,6,2,0,0.0,False,0.1410052412851024,1.410052412851024
C2960$@DOM1,6,2,0,0.0,False,0.1410052412851024,1.410052412851024
C3$@DOM1,6,2,0,0.0,False,0.1410052412851024,1.410052412851024
C855$@DOM1,6,2,0,0.0,False,0.1410052412851024,1.410052412851024
C588$@DOM1,6,2,0,0.0,False,0.1410052412851024,1.410052412851024
C753$@DOM1,6,2,0,0.0,False,0.1410052412851024,1.410052412851024
C1009$@DOM1,6,2,0,0.0,False,0.1410052412851024,1.410052412851024
C376$@DOM1,6,2,0,0.0,False,0.1410052412851024,1.410052412851024
C1817$@DOM1,6,2,0,0.0,False,0.1410052412851024,1.410052412851024
U467@DOM1,6,2,0,0.0,False,0.1410052412851024,1.410052412851024
C655$@DOM1,6,2,0,0.0,False,0.1410052412851024,1.410052412851024
C660$@DOM1,6,2,0,0.0,False,0.1410052412851024,1.410052412851024
C3750$@DOM1,6,2,0,0.0,False,0.1410052412851024,1.410052412851024
C1463$@DOM1,6,2,0,0.0,False,0.1410052412851024,1.410052412851024
C842$@DOM1,6,2,0,0.0,False,0.1410052412851024,1.410052412851024
C3816$@DOM1,6,2,0,0.0,False,0.1410052412851024,1.410052412851024
C380$@DOM1,6,2,0,0.0,False,0.1410052412851024,1.410052412851024
C3258$@DOM1,6,2,0,0.0,False,0.1410052412851024,1.410052412851024
C2883$@DOM1,6,2,0,0.0,False,0.1410052412851024,1.410052412851024
C1151$@DOM1,6,2,0,0.0,False,0.1410052412851024,1.410052412851024
U1014@DOM1,6,2,0,0.0,False,0.1410052412851024,1.410052412851024
C1169$@DOM1,6,2,0,0.0,False,0.1410052412851024,1.410052412851024
C1047$@DOM1,6,2,0,0.0,False,0.1410052412851024,1.410052412851024
C3448$@DOM1,6,2,0,0.0,False,0.1410052412851024,1.410052412851024
C1815$@DOM1,6,2,0,0.0,False,0.1410052412851024,1.410052412851024
C580$@DOM1,6,2,0,0.0,False,0.1410052412851024,1.410052412851024
C2056$@DOM1,6,2,0,0.0,False,0.1410052412851024,1.410052412851024
C2294$@DOM1,6,2,0,0.0,False,0.1410052412851024,1.410052412851024
C3221$@DOM1,6,2,0,0.0,False,0.1410052412851024,1.410052412851024
C733$@DOM1,6,2,0,0.0,False,0.1410052412851024,1.410052412851024
C734$@DOM1,6,2,0,0.0,False,0.1410052412851024,1.410052412851024
C2811$@DOM1,6,2,0,0.0,False,0.1410052412851024,1.410052412851024
C811$@DOM1,6,2,0,0.0,False,0.1410052412851024,1.410052412851024
C1375$@DOM1,6,2,0,0.0,False,0.1410052412851024,1.410052412851024
C281$@DOM1,6,2,0,0.0,False,0.1410052412851024,1.410052412851024
C1316$@DOM1,6,2,0,0.0,False,0.1410052412851024,1.410052412851024
C2681$@DOM1,6,2,0,0.0,False,0.1410052412851024,1.410052412851024
C5329$@DOM1,6,2,0,0.0,False,0.1410052412851024,1.410052412851024
C1039$@DOM1,6,2,0,0.0,False,0.1410052412851024,1.410052412851024
C1914$@DOM1,6,2,0,0.0,False,0.1410052412851024,1.410052412851024
C1909$@DOM1,6,2,0,0.0,False,0.1410052412851024,1.410052412851024
C1117$@DOM1,6,2,0,0.0,False,0.1410052412851024,1.410052412851024
C477$@DOM1,6,2,0,0.0,False,0.1410052412851024,1.410052412851024
C425$@DOM1,6,2,0,0.0,False,0.1410052412851024,1.410052412851024
C4254$@DOM1,6,2,0,0.0,False,0.1410052412851024,1.410052412851024
C700$@DOM1,6,2,0,0.0,False,0.1410052412851024,1.410052412851024
C181$@DOM1,6,2,0,0.0,False,0.1410052412851024,1.410052412851024
C2506$@DOM1,6,2,0,0.0,False,0.1410052412851024,1.410052412851024
C1651$@DOM1,6,2,0,0.0,False,0.1410052412851024,1.410052412851024
U140@DOM1,6,2,0,0.0,False,0.1410052412851024,1.410052412851024
C2842$@DOM1,6,2,0,0.0,False,0.1410052412851024,1.410052412851024
C555$@DOM1,6,2,0,0.0,False,0.1410052412851024,1.410052412851024
C55$@DOM1,6,2,0,0.0,False,0.1410052412851024,1.410052412851024
C965$@DOM1,6,2,0,0.0,False,0.1410052412851024,1.410052412851024
C298$@DOM1,6,2,0,0.0,False,0.1410052412851024,1.410052412851024
C954$@DOM1,6,2,0,0.0,False,0.1410052412851024,1.410052412851024
C817$@DOM1,6,2,0,0.0,False,0.1410052412851024,1.410052412851024
C419$@DOM1,6,2,0,0.0,False,0.1410052412851024,1.410052412851024
C1779$@DOM1,6,2,0,0.0,False,0.1410052412851024,1.410052412851024
C4180$@DOM1,6,2,0,0.0,False,0.1410052412851024,1.410052412851024
C122$@DOM1,6,2,0,0.0,False,0.1410052412851024,1.410052412851024
C124$@DOM1,6,2,0,0.0,False,0.1410052412851024,1.410052412851024
C1441$@DOM1,6,2,0,0.0,False,0.1410052412851024,1.410052412851024
C725$@DOM1,6,2,0,0.0,False,0.1410052412851024,1.410052412851024
C989$@DOM1,6,2,0,0.0,False,0.1410052412851024,1.410052412851024
C1098$@DOM1,6,2,0,0.0,False,0.1410052412851024,1.410052412851024
C1070$@DOM1,6,2,0,0.0,False,0.1410052412851024,1.410052412851024
C1077$@DOM1,6,2,0,0.0,False,0.1410052412851024,1.410052412851024
C206$@DOM1,6,2,0,0.0,False,0.1410052412851024,1.410052412851024
C4172$@DOM1,6,2,0,0.0,False,0.1410052412851024,1.410052412851024
C1218$@DOM1,6,2,0,0.0,False,0.1410052412851024,1.410052412851024
C2486$@DOM1,6,2,0,0.0,False,0.1410052412851024,1.410052412851024
C1325$@DOM1,6,2,0,0.0,False,0.1410052412851024,1.410052412851024
C515$@DOM1,6,2,0,0.0,False,0.1410052412851024,1.410052412851024
C3007$@DOM1,6,2,0,0.0,False,0.1410052412851024,1.410052412851024
C1723$@DOM1,6,2,0,0.0,False,0.1410052412851024,1.410052412851024
C1732$@DOM1,6,2,0,0.0,False,0.1410052412851024,1.410052412851024
C601$@DOM1,6,2,0,0.0,False,0.1410052412851024,1.410052412851024
C1522$@DOM1,6,2,0,0.0,False,0.1410052412851024,1.410052412851024
C1506$@DOM1,6,2,0,0.0,False,0.1410052412851024,1.410052412851024
C3101$@DOM1,6,2,0,0.0,False,0.1410052412851024,1.410052412851024
C4112$@DOM1,6,2,0,0.0,False,0.1410052412851024,1.410052412851024
C1086$@DOM1,6,2,0,0.0,False,0.1410052412851024,1.410052412851024
C4093$@DOM1,6,2,0,0.0,False,0.1410052412851024,1.410052412851024
U242@DOM1,6,2,0,0.0,False,0.1410052412851024,1.410052412851024
C647$@DOM1,6,2,0,0.0,False,0.1410052412851024,1.410052412851024
C1187$@DOM1,6,2,0,0.0,False,0.1410052412851024,1.410052412851024
C977$@DOM1,6,2,0,0.0,False,0.1410052412851024,1.410052412851024
C2934$@DOM1,6,2,0,0.0,False,0.1410052412851024,1.410052412851024
C3204$@DOM1,6,2,0,0.0,False,0.1410052412851024,1.410052412851024
C1277$@DOM1,6,2,0,0.0,False,0.1410052412851024,1.410052412851024
C3237$@DOM1,6,2,0,0.0,False,0.1410052412851024,1.410052412851024
C3230$@DOM1,6,2,0,0.0,False,0.1410052412851024,1.410052412851024
C613$@DOM1,4,2,0,0.0,False,0.1366212993033877,1.366212993033877
C1935$@DOM1,4,2,0,0.0,False,0.1366212993033877,1.366212993033877
C3276$@DOM1,4,2,0,0.0,False,0.1366212993033877,1.366212993033877
C1471$@DOM1,4,2,0,0.0,False,0.1366212993033877,1.366212993033877
C1602$@DOM1,4,2,0,0.0,False,0.1366212993033877,1.366212993033877
C1568$@DOM1,4,2,0,0.0,False,0.1366212993033877,1.366212993033877
C2944$@DOM1,4,2,0,0.0,False,0.1366212993033877,1.366212993033877
U9571@DOM1,4,2,0,0.0,False,0.1366212993033877,1.366212993033877
C1495$@DOM1,4,2,0,0.0,False,0.1366212993033877,1.366212993033877
U77@DOM1,4,2,0,0.0,False,0.1366212993033877,1.366212993033877
U760@DOM1,4,2,0,0.0,False,0.1366212993033877,1.366212993033877
C887$@DOM1,4,2,0,0.0,False,0.1366212993033877,1.366212993033877
C3522$@DOM1,4,2,0,0.0,False,0.1366212993033877,1.366212993033877
C354$@DOM1,4,2,0,0.0,False,0.1366212993033877,1.366212993033877
C878$@DOM1,4,2,0,0.0,False,0.1366212993033877,1.366212993033877
C1083$@DOM1,4,2,0,0.0,False,0.1366212993033877,1.366212993033877
U614@DOM1,4,2,0,0.0,False,0.1366212993033877,1.366212993033877
C1561$@DOM1,4,2,0,0.0,False,0.1366212993033877,1.366212993033877
C3148$@DOM1,4,2,0,0.0,False,0.1366212993033877,1.366212993033877
C706$@DOM1,4,2,0,0.0,False,0.1366212993033877,1.366212993033877
C705$@DOM1,4,2,0,0.0,False,0.1366212993033877,1.366212993033877
C909$@DOM1,4,2,0,0.0,False,0.1366212993033877,1.366212993033877
C1081$@DOM1,4,2,0,0.0,False,0.1366212993033877,1.366212993033877
C3401$@DOM1,4,2,0,0.0,False,0.1366212993033877,1.366212993033877
C1314$@DOM1,4,2,0,0.0,False,0.1366212993033877,1.366212993033877
C1754$@DOM1,4,2,0,0.0,False,0.1366212993033877,1.366212993033877
C1147$@DOM1,4,2,0,0.0,False,0.1366212993033877,1.366212993033877
C1987$@DOM1,4,2,0,0.0,False,0.1366212993033877,1.366212993033877
C1999$@DOM1,4,2,0,0.0,False,0.1366212993033877,1.366212993033877
C207$@DOM1,4,2,0,0.0,False,0.1366212993033877,1.366212993033877
C1240$@DOM1,4,2,0,0.0,False,0.1366212993033877,1.366212993033877
U1579@DOM1,4,2,0,0.0,False,0.1366212993033877,1.366212993033877
C493$@DOM1,4,2,0,0.0,False,0.1366212993033877,1.366212993033877
C799$@DOM1,4,2,0,0.0,False,0.1366212993033877,1.366212993033877
C806$@DOM1,4,2,0,0.0,False,0.1366212993033877,1.366212993033877
C998$@DOM1,4,2,0,0.0,False,0.1366212993033877,1.366212993033877
C1069$@DOM1,4,2,0,0.0,False,0.1366212993033877,1.366212993033877
C1099$@DOM1,4,2,0,0.0,False,0.1366212993033877,1.366212993033877
C1092$@DOM1,4,2,0,0.0,False,0.1366212993033877,1.366212993033877
C4131$@DOM1,4,2,0,0.0,False,0.1366212993033877,1.366212993033877
C4269$@DOM1,4,2,0,0.0,False,0.1366212993033877,1.366212993033877
U6500@DOM1,4,2,0,0.0,False,0.1366212993033877,1.366212993033877
C2802$@DOM1,4,2,0,0.0,False,0.1366212993033877,1.366212993033877
C3019$@DOM1,4,2,0,0.0,False,0.1366212993033877,1.366212993033877
C1331$@DOM1,4,2,0,0.0,False,0.1366212993033877,1.366212993033877
C986$@DOM1,4,2,0,0.0,False,0.1366212993033877,1.366212993033877
C2008$@DOM1,4,2,0,0.0,False,0.1366212993033877,1.366212993033877
C3610$@DOM1,4,2,0,0.0,False,0.1366212993033877,1.366212993033877
C871$@DOM1,4,2,0,0.0,False,0.1366212993033877,1.366212993033877
C1674$@DOM1,4,2,0,0.0,False,0.1366212993033877,1.366212993033877
C1235$@DOM1,4,2,0,0.0,False,0.1366212993033877,1.366212993033877
C205$@DOM1,4,2,0,0.0,False,0.1366212993033877,1.366212993033877
C316$@DOM1,4,2,0,0.0,False,0.1366212993033877,1.366212993033877
C1456$@DOM1,4,2,0,0.0,False,0.1366212993033877,1.366212993033877
C1417$@DOM1,4,2,0,0.0,False,0.1366212993033877,1.366212993033877
C1300$@DOM1,4,2,0,0.0,False,0.1366212993033877,1.366212993033877
C2532$@DOM1,4,2,0,0.0,False,0.1366212993033877,1.366212993033877
C463$@DOM1,4,2,0,0.0,False,0.1366212993033877,1.366212993033877
U10403@DOM1,4,2,0,0.0,False,0.1366212993033877,1.366212993033877
C352$@DOM1,4,2,0,0.0,False,0.1366212993033877,1.366212993033877
C2854$@DOM1,4,2,0,0.0,False,0.1366212993033877,1.366212993033877
C1840$@DOM1,4,2,0,0.0,False,0.1366212993033877,1.366212993033877
C1837$@DOM1,4,2,0,0.0,False,0.1366212993033877,1.366212993033877
C2861$@DOM1,4,2,0,0.0,False,0.1366212993033877,1.366212993033877
U550@DOM1,4,2,0,0.0,False,0.1366212993033877,1.366212993033877
C1714$@DOM1,4,2,0,0.0,False,0.1366212993033877,1.366212993033877
C1514$@DOM1,4,2,0,0.0,False,0.1366212993033877,1.366212993033877
C48$@DOM1,4,2,0,0.0,False,0.1366212993033877,1.366212993033877
C252$@DOM1,4,2,0,0.0,False,0.1366212993033877,1.366212993033877
C1063$@DOM1,4,2,0,0.0,False,0.1366212993033877,1.366212993033877
U11195@DOM1,4,2,0,0.0,False,0.1366212993033877,1.366212993033877
U1150@DOM1,4,2,0,0.0,False,0.1366212993033877,1.366212993033877
U11432@DOM1,4,2,0,0.0,False,0.1366212993033877,1.366212993033877
C747$@DOM1,4,2,0,0.0,False,0.1366212993033877,1.366212993033877
C14$@DOM1,4,2,0,0.0,False,0.1366212993033877,1.366212993033877
C2831$@DOM1,4,2,0,0.0,False,0.1366212993033877,1.366212993033877
C953$@DOM1,4,2,0,0.0,False,0.1366212993033877,1.366212993033877
C1250$@DOM1,4,2,0,0.0,False,0.1366212993033877,1.366212993033877
U441@DOM1,4,2,0,0.0,False,0.1366212993033877,1.366212993033877
C3419$@DOM1,4,2,0,0.0,False,0.1366212993033877,1.366212993033877
C1396$@DOM1,4,2,0,0.0,False,0.1366212993033877,1.366212993033877
C2696$@DOM1,4,2,0,0.0,False,0.1366212993033877,1.366212993033877
C2683$@DOM1,4,2,0,0.0,False,0.1366212993033877,1.366212993033877
U3995@DOM1,4,2,0,0.0,False,0.1366212993033877,1.366212993033877
C309$@DOM1,4,2,0,0.0,False,0.1366212993033877,1.366212993033877
C232$@DOM1,4,2,0,0.0,False,0.1366212993033877,1.366212993033877
C4437$@DOM1,4,2,0,0.0,False,0.1366212993033877,1.366212993033877
C1365$@DOM1,4,2,0,0.0,False,0.1366212993033877,1.366212993033877
C1371$@DOM1,4,2,0,0.0,False,0.1366212993033877,1.366212993033877
C748$@DOM1,4,2,0,0.0,False,0.1366212993033877,1.366212993033877
C1347$@DOM1,4,2,0,0.0,False,0.1366212993033877,1.366212993033877
C258$@DOM1,4,2,0,0.0,False,0.1366212993033877,1.366212993033877
C663$@DOM1,4,2,0,0.0,False,0.1366212993033877,1.366212993033877
C620$@DOM1,4,2,0,0.0,False,0.1366212993033877,1.366212993033877
C619$@DOM1,4,2,0,0.0,False,0.1366212993033877,1.366212993033877
C1551$@DOM1,4,2,0,0.0,False,0.1366212993033877,1.366212993033877
C2624$@DOM1,4,2,0,0.0,False,0.1366212993033877,1.366212993033877
C1546$@DOM1,4,2,0,0.0,False,0.1366212993033877,1.366212993033877
C1481$@DOM1,4,2,0,0.0,False,0.1366212993033877,1.366212993033877
C4555$@DOM1,4,2,0,0.0,False,0.1366212993033877,1.366212993033877
C560$@DOM1,4,2,0,0.0,False,0.1366212993033877,1.366212993033877
C4423$@DOM1,4,2,0,0.0,False,0.1366212993033877,1.366212993033877
C978$@DOM1,4,2,0,0.0,False,0.1366212993033877,1.366212993033877
C1196$@DOM1,4,2,0,0.0,False,0.1366212993033877,1.366212993033877
C1150$@DOM1,4,2,0,0.0,False,0.1366212993033877,1.366212993033877
C1384$@DOM1,4,2,0,0.0,False,0.1366212993033877,1.366212993033877
C1182$@DOM1,4,2,0,0.0,False,0.1366212993033877,1.366212993033877
C1031$@DOM1,4,2,0,0.0,False,0.1366212993033877,1.366212993033877
C1232$@DOM1,4,2,0,0.0,False,0.1366212993033877,1.366212993033877
C708$@DOM1,3,2,0,0.0,False,0.1186098159363468,1.186098159363468
C704$@DOM1,3,2,0,0.0,False,0.1186098159363468,1.186098159363468
C637$@DOM1,3,2,0,0.0,False,0.1186098159363468,1.186098159363468
C1637$@DOM1,3,2,0,0.0,False,0.1186098159363468,1.186098159363468
C507$@DOM1,3,2,0,0.0,False,0.1186098159363468,1.186098159363468
C1976$@DOM1,3,2,0,0.0,False,0.1186098159363468,1.186098159363468
C610$@DOM1,3,2,0,0.0,False,0.1186098159363468,1.186098159363468
C668$@DOM1,3,2,0,0.0,False,0.1186098159363468,1.186098159363468
C543$@DOM1,3,2,0,0.0,False,0.1186098159363468,1.186098159363468
C544$@DOM1,3,2,0,0.0,False,0.1186098159363468,1.186098159363468
C333$@DOM1,3,2,0,0.0,False,0.1186098159363468,1.186098159363468
C1315$@DOM1,3,2,0,0.0,False,0.1186098159363468,1.186098159363468
C1372$@DOM1,3,2,0,0.0,False,0.1186098159363468,1.186098159363468
C2815$@DOM1,3,2,0,0.0,False,0.1186098159363468,1.186098159363468
C25$@DOM1,3,2,0,0.0,False,0.1186098159363468,1.186098159363468
C1388$@DOM1,3,2,0,0.0,False,0.1186098159363468,1.186098159363468
C873$@DOM1,3,2,0,0.0,False,0.1186098159363468,1.186098159363468
C151$@DOM1,3,2,0,0.0,False,0.1186098159363468,1.186098159363468
C199$@DOM1,3,2,0,0.0,False,0.1186098159363468,1.186098159363468
C1632$@DOM1,3,2,0,0.0,False,0.1186098159363468,1.186098159363468
C176$@DOM1,3,2,0,0.0,False,0.1186098159363468,1.186098159363468
C1111$@DOM1,3,2,0,0.0,False,0.1186098159363468,1.186098159363468
U326@DOM1,3,2,0,0.0,False,0.1186098159363468,1.186098159363468
U30@DOM1,3,2,0,0.0,False,0.1186098159363468,1.186098159363468
C992$@DOM1,3,2,0,0.0,False,0.1186098159363468,1.186098159363468
C502$@DOM1,3,2,0,0.0,False,0.1186098159363468,1.186098159363468
C4067$@DOM1,3,2,0,0.0,False,0.1186098159363468,1.186098159363468
U1702@?,3,2,0,0.0,False,0.1186098159363468,1.186098159363468
C877$@DOM1,3,2,0,0.0,False,0.1186098159363468,1.186098159363468
C884$@DOM1,3,2,0,0.0,False,0.1186098159363468,1.186098159363468
C1592$@DOM1,3,2,0,0.0,False,0.1186098159363468,1.186098159363468
C590$@DOM1,3,2,0,0.0,False,0.1186098159363468,1.186098159363468
C1308$@DOM1,3,2,0,0.0,False,0.1186098159363468,1.186098159363468
C1469$@DOM1,3,2,0,0.0,False,0.1186098159363468,1.186098159363468
C735$@DOM1,3,2,0,0.0,False,0.1186098159363468,1.186098159363468
C1210$@DOM1,3,2,0,0.0,False,0.1186098159363468,1.186098159363468
C2393$@DOM1,3,2,0,0.0,False,0.1186098159363468,1.186098159363468
C3380$@DOM3,3,2,0,0.0,False,0.1186098159363468,1.186098159363468
C1343$@DOM1,3,2,0,0.0,False,0.1186098159363468,1.186098159363468
U1325@?,3,2,0,0.0,False,0.1186098159363468,1.186098159363468
C1363$@DOM1,3,2,0,0.0,False,0.1186098159363468,1.186098159363468
C767$@DOM1,3,2,0,0.0,False,0.1186098159363468,1.186098159363468
C777$@DOM1,3,2,0,0.0,False,0.1186098159363468,1.186098159363468
C4285$@DOM1,3,2,0,0.0,False,0.1186098159363468,1.186098159363468
C2659$@DOM1,3,2,0,0.0,False,0.1186098159363468,1.186098159363468
C1401$@DOM1,3,2,0,0.0,False,0.1186098159363468,1.186098159363468
C4332$@DOM1,3,2,0,0.0,False,0.1186098159363468,1.186098159363468
C2530$@DOM1,3,2,0,0.0,False,0.1186098159363468,1.186098159363468
C1445$@DOM1,3,2,0,0.0,False,0.1186098159363468,1.186098159363468
C688$@DOM1,3,2,0,0.0,False,0.1186098159363468,1.186098159363468
C693$@DOM1,3,2,0,0.0,False,0.1186098159363468,1.186098159363468
C3940$@DOM1,3,2,0,0.0,False,0.1186098159363468,1.186098159363468
C1131$@DOM1,3,2,0,0.0,False,0.1186098159363468,1.186098159363468
C1513$@DOM1,3,2,0,0.0,False,0.1186098159363468,1.186098159363468
C460$@DOM1,3,2,0,0.0,False,0.1186098159363468,1.186098159363468
C1447$@DOM1,3,2,0,0.0,False,0.1186098159363468,1.186098159363468
C462$@DOM1,3,2,0,0.0,False,0.1186098159363468,1.186098159363468
C235$@DOM1,3,2,0,0.0,False,0.1186098159363468,1.186098159363468
C782$@DOM1,3,2,0,0.0,False,0.1186098159363468,1.186098159363468
C420$@DOM1,3,2,0,0.0,False,0.1186098159363468,1.186098159363468
U652@DOM1,3,2,0,0.0,False,0.1186098159363468,1.186098159363468
C899$@DOM1,3,2,0,0.0,False,0.1186098159363468,1.186098159363468
C712$@DOM1,3,2,0,0.0,False,0.1186098159363468,1.186098159363468
U1371@DOM1,3,2,0,0.0,False,0.1186098159363468,1.186098159363468
C1032$@DOM1,3,2,0,0.0,False,0.1186098159363468,1.186098159363468
C697$@DOM1,3,2,0,0.0,False,0.1186098159363468,1.186098159363468
C283$@DOM1,3,2,0,0.0,False,0.1186098159363468,1.186098159363468
C2825$@DOM1,3,2,0,0.0,False,0.1186098159363468,1.186098159363468
C2405$@DOM1,3,2,0,0.0,False,0.1186098159363468,1.186098159363468
U1269@DOM1,3,2,0,0.0,False,0.1186098159363468,1.186098159363468
C1485$@DOM1,3,2,0,0.0,False,0.1186098159363468,1.186098159363468
C1386$@DOM1,3,2,0,0.0,False,0.1186098159363468,1.186098159363468
C983$@DOM1,3,2,0,0.0,False,0.1186098159363468,1.186098159363468
U517@DOM1,3,2,0,0.0,False,0.1186098159363468,1.186098159363468
C131$@DOM1,3,2,0,0.0,False,0.1186098159363468,1.186098159363468
C3098$@DOM1,3,2,0,0.0,False,0.1186098159363468,1.186098159363468
C934$@DOM1,3,2,0,0.0,False,0.1186098159363468,1.186098159363468
C563$@DOM1,3,2,0,0.0,False,0.1186098159363468,1.186098159363468
C3457$@DOM1,3,2,0,0.0,False,0.1186098159363468,1.186098159363468
C1321$@DOM1,3,2,0,0.0,False,0.1186098159363468,1.186098159363468
C1322$@DOM1,3,2,0,0.0,False,0.1186098159363468,1.186098159363468
C2051$@DOM1,3,2,0,0.0,False,0.1186098159363468,1.186098159363468
C1264$@DOM1,3,2,0,0.0,False,0.1186098159363468,1.186098159363468
C1296$@DOM1,3,2,0,0.0,False,0.1186098159363468,1.186098159363468
C378$@DOM1,3,2,0,0.0,False,0.1186098159363468,1.186098159363468
C2086$@DOM1,3,2,0,0.0,False,0.1186098159363468,1.186098159363468
C1192$@DOM1,3,2,0,0.0,False,0.1186098159363468,1.186098159363468
C2957$@DOM1,3,2,0,0.0,False,0.1186098159363468,1.186098159363468
C5843$@DOM1,3,2,0,0.0,False,0.1186098159363468,1.186098159363468
C856$@DOM1,3,2,0,0.0,False,0.1186098159363468,1.186098159363468
C676$@DOM1,3,2,0,0.0,False,0.1186098159363468,1.186098159363468
C377$@DOM1,3,2,0,0.0,False,0.1186098159363468,1.186098159363468
C4451$@DOM1,3,2,0,0.0,False,0.1186098159363468,1.186098159363468
C447$@DOM1,3,2,0,0.0,False,0.1186098159363468,1.186098159363468
C263$@DOM1,3,2,0,0.0,False,0.1186098159363468,1.186098159363468
C261$@DOM1,3,2,0,0.0,False,0.1186098159363468,1.186098159363468
C3748$@DOM1,3,2,0,0.0,False,0.1186098159363468,1.186098159363468
C1577$@DOM1,3,2,0,0.0,False,0.1186098159363468,1.186098159363468
C648$@DOM1,3,2,0,0.0,False,0.1186098159363468,1.186098159363468
C156$@DOM1,3,2,0,0.0,False,0.1186098159363468,1.186098159363468
C1556$@DOM1,3,2,0,0.0,False,0.1186098159363468,1.186098159363468
C640$@DOM1,3,2,0,0.0,False,0.1186098159363468,1.186098159363468
ANONYMOUS LOGON@C2235,5,1,0,0.0,False,0.1162031676886985,1.162031676886985
C603$@DOM1,5,1,0,0.0,False,0.1162031676886985,1.162031676886985
C1867$@DOM1,5,1,0,0.0,False,0.1162031676886985,1.162031676886985
U1068@DOM1,5,1,0,0.0,False,0.1162031676886985,1.162031676886985
C1743$@DOM1,5,1,0,0.0,False,0.1162031676886985,1.162031676886985
C2388$@DOM1,5,1,0,0.0,False,0.1162031676886985,1.162031676886985
U1670@DOM1,5,1,0,0.0,False,0.1162031676886985,1.162031676886985
C2835$@DOM1,5,1,0,0.0,False,0.1162031676886985,1.162031676886985
U1782@DOM1,5,1,0,0.0,False,0.1162031676886985,1.162031676886985
C4509$@DOM1,5,1,0,0.0,False,0.1162031676886985,1.162031676886985
C2385$@DOM1,5,1,0,0.0,False,0.1162031676886985,1.162031676886985
U123@C1984,5,1,0,0.0,False,0.1162031676886985,1.162031676886985
C3835$@DOM1,5,1,0,0.0,False,0.1162031676886985,1.162031676886985
C2062$@DOM1,5,1,0,0.0,False,0.1162031676886985,1.162031676886985
C1866$@DOM1,7,2,0,0.0,False,0.1142671514542115,1.142671514542115
C1366$@DOM1,7,2,0,0.0,False,0.1142671514542115,1.142671514542115
C2886$@DOM1,7,2,0,0.0,False,0.1142671514542115,1.142671514542115
C1045$@DOM1,7,2,0,0.0,False,0.1142671514542115,1.142671514542115
U9@DOM1,7,2,0,0.0,False,0.1142671514542115,1.142671514542115
C2925$@DOM1,7,2,0,0.0,False,0.1142671514542115,1.142671514542115
C1038$@DOM1,7,2,0,0.0,False,0.1142671514542115,1.142671514542115
C2095$@DOM1,7,2,0,0.0,False,0.1142671514542115,1.142671514542115
C1216$@DOM1,7,2,0,0.0,False,0.1142671514542115,1.142671514542115
C150$@DOM1,7,2,0,0.0,False,0.1142671514542115,1.142671514542115
C2692$@DOM1,7,2,0,0.0,False,0.1142671514542115,1.142671514542115
U291@DOM1,7,2,0,0.0,False,0.1142671514542115,1.142671514542115
C1109$@DOM1,7,2,0,0.0,False,0.1142671514542115,1.142671514542115
C360$@DOM1,7,2,0,0.0,False,0.1142671514542115,1.142671514542115
C2821$@DOM1,7,2,0,0.0,False,0.1142671514542115,1.142671514542115
C2576$@DOM1,7,2,0,0.0,False,0.1142671514542115,1.142671514542115
U478@DOM1,7,2,0,0.0,False,0.1142671514542115,1.142671514542115
C3310$@DOM1,7,2,0,0.0,False,0.1142671514542115,1.142671514542115
C1123$@DOM1,7,2,0,0.0,False,0.1142671514542115,1.142671514542115
C1137$@DOM1,7,2,0,0.0,False,0.1142671514542115,1.142671514542115
C310$@DOM1,7,2,0,0.0,False,0.1142671514542115,1.142671514542115
U115@DOM1,7,2,0,0.0,False,0.1142671514542115,1.142671514542115
C1657$@DOM1,7,2,0,0.0,False,0.1142671514542115,1.142671514542115
C784$@DOM1,7,2,0,0.0,False,0.1142671514542115,1.142671514542115
C4831$@DOM1,7,2,0,0.0,False,0.1142671514542115,1.142671514542115
C1019$@DOM1,7,2,0,0.0,False,0.1142671514542115,1.142671514542115
C1686$@DOM1,7,2,0,0.0,False,0.1142671514542115,1.142671514542115
C3088$@DOM1,7,2,0,0.0,False,0.1142671514542115,1.142671514542115
C343$@DOM1,7,2,0,0.0,False,0.1142671514542115,1.142671514542115
C3493$@DOM1,7,2,0,0.0,False,0.1142671514542115,1.142671514542115
C1767$@DOM1,7,2,0,0.0,False,0.1142671514542115,1.142671514542115
C2627$@DOM1,7,2,0,0.0,False,0.1142671514542115,1.142671514542115
C1969$@DOM1,7,2,0,0.0,False,0.1142671514542115,1.142671514542115
C846$@DOM1,7,2,0,0.0,False,0.1142671514542115,1.142671514542115
C453$@DOM1,8,2,0,0.0,False,0.1073886259275417,1.073886259275417
C679$@DOM1,8,2,0,0.0,False,0.1073886259275417,1.073886259275417
C3650$@DOM1,8,2,0,0.0,False,0.1073886259275417,1.073886259275417
C4396$@DOM1,8,2,0,0.0,False,0.1073886259275417,1.073886259275417
C3215$@DOM1,8,2,0,0.0,False,0.1073886259275417,1.073886259275417
C2205$@DOM1,8,2,0,0.0,False,0.1073886259275417,1.073886259275417
C1947$@DOM1,8,2,0,0.0,False,0.1073886259275417,1.073886259275417
U232@DOM1,8,2,0,0.0,False,0.1073886259275417,1.073886259275417
C1136$@DOM1,8,2,0,0.0,False,0.1073886259275417,1.073886259275417
U207@?,8,2,0,0.0,False,0.1073886259275417,1.073886259275417
C518$@DOM1,8,2,0,0.0,False,0.1073886259275417,1.073886259275417
C3741$@DOM1,8,2,0,0.0,False,0.1073886259275417,1.073886259275417
C2565$@DOM1,8,2,0,0.0,False,0.1073886259275417,1.073886259275417
C2622$@DOM1,8,2,0,0.0,False,0.1073886259275417,1.073886259275417
C155$@DOM1,8,2,0,0.0,False,0.1073886259275417,1.073886259275417
C18$@DOM1,8,2,0,0.0,False,0.1073886259275417,1.073886259275417
C3642$@DOM1,8,2,0,0.0,False,0.1073886259275417,1.073886259275417
C994$@DOM1,8,2,0,0.0,False,0.1073886259275417,1.073886259275417
C1782$@DOM1,8,2,0,0.0,False,0.1073886259275417,1.073886259275417
C1393$@DOM1,8,2,0,0.0,False,0.1073886259275417,1.073886259275417
C5693$@DOM1,8,2,0,0.0,False,0.1073886259275417,1.073886259275417
C56$@DOM1,8,2,0,0.0,False,0.1073886259275417,1.073886259275417
U384@DOM1,8,2,0,0.0,False,0.1073886259275417,1.073886259275417
C2911$@DOM1,8,2,0,0.0,False,0.1073886259275417,1.073886259275417
C2794$@DOM1,8,2,0,0.0,False,0.1073886259275417,1.073886259275417
C888$@DOM1,8,2,0,0.0,False,0.1073886259275417,1.073886259275417
C4110$@DOM1,8,2,0,0.0,False,0.1073886259275417,1.073886259275417
C2694$@DOM1,8,2,0,0.0,False,0.1073886259275417,1.073886259275417
C118$@DOM1,8,2,0,0.0,False,0.1073886259275417,1.073886259275417
C1666$@DOM1,8,2,0,0.0,False,0.1073886259275417,1.073886259275417
C4375$@DOM1,8,2,0,0.0,False,0.1073886259275417,1.073886259275417
C4649$@DOM1,8,2,0,0.0,False,0.1073886259275417,1.073886259275417
U1829@?,8,2,0,0.0,False,0.1073886259275417,1.073886259275417
C437$@DOM1,8,2,0,0.0,False,0.1073886259275417,1.073886259275417
U1825@?,9,2,0,0.0,False,0.08922832485411,0.8922832485411001
C761$@DOM1,9,2,0,0.0,False,0.08922832485411,0.8922832485411001
U260@DOM1,9,2,0,0.0,False,0.08922832485411,0.8922832485411001
C1105$@DOM1,9,2,0,0.0,False,0.08922832485411,0.8922832485411001
C1965$@DOM1,9,2,0,0.0,False,0.08922832485411,0.8922832485411001
U1535@DOM1,9,2,0,0.0,False,0.08922832485411,0.8922832485411001
U262@DOM1,9,2,0,0.0,False,0.08922832485411,0.8922832485411001
U259@DOM1,9,2,0,0.0,False,0.08922832485411,0.8922832485411001
C3025$@DOM1,9,2,0,0.0,False,0.08922832485411,0.8922832485411001
U261@DOM1,9,2,0,0.0,False,0.08922832485411,0.8922832485411001
C1992$@DOM1,9,2,0,0.0,False,0.08922832485411,0.8922832485411001
C3833$@DOM1,9,2,0,0.0,False,0.08922832485411,0.8922832485411001
C1527$@DOM1,9,2,0,0.0,False,0.08922832485411,0.8922832485411001
C3580$@DOM1,9,2,0,0.0,False,0.08922832485411,0.8922832485411001
C3850$@DOM1,9,2,0,0.0,False,0.08922832485411,0.8922832485411001
C2084$@DOM1,9,2,0,0.0,False,0.08922832485411,0.8922832485411001
C3814$@DOM1,9,2,0,0.0,False,0.08922832485411,0.8922832485411001
C346$@DOM1,9,2,0,0.0,False,0.08922832485411,0.8922832485411001
C2900$@DOM1,9,2,0,0.0,False,0.08922832485411,0.8922832485411001
C936$@DOM1,10,2,0,0.0,False,0.082112278307023,0.82112278307023
C3662$@DOM1,10,2,0,0.0,False,0.082112278307023,0.82112278307023
C1649$@DOM1,10,2,0,0.0,False,0.082112278307023,0.82112278307023
U699@DOM1,10,2,0,0.0,False,0.082112278307023,0.82112278307023
C591$@DOM1,10,2,0,0.0,False,0.082112278307023,0.82112278307023
C2214$@DOM1,10,2,0,0.0,False,0.082112278307023,0.82112278307023
C2377$@DOM1,10,2,0,0.0,False,0.082112278307023,0.82112278307023
C1720$@DOM1,10,2,0,0.0,False,0.082112278307023,0.82112278307023
C2589$@DOM1,10,2,0,0.0,False,0.082112278307023,0.82112278307023
C1918$@DOM1,10,2,0,0.0,False,0.082112278307023,0.82112278307023
C3811$@DOM1,10,2,0,0.0,False,0.082112278307023,0.82112278307023
C78$@DOM1,10,2,0,0.0,False,0.082112278307023,0.82112278307023
C1068$@DOM1,10,2,0,0.0,False,0.082112278307023,0.82112278307023
U1370@DOM1,10,2,0,0.0,False,0.082112278307023,0.82112278307023
U297@DOM1,10,2,0,0.0,False,0.082112278307023,0.82112278307023
C1373$@DOM1,10,3,0,0.0,False,0.0796567220698263,0.796567220698263
C1126$@DOM1,10,3,0,0.0,False,0.0796567220698263,0.796567220698263
U435@DOM1,10,3,0,0.0,False,0.0796567220698263,0.796567220698263
C820$@DOM1,10,3,0,0.0,False,0.0796567220698263,0.796567220698263
C335$@DOM1,10,3,0,0.0,False,0.0796567220698263,0.796567220698263
C1193$@DOM1,10,3,0,0.0,False,0.0796567220698263,0.796567220698263
C2667$@DOM1,10,3,0,0.0,False,0.0796567220698263,0.796567220698263
C1410$@DOM1,10,3,0,0.0,False,0.0796567220698263,0.796567220698263
C1669$@DOM1,10,3,0,0.0,False,0.0796567220698263,0.796567220698263
U1025@DOM1,10,3,0,0.0,False,0.0796567220698263,0.796567220698263
C3097$@DOM1,10,3,0,0.0,False,0.0796567220698263,0.796567220698263
C1283$@DOM1,10,3,0,0.0,False,0.0796567220698263,0.796567220698263
C1381$@DOM1,10,3,0,0.0,False,0.0796567220698263,0.796567220698263
C1645$@DOM1,10,3,0,0.0,False,0.0796567220698263,0.796567220698263
C1033$@DOM1,10,3,0,0.0,False,0.0796567220698263,0.796567220698263
C641$@DOM1,10,3,0,0.0,False,0.0796567220698263,0.796567220698263
C2261$@DOM1,10,3,0,0.0,False,0.0796567220698263,0.796567220698263
C785$@DOM1,10,3,0,0.0,False,0.0796567220698263,0.796567220698263
U333@DOM1,10,3,0,0.0,False,0.0796567220698263,0.796567220698263
C1089$@DOM1,10,3,0,0.0,False,0.0796567220698263,0.796567220698263
C841$@DOM1,10,3,0,0.0,False,0.0796567220698263,0.796567220698263
C1273$@DOM1,10,3,0,0.0,False,0.0796567220698263,0.796567220698263
C1048$@DOM1,10,3,0,0.0,False,0.0796567220698263,0.796567220698263
C312$@DOM1,10,3,0,0.0,False,0.0796567220698263,0.796567220698263
C2768$@DOM1,10,3,0,0.0,False,0.0796567220698263,0.796567220698263
C282$@DOM1,10,3,0,0.0,False,0.0796567220698263,0.796567220698263
C990$@DOM1,10,3,0,0.0,False,0.0796567220698263,0.796567220698263
C28$@DOM1,10,3,0,0.0,False,0.0796567220698263,0.796567220698263
C3603$@DOM1,10,3,0,0.0,False,0.0796567220698263,0.796567220698263
U210@DOM1,10,3,0,0.0,False,0.0796567220698263,0.796567220698263
C2733$@DOM1,10,3,0,0.0,False,0.0796567220698263,0.796567220698263
U1404@DOM1,10,3,0,0.0,False,0.0796567220698263,0.796567220698263
C898$@DOM1,9,3,0,0.0,False,0.0747055287915535,0.747055287915535
C771$@DOM1,9,3,0,0.0,False,0.0747055287915535,0.747055287915535
C132$@DOM1,9,3,0,0.0,False,0.0747055287915535,0.747055287915535
C441$@DOM1,9,3,0,0.0,False,0.0747055287915535,0.747055287915535
C2954$@DOM1,9,3,0,0.0,False,0.0747055287915535,0.747055287915535
C593$@DOM1,9,3,0,0.0,False,0.0747055287915535,0.747055287915535
C774$@DOM1,9,3,0,0.0,False,0.0747055287915535,0.747055287915535
C1871$@DOM1,9,3,0,0.0,False,0.0747055287915535,0.747055287915535
U304@DOM1,9,3,0,0.0,False,0.0747055287915535,0.747055287915535
C1532$@DOM1,9,3,0,0.0,False,0.0747055287915535,0.747055287915535
C318$@DOM1,9,3,0,0.0,False,0.0747055287915535,0.747055287915535
C1041$@DOM1,9,3,0,0.0,False,0.0747055287915535,0.747055287915535
C117$@DOM1,9,3,0,0.0,False,0.0747055287915535,0.747055287915535
C2688$@DOM1,9,3,0,0.0,False,0.0747055287915535,0.747055287915535
C690$@DOM1,9,3,0,0.0,False,0.0747055287915535,0.747055287915535
C809$@DOM1,9,3,0,0.0,False,0.0747055287915535,0.747055287915535
C4059$@DOM1,9,3,0,0.0,False,0.0747055287915535,0.747055287915535
C279$@DOM1,9,3,0,0.0,False,0.0747055287915535,0.747055287915535
C2757$@DOM1,9,3,0,0.0,False,0.0747055287915535,0.747055287915535
C791$@DOM1,9,3,0,0.0,False,0.0747055287915535,0.747055287915535
C367$@DOM1,9,3,0,0.0,False,0.0747055287915535,0.747055287915535
C686$@DOM1,9,3,0,0.0,False,0.0747055287915535,0.747055287915535
C2816$@DOM1,9,3,0,0.0,False,0.0747055287915535,0.747055287915535
C1332$@DOM1,9,3,0,0.0,False,0.0747055287915535,0.747055287915535
C1338$@DOM1,9,3,0,0.0,False,0.0747055287915535,0.747055287915535
C2369$@DOM1,9,3,0,0.0,False,0.0747055287915535,0.747055287915535
C1245$@DOM1,9,3,0,0.0,False,0.0747055287915535,0.747055287915535
C2255$@DOM1,9,3,0,0.0,False,0.0747055287915535,0.747055287915535
C76$@DOM1,9,3,0,0.0,False,0.0747055287915535,0.747055287915535
C665$@DOM1,9,3,0,0.0,False,0.0747055287915535,0.747055287915535
C632$@DOM1,9,3,0,0.0,False,0.0747055287915535,0.747055287915535
U204@DOM1,11,2,0,0.0,False,0.0733652307488286,0.733652307488286
C241$@DOM1,11,2,0,0.0,False,0.0733652307488286,0.733652307488286
U404@DOM1,11,2,0,0.0,False,0.0733652307488286,0.733652307488286
C5764$@DOM1,11,2,0,0.0,False,0.0733652307488286,0.733652307488286
C2753$@DOM1,11,2,0,0.0,False,0.0733652307488286,0.733652307488286
C2665$@DOM1,11,2,0,0.0,False,0.0733652307488286,0.733652307488286
C1318$@DOM1,11,2,0,0.0,False,0.0733652307488286,0.733652307488286
C2453$@DOM1,11,2,0,0.0,False,0.0733652307488286,0.733652307488286
U199@?,11,2,0,0.0,False,0.0733652307488286,0.733652307488286
C3682$@DOM1,6,1,0,0.0,False,0.0732009341138831,0.7320093411388311
C1191$@DOM1,6,1,0,0.0,False,0.0732009341138831,0.7320093411388311
C2778$@DOM1,6,1,0,0.0,False,0.0732009341138831,0.7320093411388311
U534@DOM1,6,1,0,0.0,False,0.0732009341138831,0.7320093411388311
U141@DOM1,6,1,0,0.0,False,0.0732009341138831,0.7320093411388311
U149@DOM1,6,1,0,0.0,False,0.0732009341138831,0.7320093411388311
C4185$@DOM1,6,1,0,0.0,False,0.0732009341138831,0.7320093411388311
C2091$@DOM1,6,1,0,0.0,False,0.0732009341138831,0.7320093411388311
C3857$@DOM1,6,1,0,0.0,False,0.0732009341138831,0.7320093411388311
U1040@DOM1,6,1,0,0.0,False,0.0732009341138831,0.7320093411388311
C1884$@DOM1,6,1,0,0.0,False,0.0732009341138831,0.7320093411388311
C2436$@DOM1,6,1,0,0.0,False,0.0732009341138831,0.7320093411388311
C1784$@DOM1,6,1,0,0.0,False,0.0732009341138831,0.7320093411388311
U366@DOM1,6,1,0,0.0,False,0.0732009341138831,0.7320093411388311
C3328$@DOM1,6,1,0,0.0,False,0.0732009341138831,0.7320093411388311
C4442$@DOM1,6,1,0,0.0,False,0.0732009341138831,0.7320093411388311
U446@DOM1,6,1,0,0.0,False,0.0732009341138831,0.7320093411388311
C2559$@DOM1,6,1,0,0.0,False,0.0732009341138831,0.7320093411388311
C4919$@DOM1,6,1,0,0.0,False,0.0732009341138831,0.7320093411388311
U494@DOM1,6,1,0,0.0,False,0.0732009341138831,0.7320093411388311
C3454$@DOM1,6,1,0,0.0,False,0.0732009341138831,0.7320093411388311
U7353@C1596,6,1,0,0.0,False,0.0732009341138831,0.7320093411388311
U117@DOM1,6,1,0,0.0,False,0.0732009341138831,0.7320093411388311
C3034$@DOM1,6,1,0,0.0,False,0.0732009341138831,0.7320093411388311
C3498$@DOM1,6,1,0,0.0,False,0.0732009341138831,0.7320093411388311
C3211$@DOM1,6,1,0,0.0,False,0.0732009341138831,0.7320093411388311
U61@DOM1,6,1,0,0.0,False,0.0732009341138831,0.7320093411388311
C3847$@DOM1,6,1,0,0.0,False,0.0732009341138831,0.7320093411388311
C1607$@DOM1,6,1,0,0.0,False,0.0732009341138831,0.7320093411388311
C2090$@DOM1,6,1,0,0.0,False,0.0732009341138831,0.7320093411388311
C3824$@DOM1,6,1,0,0.0,False,0.0732009341138831,0.7320093411388311
U1063@DOM1,6,1,0,0.0,False,0.0732009341138831,0.7320093411388311
C3694$@DOM1,8,3,0,0.0,False,0.0722224399798098,0.722224399798098
C2577$@DOM1,8,3,0,0.0,False,0.0722224399798098,0.722224399798098
C2192$@DOM1,8,3,0,0.0,False,0.0722224399798098,0.722224399798098
C1369$@DOM1,8,3,0,0.0,False,0.0722224399798098,0.722224399798098
C671$@DOM1,8,3,0,0.0,False,0.0722224399798098,0.722224399798098
C4249$@DOM1,8,3,0,0.0,False,0.0722224399798098,0.722224399798098
C1665$@DOM1,8,3,0,0.0,False,0.0722224399798098,0.722224399798098
C5487$@DOM1,8,3,0,0.0,False,0.0722224399798098,0.722224399798098
C2800$@DOM1,8,3,0,0.0,False,0.0722224399798098,0.722224399798098
C1012$@DOM1,8,3,0,0.0,False,0.0722224399798098,0.722224399798098
C970$@DOM1,8,3,0,0.0,False,0.0722224399798098,0.722224399798098
C119$@DOM1,8,3,0,0.0,False,0.0722224399798098,0.722224399798098
C498$@DOM1,8,3,0,0.0,False,0.0722224399798098,0.722224399798098
U82@DOM1,8,3,0,0.0,False,0.0722224399798098,0.722224399798098
C4057$@DOM1,8,3,0,0.0,False,0.0722224399798098,0.722224399798098
C3534$@DOM1,8,3,0,0.0,False,0.0722224399798098,0.722224399798098
C2472$@DOM1,8,3,0,0.0,False,0.0722224399798098,0.722224399798098
C3921$@DOM1,8,3,0,0.0,False,0.0722224399798098,0.722224399798098
C1954$@DOM1,8,3,0,0.0,False,0.0722224399798098,0.722224399798098
C606$@DOM1,8,3,0,0.0,False,0.0722224399798098,0.722224399798098
C674$@DOM1,8,3,0,0.0,False,0.0722224399798098,0.722224399798098
C1310$@DOM1,8,3,0,0.0,False,0.0722224399798098,0.722224399798098
C3303$@DOM1,8,3,0,0.0,False,0.0722224399798098,0.722224399798098
C4403$@DOM1,8,3,0,0.0,False,0.0722224399798098,0.722224399798098
C270$@DOM1,8,3,0,0.0,False,0.0722224399798098,0.722224399798098
U1631@DOM1,8,3,0,0.0,False,0.0722224399798098,0.722224399798098
C1215$@DOM1,8,3,0,0.0,False,0.0722224399798098,0.722224399798098
C1627$@DOM1,8,3,0,0.0,False,0.0722224399798098,0.722224399798098
C910$@DOM1,8,3,0,0.0,False,0.0722224399798098,0.722224399798098
C485$@DOM1,8,3,0,0.0,False,0.0722224399798098,0.722224399798098
C2689$@DOM1,8,3,0,0.0,False,0.0722224399798098,0.722224399798098
U486@DOM1,8,3,0,0.0,False,0.0722224399798098,0.722224399798098
C4334$@DOM1,8,3,0,0.0,False,0.0722224399798098,0.722224399798098
C4258$@DOM1,8,3,0,0.0,False,0.0722224399798098,0.722224399798098
U219@DOM1,12,2,0,0.0,False,0.0706877402086515,0.706877402086515
C5526$@DOM1,12,2,0,0.0,False,0.0706877402086515,0.706877402086515
C1209$@DOM1,12,2,0,0.0,False,0.0706877402086515,0.706877402086515
C1567$@DOM1,12,2,0,0.0,False,0.0706877402086515,0.706877402086515
U177@DOM1,12,2,0,0.0,False,0.0706877402086515,0.706877402086515
C1972$@DOM1,12,2,0,0.0,False,0.0706877402086515,0.706877402086515
C793$@DOM1,12,2,0,0.0,False,0.0706877402086515,0.706877402086515
C3674$@DOM1,12,2,0,0.0,False,0.0706877402086515,0.706877402086515
C2103$@DOM1,12,2,0,0.0,False,0.0706877402086515,0.706877402086515
C2742$@DOM1,12,2,0,0.0,False,0.0706877402086515,0.706877402086515
C4169$@DOM1,12,2,0,0.0,False,0.0706877402086515,0.706877402086515
U49@DOM1,12,2,0,0.0,False,0.0706877402086515,0.706877402086515
C2451$@DOM1,12,2,0,0.0,False,0.0706877402086515,0.706877402086515
U657@DOM1,12,2,0,0.0,False,0.0706877402086515,0.706877402086515
C465$@DOM1,12,2,0,0.0,False,0.0706877402086515,0.706877402086515
C2234$@DOM1,12,2,0,0.0,False,0.0706877402086515,0.706877402086515
C4167$@DOM1,12,3,0,0.0,False,0.0700959514985331,0.7009595149853309
C1873$@DOM1,12,3,0,0.0,False,0.0700959514985331,0.7009595149853309
C2657$@DOM1,12,3,0,0.0,False,0.0700959514985331,0.7009595149853309
C866$@DOM1,12,3,0,0.0,False,0.0700959514985331,0.7009595149853309
C2413$@DOM1,12,3,0,0.0,False,0.0700959514985331,0.7009595149853309
C193$@DOM1,12,3,0,0.0,False,0.0700959514985331,0.7009595149853309
C1563$@DOM1,12,3,0,0.0,False,0.0700959514985331,0.7009595149853309
C1576$@DOM1,12,3,0,0.0,False,0.0700959514985331,0.7009595149853309
U610@DOM1,12,3,0,0.0,False,0.0700959514985331,0.7009595149853309
C739$@DOM1,11,3,0,0.0,False,0.0685481107051699,0.6854811070516991
U187@DOM1,11,3,0,0.0,False,0.0685481107051699,0.6854811070516991
U145@DOM1,11,3,0,0.0,False,0.0685481107051699,0.6854811070516991
C3108$@DOM1,11,3,0,0.0,False,0.0685481107051699,0.6854811070516991
U255@DOM1,11,3,0,0.0,False,0.0685481107051699,0.6854811070516991
U37@DOM1,11,3,0,0.0,False,0.0685481107051699,0.6854811070516991
C1354$@DOM1,11,3,0,0.0,False,0.0685481107051699,0.6854811070516991
C1327$@DOM1,11,3,0,0.0,False,0.0685481107051699,0.6854811070516991
C2232$@DOM1,11,3,0,0.0,False,0.0685481107051699,0.6854811070516991
C3897$@DOM1,11,3,0,0.0,False,0.0685481107051699,0.6854811070516991
C1301$@DOM1,11,3,0,0.0,False,0.0685481107051699,0.6854811070516991
C2288$@DOM1,11,3,0,0.0,False,0.0685481107051699,0.6854811070516991
U46@DOM1,11,3,0,0.0,False,0.0685481107051699,0.6854811070516991
C1899$@DOM1,13,3,0,0.0,False,0.0676969662373201,0.6769696623732011
C1067$@DOM1,13,3,0,0.0,False,0.0676969662373201,0.6769696623732011
C2027$@DOM1,13,3,0,0.0,False,0.0676969662373201,0.6769696623732011
U624@DOM1,13,3,0,0.0,False,0.0676969662373201,0.6769696623732011
C1503$@DOM1,13,3,0,0.0,False,0.0676969662373201,0.6769696623732011
C291$@DOM1,13,3,0,0.0,False,0.0676969662373201,0.6769696623732011
C1100$@DOM1,13,3,0,0.0,False,0.0676969662373201,0.6769696623732011
C5504$@DOM1,13,3,0,0.0,False,0.0676969662373201,0.6769696623732011
U1152@DOM1,13,3,0,0.0,False,0.0676969662373201,0.6769696623732011
C486$@DOM1,13,3,0,0.0,False,0.0676969662373201,0.6769696623732011
C5757$@DOM1,13,3,0,0.0,False,0.0676969662373201,0.6769696623732011
C2057$@DOM1,13,3,0,0.0,False,0.0676969662373201,0.6769696623732011
C1139$@DOM1,13,3,0,0.0,False,0.0676969662373201,0.6769696623732011
U1386@DOM1,13,3,0,0.0,False,0.0676969662373201,0.6769696623732011
U1769@DOM1,2,2,0,0.0,False,0.0676844422563753,0.6768444225637529
U1756@DOM1,2,2,0,0.0,False,0.0676844422563753,0.6768444225637529
C3461$@DOM1,2,2,0,0.0,False,0.0676844422563753,0.6768444225637529
C1146$@DOM1,2,2,0,0.0,False,0.0676844422563753,0.6768444225637529
U1539@DOM1,2,2,0,0.0,False,0.0676844422563753,0.6768444225637529
C1751$@DOM1,2,2,0,0.0,False,0.0676844422563753,0.6768444225637529
C4491$@DOM1,2,2,0,0.0,False,0.0676844422563753,0.6768444225637529
C4485$@DOM1,2,2,0,0.0,False,0.0676844422563753,0.6768444225637529
C1859$@DOM1,2,2,0,0.0,False,0.0676844422563753,0.6768444225637529
C1497$@DOM1,2,2,0,0.0,False,0.0676844422563753,0.6768444225637529
C120$@DOM1,2,2,0,0.0,False,0.0676844422563753,0.6768444225637529
C3067$@DOM1,2,2,0,0.0,False,0.0676844422563753,0.6768444225637529
C3761$@DOM1,2,2,0,0.0,False,0.0676844422563753,0.6768444225637529
C1076$@DOM1,2,2,0,0.0,False,0.0676844422563753,0.6768444225637529
C646$@DOM1,2,2,0,0.0,False,0.0676844422563753,0.6768444225637529
C153$@DOM1,2,2,0,0.0,False,0.0676844422563753,0.6768444225637529
C1547$@DOM1,2,2,0,0.0,False,0.0676844422563753,0.6768444225637529
C1185$@DOM1,2,2,0,0.0,False,0.0676844422563753,0.6768444225637529
C1957$@DOM1,2,2,0,0.0,False,0.0676844422563753,0.6768444225637529
C656$@DOM1,2,2,0,0.0,False,0.0676844422563753,0.6768444225637529
U1036@DOM1,2,2,0,0.0,False,0.0676844422563753,0.6768444225637529
C306$@DOM1,14,3,0,0.0,False,0.066015730472988,0.6601573047298801
C1376$@DOM1,14,3,0,0.0,False,0.066015730472988,0.6601573047298801
C5268$@DOM1,14,3,0,0.0,False,0.066015730472988,0.6601573047298801
U18@DOM1,14,3,0,0.0,False,0.066015730472988,0.6601573047298801
U1246@DOM1,14,3,0,0.0,False,0.066015730472988,0.6601573047298801
C1473$@DOM1,14,3,0,0.0,False,0.066015730472988,0.6601573047298801
C2013$@DOM3,14,3,0,0.0,False,0.066015730472988,0.6601573047298801
U104@DOM1,14,3,0,0.0,False,0.066015730472988,0.6601573047298801
C5422$@DOM1,14,3,0,0.0,False,0.066015730472988,0.6601573047298801
C2533$@DOM1,13,2,0,0.0,False,0.0638609561753985,0.638609561753985
C3517$@DOM1,13,2,0,0.0,False,0.0638609561753985,0.638609561753985
U970@DOM1,13,2,0,0.0,False,0.0638609561753985,0.638609561753985
U195@DOM1,13,2,0,0.0,False,0.0638609561753985,0.638609561753985
C23$@DOM1,7,3,0,0.0,False,0.0598494419819216,0.598494419819216
C2304$@DOM1,7,3,0,0.0,False,0.0598494419819216,0.598494419819216
C1197$@DOM1,7,3,0,0.0,False,0.0598494419819216,0.598494419819216
C87$@DOM1,7,3,0,0.0,False,0.0598494419819216,0.598494419819216
C2427$@DOM1,7,3,0,0.0,False,0.0598494419819216,0.598494419819216
C1228$@DOM1,7,3,0,0.0,False,0.0598494419819216,0.598494419819216
C497$@DOM1,7,3,0,0.0,False,0.0598494419819216,0.598494419819216
C573$@DOM1,7,3,0,0.0,False,0.0598494419819216,0.598494419819216
C1186$@DOM1,7,3,0,0.0,False,0.0598494419819216,0.598494419819216
C552$@DOM1,7,3,0,0.0,False,0.0598494419819216,0.598494419819216
C330$@DOM1,7,3,0,0.0,False,0.0598494419819216,0.598494419819216
C600$@DOM1,7,3,0,0.0,False,0.0598494419819216,0.598494419819216
C1478$@DOM1,7,3,0,0.0,False,0.0598494419819216,0.598494419819216
C17$@DOM1,7,3,0,0.0,False,0.0598494419819216,0.598494419819216
C1125$@DOM1,7,3,0,0.0,False,0.0598494419819216,0.598494419819216
C424$@DOM1,7,3,0,0.0,False,0.0598494419819216,0.598494419819216
C4343$@DOM1,7,3,0,0.0,False,0.0598494419819216,0.598494419819216
C763$@DOM1,7,3,0,0.0,False,0.0598494419819216,0.598494419819216
C1043$@DOM1,7,3,0,0.0,False,0.0598494419819216,0.598494419819216
C1516$@DOM1,7,3,0,0.0,False,0.0598494419819216,0.598494419819216
C822$@DOM1,7,3,0,0.0,False,0.0598494419819216,0.598494419819216
C1295$@DOM1,7,3,0,0.0,False,0.0598494419819216,0.598494419819216
C1991$@DOM1,7,3,0,0.0,False,0.0598494419819216,0.598494419819216
C294$@DOM1,7,3,0,0.0,False,0.0598494419819216,0.598494419819216
C2511$@DOM1,14,2,0,0.0,False,0.0597419540937244,0.597419540937244
C2679$@DOM1,14,2,0,0.0,False,0.0597419540937244,0.597419540937244
C3608$@DOM1,14,2,0,0.0,False,0.0597419540937244,0.597419540937244
C2386$@DOM1,14,2,0,0.0,False,0.0597419540937244,0.597419540937244
U16@DOM1,14,2,0,0.0,False,0.0597419540937244,0.597419540937244
C1770$@DOM1,14,2,0,0.0,False,0.0597419540937244,0.597419540937244
C2480$@DOM1,14,2,0,0.0,False,0.0597419540937244,0.597419540937244
U996@DOM1,14,2,0,0.0,False,0.0597419540937244,0.597419540937244
C1869$@?,14,2,0,0.0,False,0.0597419540937244,0.597419540937244
U86@DOM1,19,4,0,0.0,False,0.0562929985899842,0.562929985899842
C46$@DOM1,19,4,0,0.0,False,0.0562929985899842,0.562929985899842
C3906$@DOM1,19,4,0,0.0,False,0.0562929985899842,0.562929985899842
C5483$@DOM1,19,4,0,0.0,False,0.0562929985899842,0.562929985899842
U27@DOM1,19,4,0,0.0,False,0.0562929985899842,0.562929985899842
U207@DOM1,20,4,0,0.0,False,0.0541826696286643,0.5418266962866429
U1284@DOM1,20,4,0,0.0,False,0.0541826696286643,0.5418266962866429
U566@DOM1,20,4,0,0.0,False,0.0541826696286643,0.5418266962866429
U274@DOM1,20,4,0,0.0,False,0.0541826696286643,0.5418266962866429
C5502$@DOM1,20,4,0,0.0,False,0.0541826696286643,0.5418266962866429
C3724$@DOM1,20,4,0,0.0,False,0.0541826696286643,0.5418266962866429
C1644$@DOM1,20,4,0,0.0,False,0.0541826696286643,0.5418266962866429
C2173$@DOM1,20,4,0,0.0,False,0.0541826696286643,0.5418266962866429
C3524$@DOM1,20,4,0,0.0,False,0.0541826696286643,0.5418266962866429
U235@DOM1,20,4,0,0.0,False,0.0541826696286643,0.5418266962866429
U1228@DOM1,20,4,0,0.0,False,0.0541826696286643,0.5418266962866429
U1457@DOM1,20,4,0,0.0,False,0.0541826696286643,0.5418266962866429
C4291$@DOM1,20,4,0,0.0,False,0.0541826696286643,0.5418266962866429
C1839$@DOM1,20,4,0,0.0,False,0.0541826696286643,0.5418266962866429
C3249$@DOM1,20,4,0,0.0,False,0.0541826696286643,0.5418266962866429
C2254$@DOM1,15,3,0,0.0,False,0.0534198557093822,0.534198557093822
C271$@DOM1,15,3,0,0.0,False,0.0534198557093822,0.534198557093822
C2098$@DOM1,15,3,0,0.0,False,0.0534198557093822,0.534198557093822
C1722$@DOM1,15,3,0,0.0,False,0.0534198557093822,0.534198557093822
C1484$@DOM1,15,3,0,0.0,False,0.0534198557093822,0.534198557093822
U73@DOM1,15,3,0,0.0,False,0.0534198557093822,0.534198557093822
C3473$@DOM1,15,3,0,0.0,False,0.0534198557093822,0.534198557093822
C3086$@DOM1,15,3,0,0.0,False,0.0534198557093822,0.534198557093822
C83$@DOM1,15,3,0,0.0,False,0.0534198557093822,0.534198557093822
ANONYMOUS LOGON@C743,7,1,0,0.0,False,0.0531302251551085,0.531302251551085
C3298$@DOM1,7,1,0,0.0,False,0.0531302251551085,0.531302251551085
C4022$@DOM1,7,1,0,0.0,False,0.0531302251551085,0.531302251551085
ANONYMOUS LOGON@C2743,7,1,0,0.0,False,0.0531302251551085,0.531302251551085
NETWORK SERVICE@C1832,7,1,0,0.0,False,0.0531302251551085,0.531302251551085
C3124$@DOM1,7,1,0,0.0,False,0.0531302251551085,0.531302251551085
U306@DOM1,7,1,0,0.0,False,0.0531302251551085,0.531302251551085
C185$@DOM1,7,1,0,0.0,False,0.0531302251551085,0.531302251551085
U1072@DOM1,17,4,0,0.0,False,0.0530412592791155,0.530412592791155
C2992$@DOM1,17,4,0,0.0,False,0.0530412592791155,0.530412592791155
C1046$@DOM1,17,4,0,0.0,False,0.0530412592791155,0.530412592791155
C1690$@DOM1,17,4,0,0.0,False,0.0530412592791155,0.530412592791155
C4618$@DOM1,17,4,0,0.0,False,0.0530412592791155,0.530412592791155
U1445@DOM1,17,4,0,0.0,False,0.0530412592791155,0.530412592791155
C3552$@DOM1,17,4,0,0.0,False,0.0530412592791155,0.530412592791155
C3030$@DOM1,18,4,0,0.0,False,0.0525067192270268,0.525067192270268
C2058$@DOM1,18,4,0,0.0,False,0.0525067192270268,0.525067192270268
C5333$@DOM1,18,4,0,0.0,False,0.0525067192270268,0.525067192270268
U864@DOM1,18,4,0,0.0,False,0.0525067192270268,0.525067192270268
C1785$@DOM1,18,4,0,0.0,False,0.0525067192270268,0.525067192270268
C2931$@DOM1,18,4,0,0.0,False,0.0525067192270268,0.525067192270268
C3993$@DOM1,18,4,0,0.0,False,0.0525067192270268,0.525067192270268
C5190$@DOM1,18,4,0,0.0,False,0.0525067192270268,0.525067192270268
C2708$@DOM1,18,4,0,0.0,False,0.0525067192270268,0.525067192270268
C51$@DOM1,8,1,0,0.0,False,0.0521359802597908,0.521359802597908
C3496$@DOM1,8,1,0,0.0,False,0.0521359802597908,0.521359802597908
U234@C2769,8,1,0,0.0,False,0.0521359802597908,0.521359802597908
C3407$@DOM1,8,1,0,0.0,False,0.0521359802597908,0.521359802597908
C1672$@DOM1,8,1,0,0.0,False,0.0521359802597908,0.521359802597908
U254@DOM1,8,1,0,0.0,False,0.0521359802597908,0.521359802597908
C2137$@DOM1,8,1,0,0.0,False,0.0521359802597908,0.521359802597908
C3707$@DOM1,8,1,0,0.0,False,0.0521359802597908,0.521359802597908
C3980$@DOM1,8,1,0,0.0,False,0.0521359802597908,0.521359802597908
C2952$@DOM1,8,1,0,0.0,False,0.0521359802597908,0.521359802597908
U167@DOM1,8,1,0,0.0,False,0.0521359802597908,0.521359802597908
U73@?,8,1,0,0.0,False,0.0521359802597908,0.521359802597908
C1808$@DOM1,8,1,0,0.0,False,0.0521359802597908,0.521359802597908
C4625$@DOM1,8,1,0,0.0,False,0.0521359802597908,0.521359802597908
C4328$@DOM1,8,1,0,0.0,False,0.0521359802597908,0.521359802597908
C4044$@DOM1,8,1,0,0.0,False,0.0521359802597908,0.521359802597908
C1906$@DOM1,8,1,0,0.0,False,0.0521359802597908,0.521359802597908
SYSTEM@C561,8,1,0,0.0,False,0.0521359802597908,0.521359802597908
C3340$@DOM1,8,1,0,0.0,False,0.0521359802597908,0.521359802597908
C3365$@DOM1,8,1,0,0.0,False,0.0521359802597908,0.521359802597908
C5641$@DOM1,8,1,0,0.0,False,0.0521359802597908,0.521359802597908
C3307$@DOM1,8,1,0,0.0,False,0.0521359802597908,0.521359802597908
C2871$@DOM1,8,1,0,0.0,False,0.0521359802597908,0.521359802597908
C2918$@DOM1,8,1,0,0.0,False,0.0521359802597908,0.521359802597908
C3910$@DOM1,8,1,0,0.0,False,0.0521359802597908,0.521359802597908
C3894$@DOM1,8,1,0,0.0,False,0.0521359802597908,0.521359802597908
C3768$@DOM1,8,1,0,0.0,False,0.0521359802597908,0.521359802597908
C3587$@DOM1,8,1,0,0.0,False,0.0521359802597908,0.521359802597908
C3377$@DOM1,8,1,0,0.0,False,0.0521359802597908,0.521359802597908
C3612$@DOM1,8,1,0,0.0,False,0.0521359802597908,0.521359802597908
C2390$@DOM1,8,1,0,0.0,False,0.0521359802597908,0.521359802597908
C2422$@DOM1,8,1,0,0.0,False,0.0521359802597908,0.521359802597908
U1129@DOM1,21,4,0,0.0,False,0.0510561561041497,0.510561561041497
C2235$@DOM1,21,4,0,0.0,False,0.0510561561041497,0.510561561041497
C996$@DOM1,21,4,0,0.0,False,0.0510561561041497,0.510561561041497
U1335@DOM1,21,4,0,0.0,False,0.0510561561041497,0.510561561041497
C4449$@DOM1,21,4,0,0.0,False,0.0510561561041497,0.510561561041497
C4798$@DOM1,21,4,0,0.0,False,0.0510561561041497,0.510561561041497
C4738$@DOM1,21,4,0,0.0,False,0.0510561561041497,0.510561561041497
U1151@DOM1,21,4,0,0.0,False,0.0510561561041497,0.510561561041497
C4493$@DOM1,21,4,0,0.0,False,0.0510561561041497,0.510561561041497
U867@DOM1,22,4,0,0.0,False,0.0507108522011222,0.507108522011222
U258@DOM1,22,4,0,0.0,False,0.0507108522011222,0.507108522011222
C26$@DOM1,22,4,0,0.0,False,0.0507108522011222,0.507108522011222
C2719$@DOM1,22,4,0,0.0,False,0.0507108522011222,0.507108522011222
C2905$@DOM1,22,4,0,0.0,False,0.0507108522011222,0.507108522011222
C4448$@DOM1,22,4,0,0.0,False,0.0507108522011222,0.507108522011222
C4392$@DOM1,16,3,0,0.0,False,0.0505464911280934,0.5054649112809341
U745@DOM1,16,3,0,0.0,False,0.0505464911280934,0.5054649112809341
C1427$@DOM1,16,3,0,0.0,False,0.0505464911280934,0.5054649112809341
C654$@DOM1,16,3,0,0.0,False,0.0505464911280934,0.5054649112809341
C3640$@DOM1,16,3,0,0.0,False,0.0505464911280934,0.5054649112809341
C1255$@DOM1,16,3,0,0.0,False,0.0505464911280934,0.5054649112809341
U124@DOM1,16,3,0,0.0,False,0.0505464911280934,0.5054649112809341
C2547$@DOM1,16,3,0,0.0,False,0.0505464911280934,0.5054649112809341
C1961$@DOM1,17,3,0,0.0,False,0.0504584915618009,0.504584915618009
C2379$@DOM1,17,3,0,0.0,False,0.0504584915618009,0.504584915618009
C2775$@DOM1,17,3,0,0.0,False,0.0504584915618009,0.504584915618009
C1611$@DOM1,17,3,0,0.0,False,0.0504584915618009,0.504584915618009
C3079$@DOM1,17,3,0,0.0,False,0.0504584915618009,0.504584915618009
C4284$@DOM1,17,3,0,0.0,False,0.0504584915618009,0.504584915618009
C1319$@DOM1,17,3,0,0.0,False,0.0504584915618009,0.504584915618009
U684@DOM1,17,3,0,0.0,False,0.0504584915618009,0.504584915618009
U507@DOM1,17,3,0,0.0,False,0.0504584915618009,0.504584915618009
U635@DOM1,17,3,0,0.0,False,0.0504584915618009,0.504584915618009
C829$@DOM1,17,3,0,0.0,False,0.0504584915618009,0.504584915618009
C860$@DOM1,22,5,0,0.0,False,0.0469175145146219,0.469175145146219
C3140$@DOM1,22,5,0,0.0,False,0.0469175145146219,0.469175145146219
U1609@DOM1,22,5,0,0.0,False,0.0469175145146219,0.469175145146219
U249@DOM1,18,3,0,0.0,False,0.0449814196534458,0.449814196534458
C4835$@DOM1,18,3,0,0.0,False,0.0449814196534458,0.449814196534458
U190@DOM1,18,3,0,0.0,False,0.0449814196534458,0.449814196534458
U89@DOM1,18,3,0,0.0,False,0.0449814196534458,0.449814196534458
C939$@DOM1,18,3,0,0.0,False,0.0449814196534458,0.449814196534458
C3084$@DOM1,18,3,0,0.0,False,0.0449814196534458,0.449814196534458
C3542$@DOM1,18,3,0,0.0,False,0.0449814196534458,0.449814196534458
C3022$@DOM1,18,3,0,0.0,False,0.0449814196534458,0.449814196534458
C2382$@DOM1,18,3,0,0.0,False,0.0449814196534458,0.449814196534458
C2716$@DOM1,18,3,0,0.0,False,0.0449814196534458,0.449814196534458
C651$@DOM1,18,3,0,0.0,False,0.0449814196534458,0.449814196534458
U546@DOM1,18,3,0,0.0,False,0.0449814196534458,0.449814196534458
C5853$@DOM1,18,3,0,0.0,False,0.0449814196534458,0.449814196534458
C3543$@DOM1,28,5,0,0.0,False,0.0448143409257074,0.448143409257074
C1890$@DOM1,28,5,0,0.0,False,0.0448143409257074,0.448143409257074
U904@DOM1,28,5,0,0.0,False,0.0448143409257074,0.448143409257074
C3511$@DOM1,28,5,0,0.0,False,0.0448143409257074,0.448143409257074
U433@DOM1,24,5,0,0.0,False,0.0445036742879366,0.445036742879366
U1167@DOM1,24,5,0,0.0,False,0.0445036742879366,0.445036742879366
C1548$@DOM1,24,5,0,0.0,False,0.0445036742879366,0.445036742879366
U365@DOM1,24,5,0,0.0,False,0.0445036742879366,0.445036742879366
U1406@DOM1,24,5,0,0.0,False,0.0445036742879366,0.445036742879366
C2985$@DOM1,24,5,0,0.0,False,0.0445036742879366,0.445036742879366
U846@DOM1,16,4,0,0.0,False,0.043547619128172,0.43547619128172
C5010$@DOM1,16,4,0,0.0,False,0.043547619128172,0.43547619128172
C4992$@DOM1,16,4,0,0.0,False,0.043547619128172,0.43547619128172
C3666$@DOM1,16,4,0,0.0,False,0.043547619128172,0.43547619128172
C1878$@DOM1,16,4,0,0.0,False,0.043547619128172,0.43547619128172
U1323@DOM1,16,4,0,0.0,False,0.043547619128172,0.43547619128172
U448@DOM1,25,5,0,0.0,False,0.0434728614825574,0.434728614825574
C125$@DOM1,25,5,0,0.0,False,0.0434728614825574,0.434728614825574
C4262$@DOM1,25,5,0,0.0,False,0.0434728614825574,0.434728614825574
C1403$@DOM1,25,5,0,0.0,False,0.0434728614825574,0.434728614825574
C1776$@DOM1,25,5,0,0.0,False,0.0434728614825574,0.434728614825574
C1483$@DOM1,25,5,0,0.0,False,0.0434728614825574,0.434728614825574
C4662$@DOM1,25,5,0,0.0,False,0.0434728614825574,0.434728614825574
C3159$@DOM1,25,5,0,0.0,False,0.0434728614825574,0.434728614825574
C113$@DOM1,25,5,0,0.0,False,0.0434728614825574,0.434728614825574
U97@DOM1,25,5,0,0.0,False,0.0434728614825574,0.434728614825574
U926@DOM1,25,5,0,0.0,False,0.0434728614825574,0.434728614825574
C1042$@DOM1,19,3,0,0.0,False,0.0432073563115908,0.43207356311590794
C1008$@DOM1,19,3,0,0.0,False,0.0432073563115908,0.43207356311590794
C3399$@DOM1,19,3,0,0.0,False,0.0432073563115908,0.43207356311590794
C1993$@DOM1,19,3,0,0.0,False,0.0432073563115908,0.43207356311590794
U431@DOM1,19,3,0,0.0,False,0.0432073563115908,0.43207356311590794
U829@DOM1,19,3,0,0.0,False,0.0432073563115908,0.43207356311590794
U806@DOM1,19,3,0,0.0,False,0.0432073563115908,0.43207356311590794
C1810$@DOM1,23,4,0,0.0,False,0.0417843878991527,0.41784387899152703
C308$@DOM1,23,4,0,0.0,False,0.0417843878991527,0.41784387899152703
U383@DOM1,23,4,0,0.0,False,0.0417843878991527,0.41784387899152703
C1928$@DOM1,23,4,0,0.0,False,0.0417843878991527,0.41784387899152703
C1050$@DOM1,23,4,0,0.0,False,0.0417843878991527,0.41784387899152703
C3684$@DOM1,23,4,0,0.0,False,0.0417843878991527,0.41784387899152703
U667@DOM1,23,4,0,0.0,False,0.0417843878991527,0.41784387899152703
C4023$@DOM1,23,4,0,0.0,False,0.0417843878991527,0.41784387899152703
U487@DOM1,23,4,0,0.0,False,0.0417843878991527,0.41784387899152703
C2079$@DOM1,23,4,0,0.0,False,0.0417843878991527,0.41784387899152703
C618$@DOM1,23,5,0,0.0,False,0.0415390907871137,0.415390907871137
C1580$@DOM1,23,5,0,0.0,False,0.0415390907871137,0.415390907871137
U437@DOM1,23,5,0,0.0,False,0.0415390907871137,0.415390907871137
U100@DOM1,14,4,0,0.0,False,0.0414961618210013,0.414961618210013
C536$@DOM1,14,4,0,0.0,False,0.0414961618210013,0.414961618210013
C2583$@DOM1,14,4,0,0.0,False,0.0414961618210013,0.414961618210013
C102$@DOM1,29,5,0,0.0,False,0.041234698803526,0.41234698803526004
C149$@DOM1,29,5,0,0.0,False,0.041234698803526,0.41234698803526004
C1155$@DOM1,29,5,0,0.0,False,0.041234698803526,0.41234698803526004
C3450$@DOM1,29,5,0,0.0,False,0.041234698803526,0.41234698803526004
C2899$@DOM1,29,5,0,0.0,False,0.041234698803526,0.41234698803526004
C3938$@DOM1,29,5,0,0.0,False,0.041234698803526,0.41234698803526004
C509$@DOM1,29,5,0,0.0,False,0.041234698803526,0.41234698803526004
C3279$@DOM1,29,5,0,0.0,False,0.041234698803526,0.41234698803526004
C2150$@DOM1,29,5,0,0.0,False,0.041234698803526,0.41234698803526004
C5242$@DOM1,26,5,0,0.0,False,0.0406676213123189,0.406676213123189
U1319@DOM1,26,5,0,0.0,False,0.0406676213123189,0.406676213123189
C5014$@DOM1,26,5,0,0.0,False,0.0406676213123189,0.406676213123189
U12@DOM1,26,5,0,0.0,False,0.0406676213123189,0.406676213123189
C430$@DOM1,26,5,0,0.0,False,0.0406676213123189,0.406676213123189
C213$@DOM1,15,4,0,0.0,False,0.0405638932260289,0.405638932260289
C5115$@DOM1,15,4,0,0.0,False,0.0405638932260289,0.405638932260289
U369@DOM1,15,4,0,0.0,False,0.0405638932260289,0.405638932260289
C4260$@DOM1,15,4,0,0.0,False,0.0405638932260289,0.405638932260289
C3260$@DOM1,15,4,0,0.0,False,0.0405638932260289,0.405638932260289
U784@DOM1,15,4,0,0.0,False,0.0405638932260289,0.405638932260289
C3503$@DOM1,15,4,0,0.0,False,0.0405638932260289,0.405638932260289
U1024@DOM1,15,4,0,0.0,False,0.0405638932260289,0.405638932260289
C768$@DOM1,27,5,0,0.0,False,0.0405359029500957,0.40535902950095704
C109$@DOM1,27,5,0,0.0,False,0.0405359029500957,0.40535902950095704
C2102$@DOM1,27,5,0,0.0,False,0.0405359029500957,0.40535902950095704
C3632$@DOM1,27,5,0,0.0,False,0.0405359029500957,0.40535902950095704
U1053@DOM1,27,5,0,0.0,False,0.0405359029500957,0.40535902950095704
C382$@DOM1,27,5,0,0.0,False,0.0405359029500957,0.40535902950095704
C857$@DOM1,27,5,0,0.0,False,0.0405359029500957,0.40535902950095704
C405$@DOM1,27,5,0,0.0,False,0.0405359029500957,0.40535902950095704
U301@DOM1,30,5,0,0.0,False,0.0397595284325065,0.39759528432506497
C1088$@DOM1,30,5,0,0.0,False,0.0397595284325065,0.39759528432506497
C2962$@DOM1,20,3,0,0.0,False,0.0389214903989965,0.389214903989965
C3601$@DOM1,20,3,0,0.0,False,0.0389214903989965,0.389214903989965
U982@DOM1,20,3,0,0.0,False,0.0389214903989965,0.389214903989965
U885@DOM1,21,5,0,0.0,False,0.0387001892226559,0.38700189222655895
U1248@DOM1,21,5,0,0.0,False,0.0387001892226559,0.38700189222655895
U1256@DOM1,21,5,0,0.0,False,0.0387001892226559,0.38700189222655895
C3586$@DOM1,21,5,0,0.0,False,0.0387001892226559,0.38700189222655895
C4313$@DOM1,21,5,0,0.0,False,0.0387001892226559,0.38700189222655895
C3539$@DOM1,21,5,0,0.0,False,0.0387001892226559,0.38700189222655895
C1994$@DOM1,21,5,0,0.0,False,0.0387001892226559,0.38700189222655895
C1519$@DOM1,24,4,0,0.0,False,0.0382179171510356,0.38217917151035596
U1290@DOM1,24,4,0,0.0,False,0.0382179171510356,0.38217917151035596
C4038$@DOM1,24,4,0,0.0,False,0.0382179171510356,0.38217917151035596
U1123@DOM1,24,4,0,0.0,False,0.0382179171510356,0.38217917151035596
C5139$@DOM1,24,4,0,0.0,False,0.0382179171510356,0.38217917151035596
U316@DOM1,24,4,0,0.0,False,0.0382179171510356,0.38217917151035596
C937$@DOM1,31,5,0,0.0,False,0.0361219664515286,0.361219664515286
C1565$@DOM1,31,5,0,0.0,False,0.0361219664515286,0.361219664515286
C957$@DOM1,31,5,0,0.0,False,0.0361219664515286,0.361219664515286
C1333$@DOM1,31,5,0,0.0,False,0.0361219664515286,0.361219664515286
C116$@DOM1,31,5,0,0.0,False,0.0361219664515286,0.361219664515286
C1468$@DOM1,31,5,0,0.0,False,0.0361219664515286,0.361219664515286
C436$@DOM1,6,3,0,0.0,False,0.0357162063650984,0.357162063650984
C1930$@DOM1,6,3,0,0.0,False,0.0357162063650984,0.357162063650984
C1543$@DOM1,6,3,0,0.0,False,0.0357162063650984,0.357162063650984
C145$@DOM1,6,3,0,0.0,False,0.0357162063650984,0.357162063650984
C2788$@DOM1,6,3,0,0.0,False,0.0357162063650984,0.357162063650984
C2236$@DOM1,6,3,0,0.0,False,0.0357162063650984,0.357162063650984
C3974$@DOM1,6,3,0,0.0,False,0.0357162063650984,0.357162063650984
C4005$@DOM1,6,3,0,0.0,False,0.0357162063650984,0.357162063650984
C2295$@DOM1,6,3,0,0.0,False,0.0357162063650984,0.357162063650984
C1084$@DOM1,6,3,0,0.0,False,0.0357162063650984,0.357162063650984
C2240$@DOM1,6,3,0,0.0,False,0.0357162063650984,0.357162063650984
C3801$@DOM1,6,3,0,0.0,False,0.0357162063650984,0.357162063650984
C3802$@DOM1,6,3,0,0.0,False,0.0357162063650984,0.357162063650984
C227$@DOM1,6,3,0,0.0,False,0.0357162063650984,0.357162063650984
U237@DOM1,6,3,0,0.0,False,0.0357162063650984,0.357162063650984
C2980$@DOM1,6,3,0,0.0,False,0.0357162063650984,0.357162063650984
C720$@DOM1,13,4,0,0.0,False,0.0356304950618937,0.35630495061893697
C1511$@DOM1,13,4,0,0.0,False,0.0356304950618937,0.35630495061893697
U950@DOM1,13,4,0,0.0,False,0.0356304950618937,0.35630495061893697
C1971$@DOM1,13,4,0,0.0,False,0.0356304950618937,0.35630495061893697
C5220$@DOM1,13,4,0,0.0,False,0.0356304950618937,0.35630495061893697
C5435$@DOM1,13,4,0,0.0,False,0.0356304950618937,0.35630495061893697
U968@DOM1,13,4,0,0.0,False,0.0356304950618937,0.35630495061893697
C3017$@DOM1,13,4,0,0.0,False,0.0356304950618937,0.35630495061893697
C795$@DOM1,13,4,0,0.0,False,0.0356304950618937,0.35630495061893697
C1554$@DOM1,20,5,0,0.0,False,0.0351521105675899,0.351521105675899
C2053$@DOM1,20,5,0,0.0,False,0.0351521105675899,0.351521105675899
C2725$@DOM1,20,5,0,0.0,False,0.0351521105675899,0.351521105675899
C5012$@DOM1,20,5,0,0.0,False,0.0351521105675899,0.351521105675899
C2287$@DOM1,20,5,0,0.0,False,0.0351521105675899,0.351521105675899
C134$@DOM1,20,5,0,0.0,False,0.0351521105675899,0.351521105675899
C3935$@DOM1,25,4,0,0.0,False,0.0349721484616025,0.34972148461602504
C2593$@DOM1,25,4,0,0.0,False,0.0349721484616025,0.34972148461602504
C4893$@DOM1,25,4,0,0.0,False,0.0349721484616025,0.34972148461602504
C3605$@DOM1,25,4,0,0.0,False,0.0349721484616025,0.34972148461602504
C2908$@DOM1,16,2,0,0.0,False,0.0349465229673713,0.349465229673713
C540$@DOM1,16,2,0,0.0,False,0.0349465229673713,0.349465229673713
C2674$@DOM1,16,2,0,0.0,False,0.0349465229673713,0.349465229673713
C3510$@DOM1,16,2,0,0.0,False,0.0349465229673713,0.349465229673713
U35@DOM1,16,2,0,0.0,False,0.0349465229673713,0.349465229673713
C4585$@DOM1,22,3,0,0.0,False,0.0343306737445875,0.34330673744587503
C3242$@DOM1,22,3,0,0.0,False,0.0343306737445875,0.34330673744587503
U1220@DOM1,22,3,0,0.0,False,0.0343306737445875,0.34330673744587503
U47@DOM1,22,3,0,0.0,False,0.0343306737445875,0.34330673744587503
C2893$@DOM1,22,3,0,0.0,False,0.0343306737445875,0.34330673744587503
C5181$@DOM1,21,3,0,0.0,False,0.0340006690007114,0.34000669000711403
U1222@DOM1,21,3,0,0.0,False,0.0340006690007114,0.34000669000711403
C5084$@DOM1,21,3,0,0.0,False,0.0340006690007114,0.34000669000711403
C742$@DOM1,21,3,0,0.0,False,0.0340006690007114,0.34000669000711403
C942$@DOM1,21,3,0,0.0,False,0.0340006690007114,0.34000669000711403
C1958$@DOM1,19,5,0,0.0,False,0.0336891214212963,0.336891214212963
U1375@DOM1,19,5,0,0.0,False,0.0336891214212963,0.336891214212963
U147@DOM1,19,5,0,0.0,False,0.0336891214212963,0.336891214212963
C1336$@DOM1,19,5,0,0.0,False,0.0336891214212963,0.336891214212963
U555@DOM1,19,5,0,0.0,False,0.0336891214212963,0.336891214212963
U943@DOM1,9,1,0,0.0,False,0.0330812768464848,0.330812768464848
ANONYMOUS LOGON@C2651,9,1,0,0.0,False,0.0330812768464848,0.330812768464848
C1888$@DOM1,9,1,0,0.0,False,0.0330812768464848,0.330812768464848
U201@DOM1,12,4,0,0.0,False,0.0327403066165904,0.327403066165904
C244$@DOM1,12,4,0,0.0,False,0.0327403066165904,0.327403066165904
C5866$@DOM1,12,4,0,0.0,False,0.0327403066165904,0.327403066165904
U449@DOM1,12,4,0,0.0,False,0.0327403066165904,0.327403066165904
C1238$@DOM1,32,5,0,0.0,False,0.0310275312353629,0.310275312353629
C1026$@DOM1,32,5,0,0.0,False,0.0310275312353629,0.310275312353629
U32@DOM1,32,5,0,0.0,False,0.0310275312353629,0.310275312353629
C1432$@DOM1,32,5,0,0.0,False,0.0310275312353629,0.310275312353629
C3541$@DOM1,32,5,0,0.0,False,0.0310275312353629,0.310275312353629
C874$@DOM1,32,5,0,0.0,False,0.0310275312353629,0.310275312353629
U315@DOM1,5,3,0,0.0,False,0.0302353775348948,0.302353775348948
U150@DOM1,5,3,0,0.0,False,0.0302353775348948,0.302353775348948
C4655$@DOM1,5,3,0,0.0,False,0.0302353775348948,0.302353775348948
C847$@DOM1,5,3,0,0.0,False,0.0302353775348948,0.302353775348948
C1835$@DOM1,5,3,0,0.0,False,0.0302353775348948,0.302353775348948
C624$@DOM1,5,3,0,0.0,False,0.0302353775348948,0.302353775348948
C900$@DOM1,5,3,0,0.0,False,0.0302353775348948,0.302353775348948
C160$@DOM1,5,3,0,0.0,False,0.0302353775348948,0.302353775348948
C2866$@DOM1,5,3,0,0.0,False,0.0302353775348948,0.302353775348948
C2780$@DOM1,5,3,0,0.0,False,0.0302353775348948,0.302353775348948
C916$@DOM1,5,3,0,0.0,False,0.0302353775348948,0.302353775348948
C4421$@DOM1,10,4,0,0.0,False,0.0275554837215885,0.275554837215885
U26@DOM1,10,4,0,0.0,False,0.0275554837215885,0.275554837215885
U296@DOM1,10,4,0,0.0,False,0.0275554837215885,0.275554837215885
C2614$@DOM1,27,4,0,0.0,False,0.0273277932071358,0.27327793207135803
C1307$@DOM1,27,4,0,0.0,False,0.0273277932071358,0.27327793207135803
U1391@DOM1,27,4,0,0.0,False,0.0273277932071358,0.27327793207135803
C3636$@DOM1,27,4,0,0.0,False,0.0273277932071358,0.27327793207135803
C1526$@DOM1,26,4,0,0.0,False,0.0269062694067113,0.26906269406711303
C2560$@DOM1,26,4,0,0.0,False,0.0269062694067113,0.26906269406711303
C542$@DOM1,26,4,0,0.0,False,0.0269062694067113,0.26906269406711303
U356@DOM1,26,4,0,0.0,False,0.0269062694067113,0.26906269406711303
C4210$@DOM1,26,4,0,0.0,False,0.0269062694067113,0.26906269406711303
C3103$@DOM1,26,4,0,0.0,False,0.0269062694067113,0.26906269406711303
C423$@DOM1,33,5,0,0.0,False,0.025054257868099,0.25054257868099
C1747$@DOM1,33,5,0,0.0,False,0.025054257868099,0.25054257868099
C212$@DOM1,33,5,0,0.0,False,0.025054257868099,0.25054257868099
C3042$@DOM1,28,4,0,0.0,False,0.0249452575408135,0.249452575408135
C1573$@DOM1,11,4,0,0.0,False,0.0243618856909537,0.243618856909537
C1062$@DOM1,11,4,0,0.0,False,0.0243618856909537,0.243618856909537
C1294$@DOM1,11,4,0,0.0,False,0.0243618856909537,0.243618856909537
C144$@DOM1,11,4,0,0.0,False,0.0243618856909537,0.243618856909537
C3131$@DOM1,11,4,0,0.0,False,0.0243618856909537,0.243618856909537
C4310$@DOM1,11,4,0,0.0,False,0.0243618856909537,0.243618856909537
U1453@DOM1,11,4,0,0.0,False,0.0243618856909537,0.243618856909537
C1165$@DOM1,18,5,0,0.0,False,0.0213964524991415,0.213964524991415
U1426@DOM1,18,5,0,0.0,False,0.0213964524991415,0.213964524991415
C4891$@DOM1,18,5,0,0.0,False,0.0213964524991415,0.213964524991415
C4589$@DOM1,18,5,0,0.0,False,0.0213964524991415,0.213964524991415
C1160$@DOM1,4,3,0,0.0,False,0.0209257549477102,0.209257549477102
C5528$@DOM1,4,3,0,0.0,False,0.0209257549477102,0.209257549477102
C4394$@DOM1,4,3,0,0.0,False,0.0209257549477102,0.209257549477102
C3992$@DOM1,34,5,0,0.0,False,0.0201534383449206,0.20153438344920602
C924$@DOM1,34,5,0,0.0,False,0.0201534383449206,0.20153438344920602
C173$@DOM1,34,5,0,0.0,False,0.0201534383449206,0.20153438344920602
C903$@DOM1,34,5,0,0.0,False,0.0201534383449206,0.20153438344920602
C3363$@DOM1,34,5,0,0.0,False,0.0201534383449206,0.20153438344920602
C1857$@DOM1,34,5,0,0.0,False,0.0201534383449206,0.20153438344920602
C4271$@DOM1,34,5,0,0.0,False,0.0201534383449206,0.20153438344920602
U25@DOM1,17,5,0,0.0,False,0.0197194868895731,0.197194868895731
C1181$@DOM1,17,5,0,0.0,False,0.0197194868895731,0.197194868895731
C52$@DOM1,17,5,0,0.0,False,0.0197194868895731,0.197194868895731
C4031$@DOM1,17,5,0,0.0,False,0.0197194868895731,0.197194868895731
C1847$@DOM1,18,2,0,0.0,False,0.0190603530765522,0.190603530765522
C3575$@DOM1,18,2,0,0.0,False,0.0190603530765522,0.190603530765522
C2722$@DOM1,18,2,0,0.0,False,0.0190603530765522,0.190603530765522
C13$@DOM1,29,4,0,0.0,False,0.0175082102077259,0.175082102077259
C4010$@DOM1,29,4,0,0.0,False,0.0175082102077259,0.175082102077259
U375@DOM1,24,3,0,0.0,False,0.0173714133511928,0.173714133511928
C4061$@DOM1,24,3,0,0.0,False,0.0173714133511928,0.173714133511928
U86@?,3,3,0,0.0,False,0.0161590055908233,0.161590055908233
C4497$@DOM1,3,3,0,0.0,False,0.0161590055908233,0.161590055908233
U226@DOM1,3,3,0,0.0,False,0.0161590055908233,0.161590055908233
C357$@DOM1,10,1,0,0.0,False,0.0155430951577892,0.155430951577892
C2922$@DOM1,10,1,0,0.0,False,0.0155430951577892,0.155430951577892
U352@DOM1,10,1,0,0.0,False,0.0155430951577892,0.155430951577892
C5919$@DOM1,10,1,0,0.0,False,0.0155430951577892,0.155430951577892
U1862@DOM1,10,1,0,0.0,False,0.0155430951577892,0.155430951577892
C1710$@DOM1,10,1,0,0.0,False,0.0155430951577892,0.155430951577892
C1903$@DOM1,10,1,0,0.0,False,0.0155430951577892,0.155430951577892
C4388$@DOM1,28,6,0,0.0,False,0.0152412369173439,0.152412369173439
C1431$@DOM1,28,6,0,0.0,False,0.0152412369173439,0.152412369173439
C1507$@DOM1,28,6,0,0.0,False,0.0152412369173439,0.152412369173439
C3776$@DOM1,28,6,0,0.0,False,0.0152412369173439,0.152412369173439
C885$@DOM1,20,2,0,0.0,False,0.013914765648005,0.13914765648005
C1970$@DOM1,20,2,0,0.0,False,0.013914765648005,0.13914765648005
C3068$@DOM1,25,3,0,0.0,False,0.0128514633419276,0.128514633419276
C3157$@DOM1,25,3,0,0.0,False,0.0128514633419276,0.128514633419276
U631@DOM1,29,6,0,0.0,False,0.0121990983704362,0.121990983704362
U1367@DOM1,29,6,0,0.0,False,0.0121990983704362,0.121990983704362
C2257$@DOM1,29,6,0,0.0,False,0.0121990983704362,0.121990983704362
C456$@DOM1,29,6,0,0.0,False,0.0121990983704362,0.121990983704362
C2654$@DOM1,8,4,0,0.0,False,0.0118842111112003,0.11884211111200299
U6001@DOM1,8,4,0,0.0,False,0.0118842111112003,0.11884211111200299
U10476@DOM1,8,4,0,0.0,False,0.0118842111112003,0.11884211111200299
C1771$@DOM1,30,4,0,0.0,False,0.0114225170216238,0.114225170216238
C3907$@DOM1,30,4,0,0.0,False,0.0114225170216238,0.114225170216238
C713$@DOM1,30,4,0,0.0,False,0.0114225170216238,0.114225170216238
C3144$@DOM1,35,5,0,0.0,False,0.0112376854011567,0.11237685401156701
U1219@DOM1,35,5,0,0.0,False,0.0112376854011567,0.11237685401156701
C762$@DOM1,31,6,0,0.0,False,0.0111657073493141,0.11165707349314101
C772$@DOM1,31,6,0,0.0,False,0.0111657073493141,0.11165707349314101
C551$@DOM1,31,6,0,0.0,False,0.0111657073493141,0.11165707349314101
C1825$@DOM1,31,6,0,0.0,False,0.0111657073493141,0.11165707349314101
C1154$@DOM1,31,6,0,0.0,False,0.0111657073493141,0.11165707349314101
U143@DOM1,31,6,0,0.0,False,0.0111657073493141,0.11165707349314101
C2233$@DOM1,26,3,0,0.0,False,0.0107757722341732,0.10775772234173199
C1703$@DOM1,26,3,0,0.0,False,0.0107757722341732,0.10775772234173199
U189@DOM1,26,3,0,0.0,False,0.0107757722341732,0.10775772234173199
C1004$@DOM1,30,6,0,0.0,False,0.0100848759390839,0.100848759390839
C3514$@DOM1,30,6,0,0.0,False,0.0100848759390839,0.100848759390839
C1508$@DOM1,30,6,0,0.0,False,0.0100848759390839,0.100848759390839
U176@DOM1,21,2,0,0.0,False,0.0096922838221819,0.096922838221819
C1035$@DOM1,21,2,0,0.0,False,0.0096922838221819,0.096922838221819
U293@DOM1,25,6,0,0.0,False,0.0086431704136356,0.08643170413635601
U519@DOM1,25,6,0,0.0,False,0.0086431704136356,0.08643170413635601
C1964$@DOM1,25,6,0,0.0,False,0.0086431704136356,0.08643170413635601
U451@DOM1,25,6,0,0.0,False,0.0086431704136356,0.08643170413635601
C1579$@DOM1,25,6,0,0.0,False,0.0086431704136356,0.08643170413635601
C1337$@DOM1,25,6,0,0.0,False,0.0086431704136356,0.08643170413635601
U932@DOM1,16,5,0,0.0,False,0.0085819453080105,0.085819453080105
U161@DOM1,16,5,0,0.0,False,0.0085819453080105,0.085819453080105
C11$@DOM1,31,4,0,0.0,False,0.0085196926486834,0.085196926486834
C2321$@DOM1,31,4,0,0.0,False,0.0085196926486834,0.085196926486834
C867$@DOM1,31,4,0,0.0,False,0.0085196926486834,0.085196926486834
C3591$@DOM1,36,5,0,0.0,False,0.0085194071565659,0.085194071565659
C411$@DOM1,36,5,0,0.0,False,0.0085194071565659,0.085194071565659
C5902$@DOM1,36,5,0,0.0,False,0.0085194071565659,0.085194071565659
C1291$@DOM1,36,5,0,0.0,False,0.0085194071565659,0.085194071565659
C1398$@DOM1,36,5,0,0.0,False,0.0085194071565659,0.085194071565659
C1127$@DOM1,36,5,0,0.0,False,0.0085194071565659,0.085194071565659
C20$@DOM1,34,6,0,0.0,False,0.0082600459628553,0.082600459628553
C2602$@DOM1,34,6,0,0.0,False,0.0082600459628553,0.082600459628553
C894$@DOM1,34,6,0,0.0,False,0.0082600459628553,0.082600459628553
U466@DOM1,34,6,0,0.0,False,0.0082600459628553,0.082600459628553
C2991$@DOM1,32,6,0,0.0,False,0.0081520197824046,0.08152019782404599
C1642$@DOM1,22,2,0,0.0,False,0.0077848965881476,0.07784896588147601
C1223$@DOM1,27,6,0,0.0,False,0.0067860526497032,0.067860526497032
U334@DOM1,27,6,0,0.0,False,0.0067860526497032,0.067860526497032
C1059$@DOM1,27,6,0,0.0,False,0.0067860526497032,0.067860526497032
C831$@DOM1,27,6,0,0.0,False,0.0067860526497032,0.067860526497032
U199@DOM1,33,6,0,0.0,False,0.0067463235425961,0.067463235425961
C976$@DOM1,33,6,0,0.0,False,0.0067463235425961,0.067463235425961
U318@DOM1,15,5,0,0.0,False,0.006543408824162,0.06543408824162
U5@DOM1,26,6,0,0.0,False,0.0064449044431623,0.064449044431623
C4144$@DOM1,28,3,0,0.0,False,0.0058891871991347,0.058891871991346996
C3670$@DOM1,28,3,0,0.0,False,0.0058891871991347,0.058891871991346996
C2284$@DOM1,28,3,0,0.0,False,0.0058891871991347,0.058891871991346996
C3336$@DOM1,28,3,0,0.0,False,0.0058891871991347,0.058891871991346996
U36@C936,11,1,0,0.0,False,0.0056503071487503,0.056503071487503
U33@C185,11,1,0,0.0,False,0.0056503071487503,0.056503071487503
C765$@DOM1,11,1,0,0.0,False,0.0056503071487503,0.056503071487503
C5450$@DOM1,14,5,0,0.0,False,0.0048650558763579,0.048650558763579
C1936$@DOM1,14,5,0,0.0,False,0.0048650558763579,0.048650558763579
U194@DOM1,35,6,0,0.0,False,0.0039458992333831,0.039458992333831
C893$@DOM1,35,6,0,0.0,False,0.0039458992333831,0.039458992333831
C2039$@DOM1,35,6,0,0.0,False,0.0039458992333831,0.039458992333831
C478$@DOM1,35,6,0,0.0,False,0.0039458992333831,0.039458992333831
U222@DOM1,35,6,0,0.0,False,0.0039458992333831,0.039458992333831
U992@DOM1,24,6,0,0.0,False,0.0038998550059523,0.038998550059523004
C1385$@DOM1,24,6,0,0.0,False,0.0038998550059523,0.038998550059523004
U96@DOM1,24,6,0,0.0,False,0.0038998550059523,0.038998550059523004
C2072$@DOM1,29,3,0,0.0,False,0.0029290729788831,0.029290729788831002
U1227@DOM1,22,6,0,0.0,False,0.0022389579598063,0.022389579598063
C5071$@DOM1,23,6,0,0.0,False,0.0021721776870945,0.021721776870945002
C4003$@DOM1,30,3,0,0.0,False,0.0015187843714569,0.015187843714569
C3667$@DOM1,30,3,0,0.0,False,0.0015187843714569,0.015187843714569
C2183$@DOM1,32,4,0,0.0,False,0.0011741270087795,0.011741270087795
C1750$@DOM1,32,4,0,0.0,False,0.0011741270087795,0.011741270087795
U664@DOM1,7,4,0,0.0,False,0.0008969157485811,0.008969157485811
U430@DOM1,7,4,0,0.0,False,0.0008969157485811,0.008969157485811
C1189$@DOM1,7,4,0,0.0,False,0.0008969157485811,0.008969157485811
C1898$@DOM1,7,4,0,0.0,False,0.0008969157485811,0.008969157485811
C1382$@DOM1,36,6,0,0.0,False,0.00011110998432,0.0011110998432
C1171$@DOM1,36,6,0,0.0,False,0.00011110998432,0.0011110998432
C2203$@DOM1,36,6,0,0.0,False,0.00011110998432,0.0011110998432
C348$@DOM1,38,5,0,0.0,True,-0.0001666649764799,-0.0016666497647989998
C2087$@DOM1,24,2,0,0.0,True,-0.0002038756162963,-0.002038756162963
C2475$@DOM1,24,2,0,0.0,True,-0.0002038756162963,-0.002038756162963
C30$@DOM1,37,6,0,0.0,True,-0.0018387862313847,-0.018387862313847002
U257@DOM1,37,6,0,0.0,True,-0.0018387862313847,-0.018387862313847002
C3532$@DOM1,31,3,0,0.0,True,-0.0024044979035126,-0.024044979035126
C2989$@DOM1,31,3,0,0.0,True,-0.0024044979035126,-0.024044979035126
C300$@DOM1,13,5,0,0.0,True,-0.0032489103462592,-0.032489103462592
C810$@DOM1,13,5,0,0.0,True,-0.0032489103462592,-0.032489103462592
C2119$@DOM1,32,3,0,0.0,True,-0.0037102512897491,-0.037102512897491
C2157$@DOM1,32,3,0,0.0,True,-0.0037102512897491,-0.037102512897491
C2521$@DOM1,32,3,0,0.0,True,-0.0037102512897491,-0.037102512897491
C2428$@DOM1,33,4,0,0.0,True,-0.0037465660814862,-0.037465660814862
C940$@DOM1,40,5,0,0.0,True,-0.0045918668777013,-0.045918668777013
U399@DOM5,12,1,0,0.0,True,-0.0056879554352551,-0.056879554352551
C2945$@DOM1,12,1,0,0.0,True,-0.0056879554352551,-0.056879554352551
C2029$@DOM1,12,1,0,0.0,True,-0.0056879554352551,-0.056879554352551
C2873$@DOM1,12,1,0,0.0,True,-0.0056879554352551,-0.056879554352551
C698$@DOM1,12,1,0,0.0,True,-0.0056879554352551,-0.056879554352551
U285@DOM1,12,5,0,0.0,True,-0.0063066109425422,-0.063066109425422
C1148$@DOM1,12,5,0,0.0,True,-0.0063066109425422,-0.063066109425422
C269$@DOM1,12,5,0,0.0,True,-0.0063066109425422,-0.063066109425422
C2993$@DOM1,33,3,0,0.0,True,-0.008739595768789,-0.08739595768789
U1137@DOM1,5,4,0,0.0,True,-0.0099616635262057,-0.099616635262057
U7003@DOM1,5,4,0,0.0,True,-0.0099616635262057,-0.099616635262057
U250@DOM1,20,6,0,0.0,True,-0.0109949085257925,-0.10994908525792499
U1388@DOM1,20,6,0,0.0,True,-0.0109949085257925,-0.10994908525792499
C1509$@DOM1,28,2,0,0.0,True,-0.0113026800139226,-0.113026800139226
C3600$@DOM1,42,5,0,0.0,True,-0.0116167099736823,-0.11616709973682302
U10770@DOM1,10,5,0,0.0,True,-0.0117226446792034,-0.11722644679203399
C311$@DOM1,38,6,0,0.0,True,-0.0119592447726101,-0.119592447726101
C445$@DOM1,38,6,0,0.0,True,-0.0119592447726101,-0.119592447726101
C165$@DOM1,38,6,0,0.0,True,-0.0119592447726101,-0.119592447726101
C788$@DOM1,38,6,0,0.0,True,-0.0119592447726101,-0.119592447726101
C247$@DOM1,34,3,0,0.0,True,-0.0135455271696094,-0.135455271696094
C3596$@DOM1,34,3,0,0.0,True,-0.0135455271696094,-0.135455271696094
C2975$@DOM1,27,2,0,0.0,True,-0.0136690130059026,-0.136690130059026
C1570$@DOM1,11,5,0,0.0,True,-0.0138815916101102,-0.138815916101102
U645@DOM1,11,5,0,0.0,True,-0.0138815916101102,-0.138815916101102
C1586$@DOM1,30,2,0,0.0,True,-0.0167806141383072,-0.16780614138307198
U10410@DOM1,4,4,0,0.0,True,-0.0168706141762344,-0.168706141762344
U11346@DOM1,4,4,0,0.0,True,-0.0168706141762344,-0.168706141762344
U1839@DOM1,4,4,0,0.0,True,-0.0168706141762344,-0.168706141762344
C1492$@DOM1,18,6,0,0.0,True,-0.0169519765078486,-0.169519765078486
U400@C832,13,1,0,0.0,True,-0.0172569113731776,-0.172569113731776
U33@C155,13,1,0,0.0,True,-0.0172569113731776,-0.172569113731776
ANONYMOUS LOGON@C46,13,1,0,0.0,True,-0.0172569113731776,-0.172569113731776
U111@DOM1,32,2,0,0.0,True,-0.0177045104333701,-0.177045104333701
C5778$@DOM1,43,5,0,0.0,True,-0.0179864765568708,-0.179864765568708
C608$@DOM1,43,5,0,0.0,True,-0.0179864765568708,-0.179864765568708
U31@DOM1,39,6,0,0.0,True,-0.0186098736634273,-0.186098736634273
U23@DOM1,17,6,0,0.0,True,-0.0192197135318482,-0.192197135318482
C373$@DOM1,17,6,0,0.0,True,-0.0192197135318482,-0.192197135318482
C2259$@DOM1,17,6,0,0.0,True,-0.0192197135318482,-0.192197135318482
U1106@DOM1,17,6,0,0.0,True,-0.0192197135318482,-0.192197135318482
C2096$@?,31,2,0,0.0,True,-0.0196839133912228,-0.19683913391222801
C920$@DOM1,38,4,0,0.0,True,-0.0213903270495419,-0.213903270495419
U90@DOM1,38,4,0,0.0,True,-0.0213903270495419,-0.213903270495419
U88@DOM1,40,6,0,0.0,True,-0.0217732933576133,-0.217732933576133
C1626$@DOM1,40,6,0,0.0,True,-0.0217732933576133,-0.217732933576133
C1247$@DOM1,40,6,0,0.0,True,-0.0217732933576133,-0.217732933576133
C4267$@DOM1,39,4,0,0.0,True,-0.0221547212914123,-0.221547212914123
C3598$@DOM1,48,5,0,0.0,True,-0.0246183449170304,-0.246183449170304
C1025$@DOM1,38,3,0,0.0,True,-0.0246865555071402,-0.246865555071402
U198@DOM1,14,1,0,0.0,True,-0.0250449620888462,-0.250449620888462
U91@DOM1,14,1,0,0.0,True,-0.0250449620888462,-0.250449620888462
U17@DOM3,14,1,0,0.0,True,-0.0250449620888462,-0.250449620888462
C2594$@DOM1,47,5,0,0.0,True,-0.0251283122408922,-0.251283122408922
C365$@DOM1,33,2,0,0.0,True,-0.0252435964685331,-0.252435964685331
U206@DOM1,33,2,0,0.0,True,-0.0252435964685331,-0.252435964685331
C718$@DOM1,14,6,0,0.0,True,-0.0282834625832977,-0.282834625832977
U1733@DOM1,40,3,0,0.0,True,-0.028514956605069,-0.28514956605069
C967$@DOM1,34,2,0,0.0,True,-0.028643774882486,-0.28643774882486
C4187$@DOM1,43,6,0,0.0,True,-0.0329823095078303,-0.329823095078303
U151@DOM1,43,6,0,0.0,True,-0.0329823095078303,-0.329823095078303
C3526$@DOM1,43,6,0,0.0,True,-0.0329823095078303,-0.329823095078303
C2650$@DOM1,42,3,0,0.0,True,-0.0335260886473839,-0.335260886473839
C1145$@DOM1,44,6,0,0.0,True,-0.0358453375313905,-0.358453375313905
C2297$@DOM1,15,1,0,0.0,True,-0.0379706083745201,-0.379706083745201
C2025$@DOM1,39,2,0,0.0,True,-0.0384267307056148,-0.38426730705614803
C1268$@DOM1,12,6,0,0.0,True,-0.0392723952686568,-0.392723952686568
U171@DOM1,50,4,0,0.0,True,-0.0405869280655246,-0.405869280655246
U164@DOM1,46,3,0,0.0,True,-0.0419224946670105,-0.419224946670105
U202@DOM1,16,1,0,0.0,True,-0.0440545375913609,-0.44054537591360904
U1770@DOM1,16,1,0,0.0,True,-0.0440545375913609,-0.44054537591360904
C1559$@DOM1,33,7,0,0.0,True,-0.0445425280859773,-0.445425280859773
C2653$@DOM1,44,2,0,0.0,True,-0.0450580458369912,-0.45058045836991195
C832$@DOM1,42,2,0,0.0,True,-0.0451307737113126,-0.451307737113126
C455$@DOM1,34,7,0,0.0,True,-0.0456660100135967,-0.45666010013596703
C749$@DOM1,34,7,0,0.0,True,-0.0456660100135967,-0.45666010013596703
C980$@DOM1,32,7,0,0.0,True,-0.0461008219035919,-0.46100821903591904
C905$@DOM1,32,7,0,0.0,True,-0.0461008219035919,-0.46100821903591904
U4684@DOM1,10,6,0,0.0,True,-0.0463667883693895,-0.463667883693895
U9830@DOM1,10,6,0,0.0,True,-0.0463667883693895,-0.463667883693895
U1046@DOM1,10,6,0,0.0,True,-0.0463667883693895,-0.463667883693895
U1055@DOM1,10,6,0,0.0,True,-0.0463667883693895,-0.463667883693895
U8070@DOM1,10,6,0,0.0,True,-0.0463667883693895,-0.463667883693895
U21@DOM1,10,6,0,0.0,True,-0.0463667883693895,-0.463667883693895
U8195@DOM1,10,6,0,0.0,True,-0.0463667883693895,-0.463667883693895
U287@DOM1,31,7,0,0.0,True,-0.0472868987770775,-0.472868987770775
C1824$@DOM1,31,7,0,0.0,True,-0.0472868987770775,-0.472868987770775
C1562$@DOM1,31,7,0,0.0,True,-0.0472868987770775,-0.472868987770775
U95@DOM1,18,1,0,0.0,True,-0.0487716693945623,-0.487716693945623
U33@C1700,18,1,0,0.0,True,-0.0487716693945623,-0.487716693945623
C2976$@DOM1,20,1,0,0.0,True,-0.0491236119435776,-0.49123611943577605
C1841$@DOM1,20,1,0,0.0,True,-0.0491236119435776,-0.49123611943577605
C1923$@DOM1,37,7,0,0.0,True,-0.0491433171121331,-0.491433171121331
C1270$@DOM1,37,7,0,0.0,True,-0.0491433171121331,-0.491433171121331
C2365$@DOM1,60,2,0,0.0,True,-0.0493873328701925,-0.493873328701925
C2322$@DOM1,60,2,0,0.0,True,-0.0493873328701925,-0.493873328701925
U15@DOM1,60,2,0,0.0,True,-0.0493873328701925,-0.493873328701925
C2073$@DOM1,60,2,0,0.0,True,-0.0493873328701925,-0.493873328701925
C2096$@DOM1,60,2,0,0.0,True,-0.0493873328701925,-0.493873328701925
C1852$@DOM1,60,2,0,0.0,True,-0.0493873328701925,-0.493873328701925
C1916$@DOM1,60,2,0,0.0,True,-0.0493873328701925,-0.493873328701925
C1910$@DOM1,60,2,0,0.0,True,-0.0493873328701925,-0.493873328701925
C2251$@DOM1,60,2,0,0.0,True,-0.0493873328701925,-0.493873328701925
C2491$@DOM1,60,2,0,0.0,True,-0.0493873328701925,-0.493873328701925
C2122$@DOM1,60,2,0,0.0,True,-0.0493873328701925,-0.493873328701925
C2311$@DOM1,60,2,0,0.0,True,-0.0493873328701925,-0.493873328701925
C2177$@DOM1,60,2,0,0.0,True,-0.0493873328701925,-0.493873328701925
C2248$@DOM1,60,2,0,0.0,True,-0.0493873328701925,-0.493873328701925
C1827$@DOM1,60,2,0,0.0,True,-0.0493873328701925,-0.493873328701925
C2100$@DOM1,60,2,0,0.0,True,-0.0493873328701925,-0.493873328701925
C1015$@DOM1,36,7,0,0.0,True,-0.0494610127608954,-0.494610127608954
C850$@DOM1,38,7,0,0.0,True,-0.0496273360789389,-0.496273360789389
C1208$@DOM1,30,7,0,0.0,True,-0.0497717170972876,-0.49771717097287604
C947$@DOM1,30,7,0,0.0,True,-0.0497717170972876,-0.49771717097287604
C1900$@DOM1,30,7,0,0.0,True,-0.0497717170972876,-0.49771717097287604
C892$@DOM1,35,7,0,0.0,True,-0.0498620792553664,-0.498620792553664
C812$@DOM1,35,7,0,0.0,True,-0.0498620792553664,-0.498620792553664
C414$@DOM1,28,7,0,0.0,True,-0.0498843537561817,-0.498843537561817
C835$@DOM1,28,7,0,0.0,True,-0.0498843537561817,-0.498843537561817
U68@DOM1,51,3,0,0.0,True,-0.0513721426854102,-0.513721426854102
U79@C1731,22,1,0,0.0,True,-0.0514444252610046,-0.514444252610046
C1777$@DOM1,59,2,0,0.0,True,-0.0520860209624883,-0.520860209624883
C1938$@DOM1,59,2,0,0.0,True,-0.0520860209624883,-0.520860209624883
C2279$@DOM1,61,2,0,0.0,True,-0.0521315126235004,-0.521315126235004
C2397$@DOM1,61,2,0,0.0,True,-0.0521315126235004,-0.521315126235004
C1912$@DOM1,61,2,0,0.0,True,-0.0521315126235004,-0.521315126235004
C88$@DOM1,39,7,0,0.0,True,-0.0521577920019834,-0.521577920019834
C4214$@DOM1,51,6,0,0.0,True,-0.0536536353999059,-0.536536353999059
C2391$@DOM1,62,2,0,0.0,True,-0.0557795001938262,-0.557795001938262
C2246$@DOM1,62,2,0,0.0,True,-0.0557795001938262,-0.557795001938262
C1850$@DOM1,62,2,0,0.0,True,-0.0557795001938262,-0.557795001938262
C2179$@DOM1,62,2,0,0.0,True,-0.0557795001938262,-0.557795001938262
C2275$@DOM1,62,2,0,0.0,True,-0.0557795001938262,-0.557795001938262
C79$@DOM1,42,7,0,0.0,True,-0.0565518451593737,-0.565518451593737
C1713$@DOM1,42,7,0,0.0,True,-0.0565518451593737,-0.565518451593737
C1989$@DOM1,52,2,0,0.0,True,-0.056813466885458,-0.56813466885458
C2499$@DOM1,57,2,0,0.0,True,-0.0577307811154704,-0.577307811154704
C2129$@DOM1,57,2,0,0.0,True,-0.0577307811154704,-0.577307811154704
C390$@DOM1,24,7,0,0.0,True,-0.0580164616385094,-0.580164616385094
C304$@DOM1,24,7,0,0.0,True,-0.0580164616385094,-0.580164616385094
U8127@DOM1,8,6,0,0.0,True,-0.0585349728853314,-0.585349728853314
U10464@DOM1,8,6,0,0.0,True,-0.0585349728853314,-0.585349728853314
U10969@DOM1,8,6,0,0.0,True,-0.0585349728853314,-0.585349728853314
U537@DOM1,8,6,0,0.0,True,-0.0585349728853314,-0.585349728853314
U179@DOM1,8,6,0,0.0,True,-0.0585349728853314,-0.585349728853314
C3568$@DOM1,53,2,0,0.0,True,-0.0587619696276955,-0.587619696276955
C1763$@DOM1,53,2,0,0.0,True,-0.0587619696276955,-0.587619696276955
C1688$@DOM1,53,2,0,0.0,True,-0.0587619696276955,-0.587619696276955
ANONYMOUS LOGON@C2106,24,1,0,0.0,True,-0.0588644429811826,-0.5886444298118261
U83@C1747,24,1,0,0.0,True,-0.0588644429811826,-0.5886444298118261
C387$@DOM1,53,6,0,0.0,True,-0.0589257647764859,-0.589257647764859
C1594$@DOM1,55,2,0,0.0,True,-0.0602595542732014,-0.602595542732014
U503@DOM1,22,7,0,0.0,True,-0.0603313597554874,-0.603313597554874
C2075$@DOM1,22,7,0,0.0,True,-0.0603313597554874,-0.603313597554874
C2350$@DOM1,49,2,0,0.0,True,-0.0610296115534803,-0.610296115534803
C2449$@DOM1,63,2,0,0.0,True,-0.0610492738915761,-0.610492738915761
C2336$@DOM1,63,2,0,0.0,True,-0.0610492738915761,-0.610492738915761
C2111$@DOM1,63,2,0,0.0,True,-0.0610492738915761,-0.610492738915761
C2403$@DOM1,63,2,0,0.0,True,-0.0610492738915761,-0.610492738915761
C2383$@DOM1,63,2,0,0.0,True,-0.0610492738915761,-0.610492738915761
C1982$@DOM1,56,2,0,0.0,True,-0.061485508979954,-0.61485508979954
C2070$@DOM1,56,2,0,0.0,True,-0.061485508979954,-0.61485508979954
C2175$@DOM1,56,2,0,0.0,True,-0.061485508979954,-0.61485508979954
C2523$@DOM1,56,2,0,0.0,True,-0.061485508979954,-0.61485508979954
C2167$@DOM1,56,2,0,0.0,True,-0.061485508979954,-0.61485508979954
C2374$@DOM1,56,2,0,0.0,True,-0.061485508979954,-0.61485508979954
C1635$@DOM1,56,2,0,0.0,True,-0.061485508979954,-0.61485508979954
C1620$@DOM1,56,2,0,0.0,True,-0.061485508979954,-0.61485508979954
C2133$@DOM1,56,2,0,0.0,True,-0.061485508979954,-0.61485508979954
ANONYMOUS LOGON@C528,25,1,0,0.0,True,-0.062181071994502,-0.62181071994502
C191$@DOM1,43,7,0,0.0,True,-0.0624885192700072,-0.624885192700072
C3681$@DOM1,54,6,0,0.0,True,-0.0635082750368872,-0.6350827503688721
C2411$@DOM1,64,2,0,0.0,True,-0.0655868501354375,-0.655868501354375
C2455$@DOM1,64,2,0,0.0,True,-0.0655868501354375,-0.655868501354375
C2477$@DOM1,64,2,0,0.0,True,-0.0655868501354375,-0.655868501354375
C2401$@DOM1,64,2,0,0.0,True,-0.0655868501354375,-0.655868501354375
C1996$@DOM1,64,2,0,0.0,True,-0.0655868501354375,-0.655868501354375
C2425$@DOM1,64,2,0,0.0,True,-0.0655868501354375,-0.655868501354375
C4100$@DOM1,56,6,0,0.0,True,-0.0658170034733813,-0.6581700347338131
C4013$@DOM1,56,6,0,0.0,True,-0.0658170034733813,-0.6581700347338131
U102@DOM1,58,6,0,0.0,True,-0.0693287562566029,-0.693287562566029
C645$@DOM1,45,7,0,0.0,True,-0.0710027318773836,-0.710027318773836
C1466$@DOM1,45,7,0,0.0,True,-0.0710027318773836,-0.710027318773836
U731@DOM1,33,8,0,0.0,True,-0.071345110396606,-0.71345110396606
C4315$@DOM1,33,8,0,0.0,True,-0.071345110396606,-0.71345110396606
U20@DOM1,34,8,0,0.0,True,-0.0714810798758053,-0.7148107987580531
U573@DOM1,17,7,0,0.0,True,-0.0717617890170594,-0.7176178901705941
C4327$@DOM1,17,7,0,0.0,True,-0.0717617890170594,-0.7176178901705941
ANONYMOUS LOGON@C2606,28,1,0,0.0,True,-0.0721682254450543,-0.721682254450543
U101@DOM1,27,1,0,0.0,True,-0.0731777778786001,-0.7317777787860009
C3647$@DOM1,46,7,0,0.0,True,-0.0738108577746252,-0.738108577746252
C114$@DOM1,48,7,0,0.0,True,-0.0746462340585776,-0.7464623405857761
C597$@DOM1,37,8,0,0.0,True,-0.0751729017830756,-0.7517290178307561
C1157$@DOM1,31,8,0,0.0,True,-0.0762814540683228,-0.7628145406832281
U1@DOM1,38,8,0,0.0,True,-0.0765160979605753,-0.765160979605753
U59@DOM1,32,1,0,0.0,True,-0.0765813708027791,-0.765813708027791
U41@DOM1,32,1,0,0.0,True,-0.0765813708027791,-0.765813708027791
U107@DOM1,32,1,0,0.0,True,-0.0765813708027791,-0.765813708027791
U155@DOM1,32,1,0,0.0,True,-0.0765813708027791,-0.765813708027791
U156@DOM1,32,1,0,0.0,True,-0.0765813708027791,-0.765813708027791
U108@DOM1,32,1,0,0.0,True,-0.0765813708027791,-0.765813708027791
U157@DOM1,32,1,0,0.0,True,-0.0765813708027791,-0.765813708027791
U70@DOM1,32,1,0,0.0,True,-0.0765813708027791,-0.765813708027791
C2649$@DOM1,32,1,0,0.0,True,-0.0765813708027791,-0.765813708027791
U71@DOM1,32,1,0,0.0,True,-0.0765813708027791,-0.765813708027791
U74@DOM1,32,1,0,0.0,True,-0.0765813708027791,-0.765813708027791
U72@DOM1,32,1,0,0.0,True,-0.0765813708027791,-0.765813708027791
U2483@DOM1,31,1,0,0.0,True,-0.0769635117505462,-0.7696351175054621
U158@DOM1,31,1,0,0.0,True,-0.0769635117505462,-0.7696351175054621
U159@DOM1,31,1,0,0.0,True,-0.0769635117505462,-0.7696351175054621
U160@DOM1,31,1,0,0.0,True,-0.0769635117505462,-0.7696351175054621
C2443$@DOM1,65,2,0,0.0,True,-0.0771464903422005,-0.771464903422005
C2345$@DOM1,65,2,0,0.0,True,-0.0771464903422005,-0.771464903422005
C2380$@DOM1,65,2,0,0.0,True,-0.0771464903422005,-0.771464903422005
C2441$@DOM1,65,2,0,0.0,True,-0.0771464903422005,-0.771464903422005
C1220$@DOM1,29,8,0,0.0,True,-0.0771484569741378,-0.771484569741378
C1734$@DOM1,29,8,0,0.0,True,-0.0771484569741378,-0.771484569741378
C2955$@DOM1,40,8,0,0.0,True,-0.0779866937605952,-0.7798669376059519
C3609$@DOM1,49,7,0,0.0,True,-0.0782665183378525,-0.782665183378525
C807$@DOM1,49,7,0,0.0,True,-0.0782665183378525,-0.782665183378525
C2223$@DOM1,66,2,0,0.0,True,-0.0793356916489566,-0.793356916489566
C2445$@DOM1,66,2,0,0.0,True,-0.0793356916489566,-0.793356916489566
C4137$@DOM1,51,7,0,0.0,True,-0.0812313869190409,-0.812313869190409
U788@DOM1,42,8,0,0.0,True,-0.0822638787371371,-0.822638787371371
C1282$@DOM1,43,8,0,0.0,True,-0.0858964143775354,-0.8589641437753539
C1678$@DOM1,13,7,0,0.0,True,-0.08625711002809,-0.8625711002809
U42@DOM1,71,2,0,0.0,True,-0.0875285931168556,-0.8752859311685559
C2273$@DOM1,72,2,0,0.0,True,-0.0905224850621773,-0.905224850621773
U603@DOM1,21,8,0,0.0,True,-0.0927707162218228,-0.927707162218228
C3556$@DOM1,50,8,0,0.0,True,-0.0955717395563126,-0.955717395563126
C422$@DOM1,46,8,0,0.0,True,-0.0959245716362753,-0.959245716362753
C2796$@DOM1,46,8,0,0.0,True,-0.0959245716362753,-0.959245716362753
U679@DOM1,46,8,0,0.0,True,-0.0959245716362753,-0.959245716362753
C1470$@DOM1,46,8,0,0.0,True,-0.0959245716362753,-0.959245716362753
ANONYMOUS LOGON@C625,38,1,0,0.0,True,-0.0966320968724654,-0.9663209687246541
U65@C1669,38,1,0,0.0,True,-0.0966320968724654,-0.9663209687246541
U119@DOM1,82,3,0,0.0,True,-0.0969501026206463,-0.969501026206463
ANONYMOUS LOGON@C1909,39,1,0,0.0,True,-0.0979319540496467,-0.9793195404964671
C186$@DOM1,52,8,0,0.0,True,-0.1008687491997855,-1.008687491997855
U1734@DOM1,77,6,0,0.0,True,-0.1025225527482956,-1.025225527482956
ANONYMOUS LOGON@C1065,45,1,0,0.0,True,-0.1081981143047325,-1.081981143047325
U10@DOM1,103,5,0,0.0,True,-0.1092448786280125,-1.092448786280125
U118@DOM1,95,3,0,0.0,True,-0.1101663514248144,-1.101663514248144
U52@DOM1,47,1,0,0.0,True,-0.1108475176212389,-1.108475176212389
U129@DOM1,48,1,0,0.0,True,-0.1108475176212389,-1.108475176212389
U200@DOM1,49,1,0,0.0,True,-0.1112901314384186,-1.112901314384186
U491@DOM1,12,8,0,0.0,True,-0.1125510427745558,-1.1255104277455579
C1167$@DOM1,57,8,0,0.0,True,-0.1133302236656379,-1.133302236656379
C2319$@DOM1,97,3,0,0.0,True,-0.1142487512631426,-1.142487512631426
C3584$@DOM1,46,9,0,0.0,True,-0.1145647753805544,-1.145647753805544
C3554$@DOM1,112,4,0,0.0,True,-0.1157265288617052,-1.157265288617052
U2@DOM1,100,3,0,0.0,True,-0.1158994053806076,-1.158994053806076
ANONYMOUS LOGON@C5919,61,1,0,0.0,True,-0.1162343178600526,-1.162343178600526
U8@DOM1,92,6,0,0.0,True,-0.1168101530689318,-1.168101530689318
U51@DOM1,55,1,0,0.0,True,-0.1171535174098836,-1.171535174098836
U87@DOM1,56,1,0,0.0,True,-0.1184950704259049,-1.184950704259049
U53@DOM1,104,3,0,0.0,True,-0.1190279831404735,-1.190279831404735
U109@DOM1,115,4,0,0.0,True,-0.1193023188385055,-1.193023188385055
C4071$@DOM1,70,7,0,0.0,True,-0.1214704558504379,-1.214704558504379
U13@DOM1,109,3,0,0.0,True,-0.1241080799316204,-1.241080799316204
C1640$@DOM1,127,5,0,0.0,True,-0.1308095451415245,-1.3080954514152452
C561$@DOM1,65,8,0,0.0,True,-0.1323001965158887,-1.3230019651588871
C3116$@DOM1,38,10,0,0.0,True,-0.1330789660860439,-1.3307896608604388
C4146$@DOM1,38,10,0,0.0,True,-0.1330789660860439,-1.3307896608604388
U1244@DOM1,38,10,0,0.0,True,-0.1330789660860439,-1.3307896608604388
C4181$@DOM1,42,10,0,0.0,True,-0.1344936141906977,-1.344936141906977
C2331$@DOM1,42,10,0,0.0,True,-0.1344936141906977,-1.344936141906977
C2783$@DOM1,42,10,0,0.0,True,-0.1344936141906977,-1.344936141906977
C2245$@DOM1,42,10,0,0.0,True,-0.1344936141906977,-1.344936141906977
C3547$@DOM1,42,10,0,0.0,True,-0.1344936141906977,-1.344936141906977
C3690$@DOM1,41,10,0,0.0,True,-0.1350473847407401,-1.350473847407401
C2892$@DOM1,44,10,0,0.0,True,-0.1377218189487223,-1.3772181894872229
C3692$@DOM1,69,8,0,0.0,True,-0.1382671224277809,-1.382671224277809
C3548$@DOM1,64,9,0,0.0,True,-0.1388682549549319,-1.3886825495493191
C4253$@DOM1,64,9,0,0.0,True,-0.1388682549549319,-1.3886825495493191
C2941$@DOM1,43,10,0,0.0,True,-0.1391051630573541,-1.391051630573541
C1998$@DOM1,43,10,0,0.0,True,-0.1391051630573541,-1.391051630573541
C2841$@DOM1,43,10,0,0.0,True,-0.1391051630573541,-1.391051630573541
C4055$@DOM1,46,10,0,0.0,True,-0.1412019043958368,-1.412019043958368
C3147$@DOM1,46,10,0,0.0,True,-0.1412019043958368,-1.412019043958368
C2358$@DOM1,48,10,0,0.0,True,-0.1412019043958368,-1.412019043958368
C1879$@DOM1,49,10,0,0.0,True,-0.1412019043958368,-1.412019043958368
C1985$@DOM1,48,10,0,0.0,True,-0.1412019043958368,-1.412019043958368
C3265$@DOM1,50,10,0,0.0,True,-0.1417501916320157,-1.4175019163201568
C2545$@DOM1,47,10,0,0.0,True,-0.1421285341265027,-1.421285341265027
C3033$@DOM1,47,10,0,0.0,True,-0.1421285341265027,-1.421285341265027
C3219$@DOM1,47,10,0,0.0,True,-0.1421285341265027,-1.421285341265027
C2710$@DOM1,94,7,0,0.0,True,-0.1426016388451368,-1.426016388451368
U33@C832,70,1,0,0.0,True,-0.1432218331971614,-1.432218331971614
C2092$@DOM1,67,9,0,0.0,True,-0.1463021592091286,-1.463021592091286
ANONYMOUS LOGON@C612,72,1,0,0.0,True,-0.1483489379572271,-1.483489379572271
C1677$@DOM1,70,9,0,0.0,True,-0.1495750690954673,-1.4957506909546732
ANONYMOUS LOGON@C529,77,1,0,0.0,True,-0.1502228206948536,-1.502228206948536
C2230$@DOM1,78,9,0,0.0,True,-0.1538059371754795,-1.538059371754795
C2982$@DOM1,58,10,0,0.0,True,-0.1555732744554518,-1.555732744554518
C1737$@DOM1,38,11,0,0.0,True,-0.1581824324142595,-1.581824324142595
C586$@DOM1,150,6,0,0.0,True,-0.1582986897429429,-1.582986897429429
ANONYMOUS LOGON@C467,86,1,0,0.0,True,-0.1587183352896841,-1.587183352896841
C395$@DOM1,113,7,0,0.0,True,-0.1591648613658196,-1.591648613658196
C625$@DOM1,171,4,0,0.0,True,-0.1598162336359774,-1.5981623363597741
ANONYMOUS LOGON@C457,98,1,0,0.0,True,-0.1649186500621823,-1.649186500621823
C528$@DOM1,175,5,0,0.0,True,-0.1689301312846439,-1.689301312846439
C1641$@DOM1,120,8,0,0.0,True,-0.1721839586053003,-1.7218395860530031
C466$@DOM1,112,9,0,0.0,True,-0.1765529184853888,-1.7655291848538879
U175@DOM1,36,13,0,0.0,True,-0.1790455237642144,-1.7904552376421439
U113@DOM1,121,1,0,0.0,True,-0.1810501706336501,-1.8105017063365008
C457$@DOM1,200,4,0,0.0,True,-0.1851776161815455,-1.851776161815455
U75@DOM1,227,2,0,0.0,True,-0.1867912470533149,-1.867912470533149
C467$@DOM1,198,5,0,0.0,True,-0.1870672275775491,-1.870672275775491
U472@DOM1,63,12,0,0.0,True,-0.1909896930697926,-1.909896930697926
U48@DOM1,206,5,0,0.0,True,-0.1931673251355203,-1.9316732513552028
C4027$@DOM1,84,11,0,0.0,True,-0.198477935112835,-1.98477935112835
U63@DOM1,244,4,0,0.0,True,-0.2012221431744859,-2.012221431744859
C3015$@DOM1,69,12,0,0.0,True,-0.20149457587622,-2.0149457587621997
C529$@DOM1,214,5,0,0.0,True,-0.2016101950629631,-2.016101950629631
U94@DOM1,252,3,0,0.0,True,-0.202564272549792,-2.02564272549792
C1646$@DOM1,97,11,0,0.0,True,-0.2035124838622505,-2.035124838622505
U34@DOM1,217,7,0,0.0,True,-0.2098216002496082,-2.098216002496082
C480$@DOM1,312,2,0,0.0,True,-0.2098653956512922,-2.098653956512922
U14@DOM1,235,5,0,0.0,True,-0.2124790736267402,-2.124790736267402
U19@DOM1,253,5,0,0.0,True,-0.2155526677858587,-2.155526677858587
C553$@DOM1,175,10,0,0.0,True,-0.217277144944136,-2.17277144944136
C988$@DOM1,112,12,0,0.0,True,-0.2203702565485127,-2.203702565485127
U24@DOM1,100,13,0,0.0,True,-0.2239947926741418,-2.2399479267414177
U4@DOM1,175,11,0,0.0,True,-0.2302483607782219,-2.302483607782219
C1727$@DOM1,97,14,0,0.0,True,-0.2318197021928643,-2.318197021928643
C1931$@DOM1,103,15,0,0.0,True,-0.2354985926985637,-2.3549859269856372
C585$@DOM1,471,2,0,0.0,True,-0.2394262192062455,-2.3942621920624547
U3@DOM1,188,12,0,0.0,True,-0.2434408463659595,-2.434408463659595
U7@DOM1,330,8,0,0.0,True,-0.2497733557634989,-2.497733557634989
C523$@DOM1,147,17,0,0.0,True,-0.2536174407128996,-2.5361744071289962
C101$@DOM1,195,13,0,0.0,True,-0.2546962910376562,-2.546962910376562
C1085$@DOM1,166,16,0,0.0,True,-0.2557766022213186,-2.557766022213186
C743$@DOM1,466,5,0,0.0,True,-0.2572071618652669,-2.572071618652669
C612$@DOM1,428,7,0,0.0,True,-0.2577488341218343,-2.577488341218343
C1065$@DOM1,488,5,0,0.0,True,-0.2593760515564854,-2.593760515564854
U78@DOM1,324,11,0,0.0,True,-0.2682243855912269,-2.682243855912269
ANONYMOUS LOGON@C586,847,1,0,0.0,True,-0.2709737491035976,-2.709737491035976
C1708$@DOM1,308,15,0,0.0,True,-0.2843009398318937,-2.843009398318937
C1794$@DOM1,351,14,0,0.0,True,-0.2916107037308801,-2.916107037308801
C538$@DOM1,386,15,0,0.0,True,-0.2950061870735023,-2.950061870735023
C1766$@DOM1,380,15,0,0.0,True,-0.2950061870735023,-2.950061870735023
C1114$@DOM1,695,13,0,0.0,True,-0.295573442286812,-2.9557344228681197
U22@DOM1,1692,12,0,0.0,True,-0.2984154824576472,-2.984154824576472
U6@DOM1,332,19,0,0.0,True,-0.2995549932991963,-2.9955499329919633
C567$@DOM1,490,14,0,0.0,True,-0.3006960471393642,-3.006960471393642
C1617$@DOM1,415,16,0,0.0,True,-0.3012671533367438,-3.0126715333674383
C123$@DOM1,503,15,0,0.0,True,-0.3018386460675077,-3.018386460675077
C104$@DOM1,622,15,0,0.0,True,-0.3047019168847034,-3.047019168847034
U292@DOM1,410,32,0,0.0,True,-0.3104575993532031,-3.104575993532031
C599$@DOM1,927,20,0,0.0,True,-0.3150902660423008,-3.1509026604230077
U66@DOM1,922,100,0,0.0,True,-0.3203320768082172,-3.203320768082172
